sample_size,num_bootstrap,plugin_est,act_plugin_val,correction_est,adj_correction_est
100,1000,1.0712925594397853,1.0,0.9612520605429098,0.979766687462414
100,1000,1.4131215188884805,1.0,1.3754632783011724,1.384947682982175
100,1000,1.3496503279520002,1.0,1.2609003846447389,1.2798061309975683
100,1000,1.7379263899608255,1.1,1.7379263899608253,1.7361049467196472
100,1000,1.3917680466428863,1.1,1.3870151390241143,1.389921498148045
100,1000,0.951099762891811,1.1,0.8941932638236385,0.9280169934226716
100,1000,1.1806398253630968,1.0,1.0771908070968483,1.1139336469189904
100,1000,1.138040721195918,1.1,1.0224374496365598,1.0892356956577869
100,1000,1.0890685868734375,1.1,1.0465115652353885,1.072285922897612
100,1000,1.1536322810984596,1.1,1.1004753450029323,1.1272070787298931
100,1000,1.1738817755491666,1.1,1.0827659596462076,1.108832361596653
100,1000,1.0564858938716872,1.1,1.0192425272826808,1.038922348035256
100,1000,1.0133964505961424,1.0,0.9168133599557172,0.9372925963542598
100,1000,0.821653140163277,1.1,0.7025468286903935,0.6494699482230089
100,1000,1.100079126914545,1.0,1.0527268710163848,1.0654301551942162
100,1000,1.3218611335708093,1.1,1.2880071151466923,1.3002038130925953
100,1000,1.1557527209409466,1.1,1.0636929437221745,1.082807920560886
100,1000,1.1609322028708675,1.0,1.0558054116003563,1.0819879274213149
100,1000,1.1319376953641376,1.1,1.0792369618232582,1.0940992968149326
100,1000,1.106692561868747,1.1,0.9665256054833476,0.9993267013220772
100,1000,1.0281239332504255,1.0,0.9615525944384744,0.97130681448461
100,1000,1.1482764280407485,1.0,1.1371931896588796,1.1374429167874656
100,1000,1.2347142727330251,1.0,1.1116967774007758,1.1272112977923334
100,1000,1.1197989244345443,1.0,1.050939650914683,1.0620089386033402
100,1000,1.019831553406971,1.1,0.9525129876299756,0.9819169355044436
100,1000,1.1037933893190912,1.0,0.9749120522444008,0.9983338446057474
100,1000,1.2465429829014498,1.0,1.1578913165616502,1.1770068465317287
100,1000,1.1104618317115014,1.1,1.0393383487904873,1.079788442367169
100,1000,1.2266007238188077,1.1,1.1209277345756887,1.135151343972874
100,1000,1.2138555251809349,1.0,1.165683856820334,1.18602334027869
100,1000,1.1900328697291749,1.0,1.0919685148837786,1.1151151541904312
100,1000,1.320885304481212,1.1,1.221067027405264,1.2716555875071134
100,1000,1.24022246679294,1.1,1.1427452968757297,1.1792611596338074
100,1000,1.422167631169332,1.0,1.3768784154285476,1.385502156220395
100,1000,1.1612479194036138,1.1,1.0817558434224903,1.1232834189752978
100,1000,0.9869565191270118,1.0,0.8903335380942231,0.914748616824207
100,1000,1.182161815387448,1.1,1.0600834534052337,1.0245359438253896
100,1000,1.2803719002494398,1.1,1.27395185388818,1.278031629790748
100,1000,1.4285361955588975,1.1,1.3591849087271437,1.3882620836608388
100,1000,1.1495956059283836,1.1,1.037424058039436,1.0610818777215656
100,1000,0.9300948865651502,1.1,0.8371586486988558,0.8519661141376289
100,1000,1.224607227415847,1.0,1.1375499462654373,1.171853010825178
100,1000,1.3489563418203918,1.0,1.2346178882236836,1.2648447284616189
100,1000,1.2454489928291173,1.1,1.202197528585976,1.218584018964907
100,1000,1.056955944087757,1.0,0.9738148075335612,0.9994831062965288
100,1000,1.2398013311053675,1.0,1.143085498789329,1.1770914533211108
100,1000,1.2749099545824556,1.0,1.244566156264107,1.263395291665777
100,1000,1.0406103604292212,1.1,0.946506769801848,0.994956450163357
100,1000,1.0836875278113411,1.0,0.996801225386798,1.0283235535535935
100,1000,0.9943565928519988,1.0,0.8717009479065959,0.864070764984163
100,1000,1.3373952374036098,1.1,1.2809368450776617,1.2966075977120903
100,1000,0.8879960903450477,1.1,0.7969841197268663,0.7935329218005768
100,1000,1.3878474183621865,1.1,1.2825064388116303,1.3138583226016247
100,1000,1.1848811874228289,1.1,1.1698595286135078,1.1731247223566683
100,1000,1.1979174577362626,1.1,1.1804355611295014,1.182866019489734
100,1000,0.936169911429871,1.1,0.8062965643833946,0.8064144442287466
100,1000,1.3970209329776682,1.1,1.3445652387339715,1.3744584828123232
100,1000,1.3464157171896158,1.1,1.3056791730661994,1.322683031577364
100,1000,1.079420422357635,1.0,1.060069258802785,1.0721089397109194
100,1000,1.0811251127749584,1.1,1.0401618609716092,1.0637808162251916
100,1000,1.2968250922467397,1.0,1.218150401718571,1.2277147753455206
100,1000,1.2620541733929962,1.0,1.2542208079719608,1.259248371447967
100,1000,1.3459529029656374,1.0,1.3113682479769666,1.3234906028965767
100,1000,1.255228482086341,1.1,1.1431607966089,1.1440796206696318
100,1000,0.9210428539126616,1.1,0.7941094433579657,0.8092142939364394
100,1000,0.9441386265025504,1.0,0.8674019594388332,0.8956857836924927
100,1000,1.2499804597079456,1.0,1.1689613577834637,1.2069544719325107
100,1000,0.9876345275972996,1.0,0.8939296755296771,0.8904583028576225
100,1000,1.2356112878890404,1.1,1.1376289579876464,1.1766756291992124
100,1000,1.069820876669461,1.1,1.000906611597033,1.0183422226258498
100,1000,1.226126913044454,1.0,1.1292382609360443,1.1515634669906842
100,1000,1.1895102087290614,1.1,1.0818028716759234,1.10924213269479
100,1000,1.2429508411551768,1.1,1.2142940785750127,1.2307668203102782
100,1000,0.9835253772838918,1.0,0.8799443880501915,0.91176005597241
100,1000,1.133546061201642,1.1,1.0263986285875497,1.041528513647101
100,1000,1.1558058315978137,1.1,1.0848855470845358,1.118042463890177
100,1000,1.4084984705337789,1.1,1.3790542310017246,1.3918196484261556
100,1000,1.111958022503528,1.1,1.0064431464308343,1.0149687384174635
100,1000,0.9546063285885868,1.1,0.8980079682567089,0.914224738694348
100,1000,1.135510352622651,1.1,1.1246217038712916,1.125168251122583
100,1000,1.4818417267607444,1.0,1.4396932208141466,1.440005402577443
100,1000,1.2137373910614184,1.0,1.1779180948250885,1.194854369871691
100,1000,1.137669865760804,1.0,1.0359639931016116,1.0698862443395205
100,1000,1.1112465214133649,1.1,1.0332280291435196,1.0547502728806644
100,1000,1.0744264881334282,1.0,0.9770983175117102,1.033515425146884
100,1000,1.5261596212258317,1.0,1.4308434239639487,1.490071026991531
100,1000,1.09341198673406,1.0,1.0113291468963468,1.039561187001898
100,1000,1.402421269869913,1.1,1.3867491616740832,1.3882187716873244
100,1000,1.277840485451314,1.1,1.1985446038368686,1.235645948844949
100,1000,1.409143077517646,1.1,1.3720905297151034,1.3813609371974844
100,1000,0.8608577789516749,1.1,0.727066994805913,0.7828000874906365
100,1000,1.3058647505454843,1.1,1.2443248712165276,1.266409329362923
100,1000,1.346498471900666,1.1,1.290940380541408,1.2956903351108813
100,1000,1.1788365677100603,1.1,1.1052909353037217,1.115619330815338
100,1000,1.129327069645962,1.0,1.001653961175701,1.0901647673849768
100,1000,1.0960020251587683,1.1,1.060205064111877,1.0840401453399482
100,1000,1.5367344296111525,1.1,1.5109932071505137,1.5227005456963922
100,1000,0.9710105424568828,1.1,0.840868499412677,0.823600738484421
100,1000,1.3427715489219123,1.1,1.254356627852495,1.2805160754964915
100,1000,0.9572998932912238,1.1,0.8574193268808017,0.8526560415327076
100,5000,1.199413854068541,1.0,1.0832708628882664,1.0466047725457914
100,5000,1.4131215188884805,1.0,1.3743933762622758,1.3917682627888237
100,5000,1.3496503279520002,1.0,1.2640841456087073,1.2884240588736973
100,5000,1.7379263899608255,1.1,1.737276106879554,1.737642479665201
100,5000,1.3917680466428863,1.1,1.3866247263738438,1.3888008779183594
100,5000,0.951099762891811,1.1,0.8905606294174463,0.9297279708865516
100,5000,1.1806398253630968,1.0,1.0789163056871331,1.1156751788760488
100,5000,1.138040721195918,1.1,1.026201725727138,1.087639226807724
100,5000,1.0890685868734375,1.1,1.046101495938144,1.0739287701757771
100,5000,1.1536322810984596,1.1,1.0959584249216152,1.1277128162721972
100,5000,1.1738817755491666,1.1,1.0829520553398675,1.1055541934142012
100,5000,1.0564858938716872,1.1,1.0210948582525952,1.0357658337305418
100,5000,1.0133964505961424,1.0,0.9173395614713092,0.937402813974276
100,5000,0.821653140163277,1.1,0.7039791651765691,0.6535459894417546
100,5000,1.100079126914545,1.0,1.0521034310198265,1.0655762921824046
100,5000,1.3218611335708093,1.1,1.2881100748810017,1.3011416845854882
100,5000,1.1557527209409466,1.1,1.0622560847078648,1.0784767263926045
100,5000,1.1609322028708675,1.0,1.055999616632426,1.0783037166145866
100,5000,1.1319376953641376,1.1,1.0808813885933113,1.092249573793331
100,5000,1.106692561868747,1.1,0.9688796114738414,1.0015032337568996
100,5000,1.0281239332504255,1.0,0.9605048009041725,0.9765827516732704
100,5000,1.1482764280407485,1.0,1.1357482150507885,1.1392604811089448
100,5000,1.2347142727330251,1.0,1.107828768604333,1.127336347518224
100,5000,1.1197989244345443,1.0,1.0494792337756371,1.070324262034754
100,5000,1.019831553406971,1.1,0.9504624279101076,0.9776573341552748
100,5000,1.1037933893190912,1.0,0.9748406577638514,0.9988376706729292
100,5000,1.2465429829014498,1.0,1.163780446168311,1.1774418734473595
100,5000,1.1104618317115014,1.1,1.0352990257810444,1.0791390483026708
100,5000,1.2266007238188077,1.1,1.118272882753592,1.142204172071979
100,5000,1.2138555251809349,1.0,1.16758674744751,1.1860002846372495
100,5000,1.1900328697291749,1.0,1.094969290016266,1.115719515923163
100,5000,1.320885304481212,1.1,1.2205962517413989,1.2716965582670348
100,5000,1.24022246679294,1.1,1.141539946074645,1.1698160340518249
100,5000,1.422167631169332,1.0,1.372787511590154,1.3866817247379075
100,5000,1.1612479194036138,1.1,1.0835901503571357,1.1151264076423797
100,5000,0.9869565191270118,1.0,0.8903366551271472,0.9185870031741548
100,5000,1.182161815387448,1.1,1.056766859926058,1.0413206216863269
100,5000,1.2803719002494398,1.1,1.2747553601911867,1.277526113984607
100,5000,1.4285361955588975,1.1,1.3609836152611314,1.388982238552803
100,5000,1.1495956059283836,1.1,1.036477003236599,1.0609925639618851
100,5000,0.9300948865651502,1.1,0.8326221318757077,0.8512636756356864
100,5000,1.224607227415847,1.0,1.1309249685876477,1.1747871593957122
100,5000,1.3489563418203918,1.0,1.2370064434102632,1.265393657272967
100,5000,1.2454489928291173,1.1,1.1972719088969577,1.2209119257500003
100,5000,1.056955944087757,1.0,0.9728603771171638,0.9980512649231696
100,5000,1.2398013311053675,1.0,1.1451394038716958,1.1855577709915288
100,5000,1.2749099545824556,1.0,1.2434250964040068,1.2648980781982493
100,5000,1.0406103604292212,1.1,0.9406913818625928,0.9964750171624456
100,5000,1.0836875278113411,1.0,0.9893398203353796,1.0277373763617537
100,5000,0.9943565928519988,1.0,0.8751670790531292,0.8697322942660302
100,5000,1.3373952374036098,1.1,1.287111902012234,1.2959952279935592
100,5000,0.8879960903450477,1.1,0.7928605757481739,0.8009736454824258
100,5000,1.3878474183621865,1.1,1.2872161743290296,1.31445606437775
100,5000,1.1848811874228289,1.1,1.1620042370226522,1.1719222442016923
100,5000,1.1979174577362626,1.1,1.1759638654929645,1.187953725995595
100,5000,0.936169911429871,1.1,0.8078021743819428,0.8154643306492372
100,5000,1.3970209329776682,1.1,1.344748364557172,1.3718556227507928
100,5000,1.3464157171896158,1.1,1.3052828073933969,1.3223373918168004
100,5000,1.079420422357635,1.0,1.0582633643525028,1.0699308906488845
100,5000,1.0811251127749584,1.1,1.0387008056863134,1.0620382051134956
100,5000,1.2968250922467397,1.0,1.2150879678205742,1.2212501519379164
100,5000,1.2620541733929962,1.0,1.2550394176222202,1.256171702052315
100,5000,1.3459529029656374,1.0,1.3123646205053343,1.3237151076855769
100,5000,1.255228482086341,1.1,1.1442258548419029,1.1508944179097804
100,5000,0.9210428539126616,1.1,0.7907790165826031,0.8133058242852614
100,5000,0.9441386265025504,1.0,0.8628968002869368,0.8929201923313679
100,5000,1.2499804597079456,1.0,1.1673168574041424,1.2087402523412152
100,5000,0.9876345275972996,1.0,0.8923004597751614,0.8894025920379159
100,5000,1.2356112878890404,1.1,1.1373963423914928,1.179825545223554
100,5000,1.069820876669461,1.1,0.9935871447577224,1.0148380493069653
100,5000,1.226126913044454,1.0,1.1323939246074295,1.1502213027950996
100,5000,1.1895102087290614,1.1,1.085896104561472,1.1111599172339863
100,5000,1.2429508411551768,1.1,1.215367771586067,1.2296314489483269
100,5000,0.9835253772838918,1.0,0.878342240091883,0.9145103177614132
100,5000,1.133546061201642,1.1,1.0278552551724358,1.0456038300259642
100,5000,1.1558058315978137,1.1,1.0870576245698118,1.1214797453926555
100,5000,1.4084984705337789,1.1,1.374421519415041,1.3884591132729176
100,5000,1.111958022503528,1.1,1.008504859132767,1.0191681410462992
100,5000,0.9546063285885868,1.1,0.8974715189855328,0.9178561047710164
100,5000,1.135510352622651,1.1,1.1207490762214982,1.1274909097416088
100,5000,1.4818417267607444,1.0,1.4336604587066986,1.4420115123119803
100,5000,1.2137373910614184,1.0,1.1797148442462737,1.195611787553873
100,5000,1.137669865760804,1.0,1.0352265701825287,1.0698433556184983
100,5000,1.1112465214133649,1.1,1.026030229113334,1.0557827823800738
100,5000,1.0744264881334282,1.0,0.9775026690609366,1.0325685810488567
100,5000,1.5261596212258317,1.0,1.4300508357271728,1.49030189308608
100,5000,1.09341198673406,1.0,1.0125264432225052,1.0415861524448782
100,5000,1.402421269869913,1.1,1.3847857449756518,1.3913888660464115
100,5000,1.277840485451314,1.1,1.1985341545811647,1.228522151619373
100,5000,1.409143077517646,1.1,1.3708825650250842,1.3844985409579849
100,5000,0.8608577789516749,1.1,0.7314513004448846,0.7875851660645875
100,5000,1.3058647505454843,1.1,1.2457807390225188,1.2700897365247212
100,5000,1.346498471900666,1.1,1.288003874959905,1.3069226683330906
100,5000,1.1788365677100603,1.1,1.0988366963878688,1.1142755480733009
100,5000,1.129327069645962,1.0,1.0078672764955168,1.08751025843151
100,5000,1.0960020251587683,1.1,1.0603513047745972,1.0855929140749374
100,5000,1.5367344296111525,1.1,1.5084966251915872,1.519437422663816
100,5000,0.9710105424568828,1.1,0.8426023385628483,0.831381902322373
100,5000,1.3427715489219123,1.1,1.259183902728167,1.2746830922250798
100,5000,0.9572998932912238,1.1,0.855835223332155,0.8547834640406933
100,10000,1.0425284420126462,1.1,0.9630619839046834,0.983288312699956
100,10000,1.4131215188884805,1.0,1.3769669063556045,1.3881757896185325
100,10000,1.3496503279520002,1.0,1.2663569368485454,1.2854699997782628
100,10000,1.7379263899608255,1.1,1.737384153894876,1.7377800532822705
100,10000,1.3917680466428863,1.1,1.386196690562031,1.3889849539112655
100,10000,0.951099762891811,1.1,0.8914498927903431,0.9279765609890738
100,10000,1.1806398253630968,1.0,1.0780790133146387,1.114916583876312
100,10000,1.138040721195918,1.1,1.0276247768243094,1.086106415144045
100,10000,1.0890685868734375,1.1,1.0459029197577117,1.0722723653546644
100,10000,1.1536322810984596,1.1,1.0971150032353951,1.1256393887676883
100,10000,1.1738817755491666,1.1,1.0815890279660063,1.109603037054795
100,10000,1.0564858938716872,1.1,1.0210610764163517,1.0354414565445291
100,10000,1.0133964505961424,1.0,0.91807176889682,0.9372606568821712
100,10000,0.821653140163277,1.1,0.703192848663884,0.6567409342313535
100,10000,1.100079126914545,1.0,1.0519593021287192,1.06633883818185
100,10000,1.3218611335708093,1.1,1.2873265067344837,1.3007233853659403
100,10000,1.1557527209409466,1.1,1.0635170585861056,1.077341429985876
100,10000,1.1609322028708675,1.0,1.0557505337206732,1.0729820769264051
100,10000,1.1319376953641376,1.1,1.0795246391716706,1.0912423622323624
100,10000,1.106692561868747,1.1,0.9701711854811852,1.0021447935874028
100,10000,1.0281239332504255,1.0,0.959941976752988,0.9776145614683298
100,10000,1.1482764280407485,1.0,1.13457791338403,1.1404684214105578
100,10000,1.2347142727330251,1.0,1.1077712944993272,1.1241592251696018
100,10000,1.1197989244345443,1.0,1.0500713614284147,1.0710876247984271
100,10000,1.019831553406971,1.1,0.9495588519205912,0.981049328314512
100,10000,1.1037933893190912,1.0,0.9740757025385894,0.9942641614396804
100,10000,1.2465429829014498,1.0,1.161744798980041,1.181078942550396
100,10000,1.1104618317115014,1.1,1.0369957056947523,1.0801139248218012
100,10000,1.2266007238188077,1.1,1.1195728851627695,1.1468683762973175
100,10000,1.2138555251809349,1.0,1.1662012735961884,1.1894471192720488
100,10000,1.1900328697291749,1.0,1.094973050236678,1.1145542026411663
100,10000,1.320885304481212,1.1,1.221302448043179,1.2719521789352477
100,10000,1.24022246679294,1.1,1.1416091821541274,1.1738536440649412
100,10000,1.422167631169332,1.0,1.3723932099277332,1.3895436789424864
100,10000,1.1612479194036138,1.1,1.0823275059482618,1.1157585414111897
100,10000,0.9869565191270118,1.0,0.8903567694177185,0.920057757099696
100,10000,1.182161815387448,1.1,1.0585611620971505,1.031281143650404
100,10000,1.2803719002494398,1.1,1.2755029095633843,1.2766210468976906
100,10000,1.4285361955588975,1.1,1.3617366036710448,1.389985059717164
100,10000,1.1495956059283836,1.1,1.0361105092337346,1.0643528350115434
100,10000,0.9300948865651502,1.1,0.8331038879062237,0.8494286728997958
100,10000,1.224607227415847,1.0,1.1318676250517343,1.1712627712607386
100,10000,1.3489563418203918,1.0,1.2374495204667746,1.2643209678992078
100,10000,1.2454489928291173,1.1,1.197464697604516,1.2209846727772518
100,10000,1.056955944087757,1.0,0.9731493141453444,1.005038288356561
100,10000,1.2398013311053675,1.0,1.144790123113938,1.1842074985749018
100,10000,1.2749099545824556,1.0,1.2433669362997604,1.2672341800301723
100,10000,1.0406103604292212,1.1,0.9394997979076358,0.9970973635774948
100,10000,1.0836875278113411,1.0,0.9883490858597312,1.029312662746677
100,10000,0.9943565928519988,1.0,0.8759257370267699,0.8683202706662534
100,10000,1.3373952374036098,1.1,1.286501526972872,1.2965912716793075
100,10000,0.8879960903450477,1.1,0.7940724984311984,0.7954432523117545
100,10000,1.3878474183621865,1.1,1.2857887114946822,1.319122948808825
100,10000,1.1848811874228289,1.1,1.1628930512420097,1.1731238679708091
100,10000,1.1979174577362626,1.1,1.1765975678054217,1.1880691989341912
100,10000,0.936169911429871,1.1,0.8086720856782271,0.8139336742104227
100,10000,1.3970209329776682,1.1,1.3427543034329152,1.3734548753533502
100,10000,1.3464157171896158,1.1,1.3045128032345077,1.3257956498649632
100,10000,1.079420422357635,1.0,1.057808410555497,1.0702411451734963
100,10000,1.0811251127749584,1.1,1.0388234138947103,1.0614596894042436
100,10000,1.2968250922467397,1.0,1.213440434184915,1.2279485220703512
100,10000,1.2620541733929962,1.0,1.2539116690398602,1.2570008664489194
100,10000,1.3459529029656374,1.0,1.3138110119617574,1.323025683482485
100,10000,1.255228482086341,1.1,1.144676674362813,1.147103068662358
100,10000,0.9210428539126616,1.1,0.7911786829032205,0.8086484460501542
100,10000,0.9441386265025504,1.0,0.8628082495318377,0.8915220466706837
100,10000,1.2499804597079456,1.0,1.1695720117019277,1.2090357956690772
100,10000,0.9876345275972996,1.0,0.891848932550903,0.8952214187931191
100,10000,1.2356112878890404,1.1,1.1373991286144545,1.1766032453538768
100,10000,1.069820876669461,1.1,0.993876453991316,1.0182361059511291
100,10000,1.226126913044454,1.0,1.1327423657797386,1.1512422789218923
100,10000,1.1895102087290614,1.1,1.0869188124376117,1.1043750729295074
100,10000,1.2429508411551768,1.1,1.2134845231686973,1.230334076641244
100,10000,0.9835253772838918,1.0,0.8789829258501725,0.9137013390060889
100,10000,1.133546061201642,1.1,1.0286258487007087,1.0421603096897107
100,10000,1.1558058315978137,1.1,1.0878288156750275,1.1210415094257682
100,10000,1.4084984705337789,1.1,1.372947033474883,1.390001519172757
100,10000,1.111958022503528,1.1,1.0094724130133397,1.017554332300738
100,10000,0.9546063285885868,1.1,0.898285289752107,0.9179285755185976
100,10000,1.135510352622651,1.1,1.11954159111371,1.1272947672007008
100,10000,1.4818417267607444,1.0,1.4315481429758456,1.4432661265834543
100,10000,1.2137373910614184,1.0,1.1791414893887764,1.1972903206978354
100,10000,1.137669865760804,1.0,1.0347341984733538,1.0696103616300547
100,10000,1.1112465214133649,1.1,1.0236930265032893,1.057442808123775
100,10000,1.0744264881334282,1.0,0.9739548424142044,1.0304605514095828
100,10000,1.5261596212258317,1.0,1.432746589341029,1.490007869923749
100,10000,1.09341198673406,1.0,1.0139299607176095,1.0415378591087354
100,10000,1.402421269869913,1.1,1.3855779765957066,1.3898361891886786
100,10000,1.277840485451314,1.1,1.1988628053455497,1.2275672318265056
100,10000,1.409143077517646,1.1,1.371041310729774,1.3855102823738263
100,10000,0.8608577789516749,1.1,0.7321115372800403,0.787066291704074
100,10000,1.3058647505454843,1.1,1.2458846068340952,1.2678827161750306
100,10000,1.346498471900666,1.1,1.2900911623583162,1.3084731557599836
100,10000,1.1788365677100603,1.1,1.0967834734705406,1.1213152403081172
100,10000,1.129327069645962,1.0,1.008566889072304,1.090513066227091
100,10000,1.0960020251587683,1.1,1.0621378695601231,1.083342460004633
100,10000,1.5367344296111525,1.1,1.5077106399118947,1.5179294699609895
100,10000,0.9710105424568828,1.1,0.8425458680344858,0.8294958398511963
100,10000,1.3427715489219123,1.1,1.2591755524295274,1.2739301709803912
100,10000,0.9572998932912238,1.1,0.8556375062197816,0.8578876975532549
100,15000,1.1917955130199274,1.0,1.1646383218135818,1.172326044359754
100,15000,1.4131215188884805,1.0,1.3763578405047516,1.389617568626568
100,15000,1.3496503279520002,1.0,1.2671111289432178,1.286620517130295
100,15000,1.7379263899608255,1.1,1.7374943398763856,1.7376411592912748
100,15000,1.3917680466428863,1.1,1.3863598779676838,1.3891296029235023
100,15000,0.951099762891811,1.1,0.890354988485777,0.928946323711924
100,15000,1.1806398253630968,1.0,1.0774934774849685,1.1144901035944272
100,15000,1.138040721195918,1.1,1.0268640074412434,1.0878484068621534
100,15000,1.0890685868734375,1.1,1.0450277215431123,1.0728340831678989
100,15000,1.1536322810984596,1.1,1.0974018447626324,1.1245165719080703
100,15000,1.1738817755491666,1.1,1.0817529985529124,1.1085914852610914
100,15000,1.0564858938716872,1.1,1.0209187618976128,1.0368128927732898
100,15000,1.0133964505961424,1.0,0.9176125930282574,0.9400462951233868
100,15000,0.821653140163277,1.1,0.7031833846246033,0.6580414022489393
100,15000,1.100079126914545,1.0,1.051886473827923,1.0667935966945197
100,15000,1.3218611335708093,1.1,1.286318753065912,1.3021841752345873
100,15000,1.1557527209409466,1.1,1.063108754786699,1.0783628229934838
100,15000,1.1609322028708675,1.0,1.054952828626084,1.0742398493877965
100,15000,1.1319376953641376,1.1,1.0793080973703375,1.0920590438015123
100,15000,1.106692561868747,1.1,0.970686234202226,1.0014397393907597
100,15000,1.0281239332504255,1.0,0.9601498647124482,0.9766575924215766
100,15000,1.1482764280407485,1.0,1.135103026680736,1.139913845094787
100,15000,1.2347142727330251,1.0,1.1067823803273564,1.1250769527354587
100,15000,1.1197989244345443,1.0,1.0501995577496062,1.0713583050841071
100,15000,1.019831553406971,1.1,0.9488728252974596,0.9791205313401729
100,15000,1.1037933893190912,1.0,0.9739036010654568,0.9958524142301408
100,15000,1.2465429829014498,1.0,1.1622339522217606,1.1815851153075971
100,15000,1.1104618317115014,1.1,1.0370213613974553,1.079898840085417
100,15000,1.2266007238188077,1.1,1.120740892783111,1.1443027230444174
100,15000,1.2138555251809349,1.0,1.1681443613275229,1.1883481301557337
100,15000,1.1900328697291749,1.0,1.0947757025943068,1.1161820719189313
100,15000,1.320885304481212,1.1,1.221106300565124,1.2730078128610125
100,15000,1.24022246679294,1.1,1.1416915847104645,1.174430060364977
100,15000,1.422167631169332,1.0,1.3730965152854395,1.3885495292923036
100,15000,1.1612479194036138,1.1,1.0824651004214676,1.115912527427455
100,15000,0.9869565191270118,1.0,0.8904824268273713,0.9224586243065525
100,15000,1.182161815387448,1.1,1.0578518691897547,1.033600523170498
100,15000,1.2803719002494398,1.1,1.2749576230115558,1.2768036626638997
100,15000,1.4285361955588975,1.1,1.362371682520344,1.3910648339761869
100,15000,1.1495956059283836,1.1,1.0362315511806417,1.0617395170220898
100,15000,0.9300948865651502,1.1,0.8324179072961835,0.8518419586556473
100,15000,1.224607227415847,1.0,1.131692306526762,1.1704370450456416
100,15000,1.3489563418203918,1.0,1.2372744323904017,1.2640016590213186
100,15000,1.2454489928291173,1.1,1.1979625471680784,1.2210575852014118
100,15000,1.056955944087757,1.0,0.9752039391525368,1.0022064596621167
100,15000,1.2398013311053675,1.0,1.1451421594121838,1.1834057697913731
100,15000,1.2749099545824556,1.0,1.2445997931692077,1.2665077886332126
100,15000,1.0406103604292212,1.1,0.9384663067772984,0.9984930170189076
100,15000,1.0836875278113411,1.0,0.9879518852823342,1.0276723152098504
100,15000,0.9943565928519988,1.0,0.8758010681740441,0.87024849445588
100,15000,1.3373952374036098,1.1,1.2857210947094402,1.2964433460771088
100,15000,0.8879960903450477,1.1,0.7932602545398164,0.7978717966369376
100,15000,1.3878474183621865,1.1,1.2875547890449572,1.3174249459437348
100,15000,1.1848811874228289,1.1,1.1626152800693637,1.1719261423159488
100,15000,1.1979174577362626,1.1,1.1769910040148557,1.188005416721329
100,15000,0.936169911429871,1.1,0.8078605767637933,0.8148128285276147
100,15000,1.3970209329776682,1.1,1.341895555366598,1.3736831855543588
100,15000,1.3464157171896158,1.1,1.3060494283586188,1.3253617745891046
100,15000,1.079420422357635,1.0,1.0575499318404245,1.0710122043142127
100,15000,1.0811251127749584,1.1,1.0386344276509636,1.0605327103238262
100,15000,1.2968250922467397,1.0,1.2143747861135687,1.2251100297437183
100,15000,1.2620541733929962,1.0,1.2537160744977365,1.2570122434022286
100,15000,1.3459529029656374,1.0,1.3138423121293468,1.3221784473727778
100,15000,1.255228482086341,1.1,1.1449246916157538,1.1478750595054024
100,15000,0.9210428539126616,1.1,0.7905645106000245,0.8097380858243507
100,15000,0.9441386265025504,1.0,0.8626743597682243,0.8897919483519093
100,15000,1.2499804597079456,1.0,1.1702382219915626,1.2087083304066446
100,15000,0.9876345275972996,1.0,0.892332190133385,0.8952220099169925
100,15000,1.2356112878890404,1.1,1.1377594294057238,1.1766557065133585
100,15000,1.069820876669461,1.1,0.9948489476913752,1.0165840430665751
100,15000,1.226126913044454,1.0,1.1329533497176711,1.1503761809827626
100,15000,1.1895102087290614,1.1,1.0863578059508738,1.1047145005326493
100,15000,1.2429508411551768,1.1,1.213867732226469,1.2301493377333
100,15000,0.9835253772838918,1.0,0.8776617344440705,0.9132559781330494
100,15000,1.133546061201642,1.1,1.0287604499614451,1.0421657903373809
100,15000,1.1558058315978137,1.1,1.087806236930814,1.1219090053074638
100,15000,1.4084984705337789,1.1,1.3732130094080068,1.3904575330538231
100,15000,1.111958022503528,1.1,1.0096492526220828,1.0177655752878074
100,15000,0.9546063285885868,1.1,0.8990652652674095,0.9191584930031664
100,15000,1.135510352622651,1.1,1.1192101747887495,1.1272887179792768
100,15000,1.4818417267607444,1.0,1.431873302416062,1.444212175429518
100,15000,1.2137373910614184,1.0,1.1801486380450974,1.1977036265790688
100,15000,1.137669865760804,1.0,1.0345322151808725,1.0689688990899957
100,15000,1.1112465214133649,1.1,1.0241016504973806,1.058606636564576
100,15000,1.0744264881334282,1.0,0.9734211944623176,1.0294936819646443
100,15000,1.5261596212258317,1.0,1.4326903092047032,1.4883636256668022
100,15000,1.09341198673406,1.0,1.0135627857431189,1.0415189301909926
100,15000,1.402421269869913,1.1,1.385648428752844,1.3895303980281
100,15000,1.277840485451314,1.1,1.1986036486520495,1.2300194987044613
100,15000,1.409143077517646,1.1,1.371168432911788,1.3859815966283484
100,15000,0.8608577789516749,1.1,0.7330902734840342,0.7863717650321659
100,15000,1.3058647505454843,1.1,1.2449304671582733,1.2687347289435067
100,15000,1.346498471900666,1.1,1.2905946677042686,1.307157734778123
100,15000,1.1788365677100603,1.1,1.0978717841119623,1.1194354209510706
100,15000,1.129327069645962,1.0,1.0084995838831203,1.0910206216268268
100,15000,1.0960020251587683,1.1,1.06152578050966,1.0833513481652848
100,15000,1.5367344296111525,1.1,1.5067808370516198,1.5194911194085796
100,15000,0.9710105424568828,1.1,0.8435881074834173,0.8291445349273112
100,15000,1.3427715489219123,1.1,1.258806331543774,1.2741592676835436
100,15000,0.9572998932912238,1.1,0.8560189657856567,0.8550615188986567
100,20000,1.2324807308958317,1.1,1.2051015409686476,1.2172202386639286
100,20000,1.4131215188884805,1.0,1.37578431881296,1.3905882890108434
100,20000,1.3496503279520002,1.0,1.2666749084148567,1.2876352275798135
100,20000,1.7379263899608255,1.1,1.737546602059576,1.737671513305026
100,20000,1.3917680466428863,1.1,1.3861790440223596,1.3895336620472885
100,20000,0.951099762891811,1.1,0.890834607675118,0.9287701977132562
100,20000,1.1806398253630968,1.0,1.076804588766637,1.1152439979090467
100,20000,1.138040721195918,1.1,1.0267056764492548,1.0873292306126094
100,20000,1.0890685868734375,1.1,1.0440877855030857,1.072994457327246
100,20000,1.1536322810984596,1.1,1.096164054549393,1.126322381725376
100,20000,1.1738817755491666,1.1,1.082283966441404,1.1073851914462105
100,20000,1.0564858938716872,1.1,1.0212060816110595,1.036272621967461
100,20000,1.0133964505961424,1.0,0.9185306799008996,0.9393646658542008
100,20000,0.821653140163277,1.1,0.7033007147412821,0.6562124655070489
100,20000,1.100079126914545,1.0,1.0519234991291235,1.0669114049426232
100,20000,1.3218611335708093,1.1,1.28675768198261,1.3027305316843565
100,20000,1.1557527209409466,1.1,1.0630214817858672,1.0766834699916994
100,20000,1.1609322028708675,1.0,1.055471945556504,1.0707318952015878
100,20000,1.1319376953641376,1.1,1.0788588631167846,1.0937139246502623
100,20000,1.106692561868747,1.1,0.9711135978627468,1.0017186622485703
100,20000,1.0281239332504255,1.0,0.9601063436691888,0.9760608092364258
100,20000,1.1482764280407485,1.0,1.135216551061892,1.139718566582155
100,20000,1.2347142727330251,1.0,1.106493841120996,1.1249655021543736
100,20000,1.1197989244345443,1.0,1.0501577691294646,1.0720590505460297
100,20000,1.019831553406971,1.1,0.9495073320046188,0.9780710356886054
100,20000,1.1037933893190912,1.0,0.9730407061189238,0.9930703787607914
100,20000,1.2465429829014498,1.0,1.1625916486613557,1.1814705290115282
100,20000,1.1104618317115014,1.1,1.0384410393284926,1.079539714581952
100,20000,1.2266007238188077,1.1,1.1210388165490923,1.1440735038014898
100,20000,1.2138555251809349,1.0,1.1677805107109878,1.188896849418954
100,20000,1.1900328697291749,1.0,1.094946685762186,1.1161188344951185
100,20000,1.320885304481212,1.1,1.22104213195479,1.2726649029941148
100,20000,1.24022246679294,1.1,1.1414698172972122,1.1736971615235343
100,20000,1.422167631169332,1.0,1.3739244306634195,1.3868109192031826
100,20000,1.1612479194036138,1.1,1.0820657432662086,1.11656617691801
100,20000,0.9869565191270118,1.0,0.8904119609526637,0.9214518626841391
100,20000,1.182161815387448,1.1,1.0580423941204555,1.0335339870226457
100,20000,1.2803719002494398,1.1,1.274988116949599,1.277111583947799
100,20000,1.4285361955588975,1.1,1.363334267905605,1.390851248105049
100,20000,1.1495956059283836,1.1,1.0365159830841837,1.0606876414205462
100,20000,0.9300948865651502,1.1,0.832163070657151,0.852227183084363
100,20000,1.224607227415847,1.0,1.1321304314731515,1.1704709918105347
100,20000,1.3489563418203918,1.0,1.2373438099229823,1.2644472008255554
100,20000,1.2454489928291173,1.1,1.198600687929026,1.2213271063742874
100,20000,1.056955944087757,1.0,0.976193367672518,1.000943221166173
100,20000,1.2398013311053675,1.0,1.1449307811853708,1.1824676470864923
100,20000,1.2749099545824556,1.0,1.2458092659610809,1.265868595095063
100,20000,1.0406103604292212,1.1,0.9380505863904371,0.9985075079975526
100,20000,1.0836875278113411,1.0,0.9883717522095972,1.0282295769644128
100,20000,0.9943565928519988,1.0,0.8763849016090444,0.8705862267354132
100,20000,1.3373952374036098,1.1,1.2858502215010168,1.2958191142679274
100,20000,0.8879960903450477,1.1,0.7927786399487237,0.7968571524290583
100,20000,1.3878474183621865,1.1,1.2875956903674863,1.316578363145975
100,20000,1.1848811874228289,1.1,1.163057198282733,1.172046325781222
100,20000,1.1979174577362626,1.1,1.176808040451775,1.1882823559806444
100,20000,0.936169911429871,1.1,0.8069434193255657,0.8137278388163595
100,20000,1.3970209329776682,1.1,1.3420127959433936,1.374264629957443
100,20000,1.3464157171896158,1.1,1.3062167906104731,1.3259458087923064
100,20000,1.079420422357635,1.0,1.0574210513737263,1.0712900899668607
100,20000,1.0811251127749584,1.1,1.03857775673273,1.0614285526271543
100,20000,1.2968250922467397,1.0,1.2144485083316932,1.2238317249203772
100,20000,1.2620541733929962,1.0,1.253748459591012,1.256946399554327
100,20000,1.3459529029656374,1.0,1.3138650583209244,1.321648651082678
100,20000,1.255228482086341,1.1,1.1448865289340164,1.1497267704344547
100,20000,0.9210428539126616,1.1,0.790484953077166,0.8091703585364945
100,20000,0.9441386265025504,1.0,0.8622585388051378,0.8895310079510571
100,20000,1.2499804597079456,1.0,1.1710492588461945,1.2085536990595405
100,20000,0.9876345275972996,1.0,0.8925957156194532,0.89481561901621
100,20000,1.2356112878890404,1.1,1.1373977493415808,1.1786631588069527
100,20000,1.069820876669461,1.1,0.9946193080574388,1.0167187351963365
100,20000,1.226126913044454,1.0,1.1325542318229411,1.1513158994889094
100,20000,1.1895102087290614,1.1,1.0857032088087728,1.1042990792555512
100,20000,1.2429508411551768,1.1,1.213462753202143,1.2302465748493654
100,20000,0.9835253772838918,1.0,0.8779755590206042,0.9127819229816104
100,20000,1.133546061201642,1.1,1.0285202646673872,1.0431056609381355
100,20000,1.1558058315978137,1.1,1.0885608842140542,1.121621171125858
100,20000,1.4084984705337789,1.1,1.3731543497005596,1.390380553346779
100,20000,1.111958022503528,1.1,1.009722857560818,1.016575675296613
100,20000,0.9546063285885868,1.1,0.8998865377780756,0.918451342329206
100,20000,1.135510352622651,1.1,1.1187625403060797,1.1277949521281478
100,20000,1.4818417267607444,1.0,1.4318443702447972,1.4448437070064648
100,20000,1.2137373910614184,1.0,1.1801640048227386,1.1972304505860123
100,20000,1.137669865760804,1.0,1.034736692130541,1.0685654483131777
100,20000,1.1112465214133649,1.1,1.0240017261891123,1.060777289426035
100,20000,1.0744264881334282,1.0,0.9714804232776176,1.0304391745884536
100,20000,1.5261596212258317,1.0,1.4326913941474544,1.4888658517504043
100,20000,1.09341198673406,1.0,1.014145701273119,1.0402572594898882
100,20000,1.402421269869913,1.1,1.3850672680684863,1.3897302160343254
100,20000,1.277840485451314,1.1,1.1984972225780095,1.2300684194711553
100,20000,1.409143077517646,1.1,1.3724309190768582,1.384808541705585
100,20000,0.8608577789516749,1.1,0.7329864580568155,0.7869288085567685
100,20000,1.3058647505454843,1.1,1.2449247734303894,1.269502580284164
100,20000,1.346498471900666,1.1,1.291201576999623,1.3075019340400982
100,20000,1.1788365677100603,1.1,1.098894406070898,1.1189725051825128
100,20000,1.129327069645962,1.0,1.0083760612123394,1.0897127546516427
100,20000,1.0960020251587683,1.1,1.061068945169129,1.0835942236108174
100,20000,1.5367344296111525,1.1,1.5061890465566885,1.520413154041857
100,20000,0.9710105424568828,1.1,0.8438354545822095,0.8296206188308337
100,20000,1.3427715489219123,1.1,1.2583724396670464,1.274930570998953
100,20000,0.9572998932912238,1.1,0.8556034397985232,0.8552653344872824
500,1000,1.0590546066997777,1.0,1.0101660977091456,1.0065793256524578
500,1000,1.0794415561225743,1.1,1.0450602547546637,1.0616981659727756
500,1000,1.088894542993897,1.1,1.0704280656707958,1.0780882936177023
500,1000,1.1017230278145127,1.1,1.0990736009636497,1.097703699707889
500,1000,1.1820978691985555,1.1,1.1578598047963466,1.1710543347937064
500,1000,1.1710753370674143,1.1,1.120001513661306,1.1241306939661186
500,1000,1.0876511423672732,1.1,1.0439349083994256,1.0572952330019827
500,1000,1.1472236240011402,1.1,1.108672943290533,1.119450484131782
500,1000,1.1397330383903332,1.0,1.0966662448241116,1.107522459962889
500,1000,1.0613901043032028,1.1,1.0263897925064915,1.043147650658515
500,1000,1.180356021787469,1.1,1.1663222645983409,1.175166708843428
500,1000,1.093878004272963,1.1,1.0589539735861715,1.073387771272648
500,1000,1.1687338657062074,1.1,1.1654740174450229,1.1653289373611453
500,1000,1.1473406293973032,1.1,1.129275880898721,1.1385889481528355
500,1000,1.3888059540981454,1.1,1.3816945786675603,1.3843233434177975
500,1000,1.1817357468078704,1.1,1.150977676576404,1.1610976789507474
500,1000,1.1762902581456804,1.1,1.1590005880992325,1.1673666517084382
500,1000,1.0778197601372443,1.0,1.0464231609996208,1.0625762404892185
500,1000,1.0236252755030657,1.0,0.9746107921526478,0.995090621581006
500,1000,1.1296560146895471,1.1,1.1189584397701813,1.1244048248026743
500,1000,1.1757874749295625,1.1,1.1667171890013155,1.1712306157442058
500,1000,1.1106192621369952,1.1,1.0854005110920568,1.095787754587236
500,1000,1.149108977071684,1.1,1.1067775321430726,1.121130976421193
500,1000,0.9543638416332992,1.1,0.9163372153093514,0.9288626130015988
500,1000,1.033897964792652,1.1,0.9872690246056076,0.991744433650077
500,1000,1.1974208138714648,1.1,1.1841981864462088,1.1901662754274491
500,1000,1.124053070944221,1.1,1.1032182408741134,1.1160452873026656
500,1000,1.120128772515879,1.1,1.102372032168716,1.1115383973916286
500,1000,1.1811916920193894,1.1,1.1473821434009397,1.1522495356966165
500,1000,1.0813264265917188,1.0,1.0436960078097002,1.0576668749554896
500,1000,1.0882006405295588,1.1,1.0466644142305142,1.0504937790867448
500,1000,1.2392062236407986,1.0,1.1910929587931085,1.2042590964320448
500,1000,1.0693358053897275,1.0,1.0299360070967547,1.042441949170477
500,1000,1.0291936053558903,1.1,0.9845956071145572,1.0007274272368454
500,1000,1.1542058141299116,1.1,1.1329894206865136,1.1382226063518242
500,1000,1.1496694618421897,1.1,1.1440627297290695,1.148041734776614
500,1000,1.0951461344943578,1.0,1.0461224663013196,1.0412000764392515
500,1000,1.1621886358217255,1.1,1.1490462181136354,1.153172725128074
500,1000,1.0343789286138072,1.1,0.9878912330492072,0.9927310570937944
500,1000,1.1814828849332155,1.1,1.1655934675250104,1.17226536980078
500,1000,1.1463379842657826,1.1,1.1213214585503877,1.1300650371203476
500,1000,1.0321321211510586,1.0,0.9760272337870006,0.9728449207683392
500,1000,1.2543960961904654,1.1,1.218164074083596,1.2349818618086554
500,1000,1.137258519643351,1.1,1.1175591305322496,1.125279382828151
500,1000,1.0220641670750308,1.0,0.9759189284614482,0.9892302039322144
500,1000,1.0705808254990112,1.1,1.0234599625216831,1.040925833567979
500,1000,0.980328641324224,1.1,0.9234329478779536,0.9232137844084012
500,1000,1.0799342298726875,1.1,1.038640218508483,1.058342875645779
500,1000,1.2274508543995786,1.0,1.1794874017523618,1.1958491005598353
500,1000,1.0361804014040907,1.1,0.990538286678729,1.0068844645634574
500,1000,1.168855528532312,1.1,1.1491229923052568,1.1582332722607518
500,1000,1.2201272476081468,1.1,1.2183133549658294,1.2189572075805142
500,1000,1.1216897953088631,1.0,1.097446105526126,1.1060612293325254
500,1000,1.1718552793188983,1.1,1.1362665216095085,1.1477262585960688
500,1000,1.0396332961995622,1.1,1.0101709307819722,1.0170464895613676
500,1000,1.0079312171685162,1.1,0.9567170901049272,0.949857825465554
500,1000,1.2133093601326688,1.1,1.1648284504825914,1.1685581743783575
500,1000,1.1859229296998914,1.0,1.1691854040234684,1.1781307939938348
500,1000,1.0137003774614624,1.1,0.9600134228519754,0.9575839199779944
500,1000,1.142460709330249,1.1,1.099690334630868,1.1103556306521216
500,1000,1.2282054650036125,1.1,1.2277614581754637,1.227996116870162
500,1000,1.037583007610724,1.1,0.987038955181246,0.9940259468270792
500,1000,1.15485321199306,1.0,1.125287176638098,1.136678020409481
500,1000,1.1133096167043182,1.1,1.07683112711029,1.0924340999997957
500,1000,1.0109421766510702,1.1,0.9622000827652736,0.9642154015432086
500,1000,1.152592627663263,1.1,1.1267998679844171,1.1363479060613426
500,1000,1.0927880281447817,1.0,1.0486927129236772,1.061655735790376
500,1000,0.987973245179191,1.0,0.9405575316358092,0.954002951056421
500,1000,1.075290646293805,1.1,1.068712251298164,1.0715616817284337
500,1000,1.1449112253931868,1.1,1.142300906890402,1.1421067111546157
500,1000,1.2318641252014304,1.1,1.2025599094372783,1.2110856758514246
500,1000,0.973550969103936,1.1,0.944534913210533,0.956407033155842
500,1000,1.05966473661715,1.1,1.0097563044863294,1.0147184324492928
500,1000,1.20145007055423,1.1,1.162027492492995,1.167933499410076
500,1000,1.0852068620727429,1.1,1.0664030941692206,1.0744240914414025
500,1000,1.1970248089174935,1.1,1.1962534379473568,1.196493154531029
500,1000,1.0220449297256633,1.1,0.965634948752761,0.967433964099391
500,1000,1.036942951580247,1.1,0.9908469332748472,0.9993656954113316
500,1000,1.0253393052898552,1.0,0.9774507798232293,0.9879252749549567
500,1000,1.2706737336432348,1.1,1.255285518973008,1.2651779591847738
500,1000,1.181834885331462,1.1,1.1642036307645838,1.173498946891904
500,1000,1.009650652122911,1.1,0.9597996733725818,0.9619685473802984
500,1000,1.1274358522130936,1.0,1.0933663366384885,1.10491186903159
500,1000,1.1006876663559686,1.1,1.0570931723575967,1.0668291828176162
500,1000,1.050791935782304,1.1,1.039567457034977,1.044303595983607
500,1000,1.3211442440060155,1.1,1.3206271382542218,1.3211442440060155
500,1000,1.106285200537682,1.1,1.050370609249852,1.062757739761019
500,1000,1.174579156376584,1.1,1.1444600906419728,1.1614940465182224
500,1000,1.0955269039371902,1.0,1.0469547742819825,1.0459400073730998
500,1000,1.20019340764017,1.1,1.1963076956592005,1.1992278371284877
500,1000,1.0856227841783812,1.1,1.036517660702112,1.0461854607508754
500,1000,1.1145304559439193,1.1,1.095352278118891,1.1047879267178005
500,1000,1.0407300794794987,1.0,1.00217606122723,1.0116817564864695
500,1000,0.964721006001586,1.1,0.9343381090526316,0.93607599665462
500,1000,1.0539977798251712,1.0,1.0061665095566543,1.0171792599691478
500,1000,1.1469942882811663,1.0,1.1019701428420263,1.1203018131833529
500,1000,1.0759923778205307,1.0,1.026277839533521,1.0331462160638492
500,1000,1.2182989235690878,1.1,1.2139957596874056,1.2167567036503162
500,1000,1.0545381944002634,1.0,1.006296788892942,1.012977574446917
500,1000,1.1771893933657522,1.1,1.142479932185976,1.157092454012766
500,5000,1.189183220252637,1.1,1.182034303752619,1.1846131305581524
500,5000,1.0794415561225743,1.1,1.0466281697011564,1.062233037492298
500,5000,1.088894542993897,1.1,1.0710774775539689,1.076858881001202
500,5000,1.1017230278145127,1.1,1.0966694166112847,1.098981810742131
500,5000,1.1820978691985555,1.1,1.1603644678701184,1.1704382861052702
500,5000,1.1710753370674143,1.1,1.120313933997274,1.123940747421303
500,5000,1.0876511423672732,1.1,1.0427517083392583,1.0570034714157837
500,5000,1.1472236240011402,1.1,1.1063223779680067,1.117223487428514
500,5000,1.1397330383903332,1.0,1.097587752921713,1.111122959176204
500,5000,1.0613901043032028,1.1,1.0265154575942237,1.0412788231428916
500,5000,1.180356021787469,1.1,1.1663953467557788,1.1741388320513986
500,5000,1.093878004272963,1.1,1.0610970638908035,1.0783645034208629
500,5000,1.1687338657062074,1.1,1.1640213368729442,1.1664054228641916
500,5000,1.1473406293973032,1.1,1.1275787610446588,1.1396293857383029
500,5000,1.3888059540981454,1.1,1.3832466876227285,1.386217331814862
500,5000,1.1817357468078704,1.1,1.1512361683681314,1.162021360239965
500,5000,1.1762902581456804,1.1,1.1594148542317422,1.1677647607789288
500,5000,1.0778197601372443,1.0,1.0485822858911296,1.0634598787687255
500,5000,1.0236252755030657,1.0,0.9741330903423818,0.9944380009843592
500,5000,1.1296560146895471,1.1,1.1187387060516771,1.1238651251479888
500,5000,1.1757874749295625,1.1,1.1671981291315032,1.171240429152834
500,5000,1.1106192621369952,1.1,1.08384777653968,1.0965125641857894
500,5000,1.149108977071684,1.1,1.106866097954243,1.12091752295336
500,5000,0.9543638416332992,1.1,0.9127442747973952,0.9254028462276626
500,5000,1.033897964792652,1.1,0.9875574371778776,0.9968892808125184
500,5000,1.1974208138714648,1.1,1.1837607220911064,1.190621520798077
500,5000,1.124053070944221,1.1,1.1044901862976166,1.115149182937599
500,5000,1.120128772515879,1.1,1.1057316519856597,1.1131165914345504
500,5000,1.1811916920193894,1.1,1.1442347062499394,1.1508702096498564
500,5000,1.0813264265917188,1.0,1.0434898009587,1.059996370995047
500,5000,1.0882006405295588,1.1,1.0453614984028063,1.0534752615315042
500,5000,1.2392062236407986,1.0,1.1901964548610904,1.2038654150679984
500,5000,1.0693358053897275,1.0,1.0299398347704372,1.0440731065251352
500,5000,1.0291936053558903,1.1,0.9852755002481994,1.0014259034095734
500,5000,1.1542058141299116,1.1,1.128979944273532,1.1428975822254703
500,5000,1.1496694618421897,1.1,1.1439233849639343,1.1457537214357505
500,5000,1.0951461344943578,1.0,1.0468540125470511,1.0433549121950594
500,5000,1.1621886358217255,1.1,1.1469783954175734,1.1540382161953024
500,5000,1.0343789286138072,1.1,0.988820042201872,0.995956997854398
500,5000,1.1814828849332155,1.1,1.1628740889616884,1.1727429872630155
500,5000,1.1463379842657826,1.1,1.1197496930743516,1.1300729926479702
500,5000,1.0321321211510586,1.0,0.9768950552553008,0.9779129902686532
500,5000,1.2543960961904654,1.1,1.21967778469887,1.2367099809648034
500,5000,1.137258519643351,1.1,1.1144426075155476,1.1262851938709388
500,5000,1.0220641670750308,1.0,0.976378396714076,0.9901045287857386
500,5000,1.0705808254990112,1.1,1.0264597605552084,1.0407667961822311
500,5000,0.980328641324224,1.1,0.9231631003522612,0.9180314815510852
500,5000,1.0799342298726875,1.1,1.0410610663452742,1.0555202956272556
500,5000,1.2274508543995786,1.0,1.1836636781780048,1.1926697505374928
500,5000,1.0361804014040907,1.1,0.9905453221631704,1.0042690372786065
500,5000,1.168855528532312,1.1,1.1499513369040426,1.1567596442107024
500,5000,1.2201272476081468,1.1,1.2176649714264969,1.2187347275904643
500,5000,1.1216897953088631,1.0,1.0967763319914312,1.1061669128652447
500,5000,1.1718552793188983,1.1,1.1354327153568728,1.147590784872595
500,5000,1.0396332961995622,1.1,1.0098892044596073,1.0181906839997137
500,5000,1.0079312171685162,1.1,0.9574376569298252,0.9507429201477726
500,5000,1.2133093601326688,1.1,1.1647728383865146,1.1671912054259548
500,5000,1.1859229296998914,1.0,1.1699566280083975,1.1778508806488412
500,5000,1.0137003774614624,1.1,0.9601329390418338,0.962358020588464
500,5000,1.142460709330249,1.1,1.096960475213938,1.1084075928891952
500,5000,1.2282054650036125,1.1,1.2278474283645917,1.2279220165039868
500,5000,1.037583007610724,1.1,0.9879523312690583,0.9909446585365336
500,5000,1.15485321199306,1.0,1.1246988216128857,1.1356620052673485
500,5000,1.1133096167043182,1.1,1.078653304394301,1.094651199469709
500,5000,1.0109421766510702,1.1,0.9597516564433412,0.9652591000506122
500,5000,1.152592627663263,1.1,1.1280425673107974,1.1378070064455394
500,5000,1.0927880281447817,1.0,1.0477191693298369,1.059325074293586
500,5000,0.987973245179191,1.0,0.942542813025504,0.9563315126331464
500,5000,1.075290646293805,1.1,1.0662879126096745,1.0716352698162983
500,5000,1.1449112253931868,1.1,1.1395581850975005,1.1423063285217356
500,5000,1.2318641252014304,1.1,1.201306968358147,1.2105729620517072
500,5000,0.973550969103936,1.1,0.9439840421117092,0.9564516263838152
500,5000,1.05966473661715,1.1,1.0106570813173197,1.0181237792600086
500,5000,1.20145007055423,1.1,1.1621560311775854,1.1711579265849954
500,5000,1.0852068620727429,1.1,1.065653280114135,1.075055786203592
500,5000,1.1970248089174935,1.1,1.1962701287568145,1.1968651337158138
500,5000,1.0220449297256633,1.1,0.9674310367321244,0.9678905658228278
500,5000,1.036942951580247,1.1,0.9925087143255308,0.9969223603218332
500,5000,1.0253393052898552,1.0,0.9757957998864109,0.9880268935057872
500,5000,1.2706737336432348,1.1,1.2575842180779562,1.266089859209785
500,5000,1.181834885331462,1.1,1.1643848158010082,1.1729898040973037
500,5000,1.009650652122911,1.1,0.9592892822148092,0.9662589393418362
500,5000,1.1274358522130936,1.0,1.0915966230980487,1.1049273282556935
500,5000,1.1006876663559686,1.1,1.0567226410787889,1.0637819198519145
500,5000,1.050791935782304,1.1,1.0410952655100123,1.0449325946814711
500,5000,1.3211442440060155,1.1,1.3210410111849116,1.3211442440060155
500,5000,1.106285200537682,1.1,1.0528468149641412,1.0598518642007222
500,5000,1.174579156376584,1.1,1.145395535617192,1.159510573849842
500,5000,1.0955269039371902,1.0,1.046809738255229,1.0478433116046304
500,5000,1.20019340764017,1.1,1.1976507518873485,1.1990763009762857
500,5000,1.0856227841783812,1.1,1.0363809314461727,1.044199780059113
500,5000,1.1145304559439193,1.1,1.0946090023075892,1.1026320724949172
500,5000,1.0407300794794987,1.0,1.0016618333142548,1.0147621215580438
500,5000,0.964721006001586,1.1,0.9299716893369764,0.9433847496929596
500,5000,1.0539977798251712,1.0,1.0069250421901927,1.0142856330014678
500,5000,1.1469942882811663,1.0,1.1036946019655751,1.123667627339477
500,5000,1.0759923778205307,1.0,1.0279405674634292,1.0298514592134953
500,5000,1.2182989235690878,1.1,1.2145734736698623,1.2165427619414335
500,5000,1.0545381944002634,1.0,1.006074464550135,1.0149930061957653
500,5000,1.1771893933657522,1.1,1.140917931280728,1.158702647874354
500,10000,1.106766354604786,1.1,1.0896290695863835,1.0988729140801388
500,10000,1.0794415561225743,1.1,1.0478122970577914,1.0623848331667682
500,10000,1.088894542993897,1.1,1.0708291662745753,1.0771651154954158
500,10000,1.1017230278145127,1.1,1.096272935733249,1.099255031997919
500,10000,1.1820978691985555,1.1,1.1612342609341453,1.1703999239417515
500,10000,1.1710753370674143,1.1,1.1197493599083088,1.12495075213871
500,10000,1.0876511423672732,1.1,1.0426378865701802,1.058896545547526
500,10000,1.1472236240011402,1.1,1.106437229926315,1.1163197602957244
500,10000,1.1397330383903332,1.0,1.097874299642073,1.1105084987178255
500,10000,1.0613901043032028,1.1,1.026892864520321,1.0426702917772075
500,10000,1.180356021787469,1.1,1.1665262718059837,1.173761576186168
500,10000,1.093878004272963,1.1,1.0631991711698932,1.0787877145085285
500,10000,1.1687338657062074,1.1,1.164444711397666,1.1662855258333646
500,10000,1.1473406293973032,1.1,1.1285338070992137,1.1393810038906629
500,10000,1.3888059540981454,1.1,1.3837812899291928,1.3860318837481178
500,10000,1.1817357468078704,1.1,1.1511627722388738,1.1628697766826015
500,10000,1.1762902581456804,1.1,1.1587758307780138,1.169451601005346
500,10000,1.0778197601372443,1.0,1.0488557163326029,1.0626713045469725
500,10000,1.0236252755030657,1.0,0.974450475269585,0.9940905681918026
500,10000,1.1296560146895471,1.1,1.1186419099089515,1.1244815145045897
500,10000,1.1757874749295625,1.1,1.1672455755572808,1.171208309452921
500,10000,1.1106192621369952,1.1,1.083201300232133,1.096767732229128
500,10000,1.149108977071684,1.1,1.1069015859211564,1.1207103830447276
500,10000,0.9543638416332992,1.1,0.912285878828318,0.9238738727393632
500,10000,1.033897964792652,1.1,0.9884998577151108,0.9955749190633996
500,10000,1.1974208138714648,1.1,1.1835923238159811,1.1900412220131749
500,10000,1.124053070944221,1.1,1.1048712685576207,1.1149947146718882
500,10000,1.120128772515879,1.1,1.1064563750503231,1.1129970771167808
500,10000,1.1811916920193894,1.1,1.1436092522292751,1.153020655711216
500,10000,1.0813264265917188,1.0,1.0435507786749885,1.0586789275608195
500,10000,1.0882006405295588,1.1,1.0453315135184205,1.0534094514263548
500,10000,1.2392062236407986,1.0,1.190462467475167,1.2037037041782463
500,10000,1.0693358053897275,1.0,1.030459185199445,1.043762355766461
500,10000,1.0291936053558903,1.1,0.9852185824870404,1.0010612047686642
500,10000,1.1542058141299116,1.1,1.1296568303775751,1.141433717263759
500,10000,1.1496694618421897,1.1,1.1433065587653874,1.14728170702635
500,10000,1.0951461344943578,1.0,1.0468365944052158,1.0439644395824088
500,10000,1.1621886358217255,1.1,1.1475400673339795,1.153978349532292
500,10000,1.0343789286138072,1.1,0.9890328688899576,0.9952483577768896
500,10000,1.1814828849332155,1.1,1.1635485244643176,1.1719294001440372
500,10000,1.1463379842657826,1.1,1.119538510266988,1.1293689560815343
500,10000,1.0321321211510586,1.0,0.9776488210767078,0.978649996393816
500,10000,1.2543960961904654,1.1,1.2210552926953555,1.234784226920738
500,10000,1.137258519643351,1.1,1.1149422942559304,1.1262338461620558
500,10000,1.0220641670750308,1.0,0.9773065713759684,0.9888359503178858
500,10000,1.0705808254990112,1.1,1.0261699811886769,1.0404422169483578
500,10000,0.980328641324224,1.1,0.9231738892016323,0.9186455526998168
500,10000,1.0799342298726875,1.1,1.0403015843969692,1.056471527338634
500,10000,1.2274508543995786,1.0,1.183741843677251,1.193524257994487
500,10000,1.0361804014040907,1.1,0.9898644144231012,1.0053314380443612
500,10000,1.168855528532312,1.1,1.1494536621207396,1.156275109027327
500,10000,1.2201272476081468,1.1,1.217605162213974,1.2186363721312214
500,10000,1.1216897953088631,1.0,1.0965433221440757,1.1070100851734177
500,10000,1.1718552793188983,1.1,1.1356395693766272,1.14720301780417
500,10000,1.0396332961995622,1.1,1.0102350314455937,1.0184880617839935
500,10000,1.0079312171685162,1.1,0.9571214421375188,0.951153630526573
500,10000,1.2133093601326688,1.1,1.164143584186919,1.169420839405526
500,10000,1.1859229296998914,1.0,1.1693161868297894,1.178672778781677
500,10000,1.0137003774614624,1.1,0.961076942747254,0.9617856422395696
500,10000,1.142460709330249,1.1,1.097271371800135,1.107986356326536
500,10000,1.2282054650036125,1.1,1.227765321281835,1.2281284047295251
500,10000,1.037583007610724,1.1,0.9882647144700688,0.990928470015952
500,10000,1.15485321199306,1.0,1.1245094554897843,1.134380320263939
500,10000,1.1133096167043182,1.1,1.0785316220161971,1.0948485722842745
500,10000,1.0109421766510702,1.1,0.9592271947402125,0.9653421370296388
500,10000,1.152592627663263,1.1,1.1279844222437232,1.137152753649164
500,10000,1.0927880281447817,1.0,1.047144029016959,1.0586401012585525
500,10000,0.987973245179191,1.0,0.9433400213900032,0.9545192712826204
500,10000,1.075290646293805,1.1,1.0666201995661668,1.072141646731933
500,10000,1.1449112253931868,1.1,1.139886754500206,1.142425740626926
500,10000,1.2318641252014304,1.1,1.200855028085342,1.2103671796976476
500,10000,0.973550969103936,1.1,0.9450551171072268,0.9565000149885816
500,10000,1.05966473661715,1.1,1.0101097469326317,1.017451447823486
500,10000,1.20145007055423,1.1,1.161910324958414,1.1720319677091289
500,10000,1.0852068620727429,1.1,1.0657175270544306,1.0746669812231344
500,10000,1.1970248089174935,1.1,1.1964952342943078,1.1967532535251917
500,10000,1.0220449297256633,1.1,0.9672523165023924,0.9672363124811828
500,10000,1.036942951580247,1.1,0.992049458956791,0.997283579103318
500,10000,1.0253393052898552,1.0,0.9753611213448626,0.987483396401529
500,10000,1.2706737336432348,1.1,1.2584799181972448,1.2655669294020102
500,10000,1.181834885331462,1.1,1.163991354392019,1.173324205057179
500,10000,1.009650652122911,1.1,0.9590724454542816,0.9651473404970824
500,10000,1.1274358522130936,1.0,1.0910501513723516,1.104834795370233
500,10000,1.1006876663559686,1.1,1.05625771921649,1.0653815925418937
500,10000,1.050791935782304,1.1,1.0406326634703664,1.044828819218311
500,10000,1.3211442440060155,1.1,1.3210927595640156,1.3211442440060155
500,10000,1.106285200537682,1.1,1.0527748792969596,1.0587835889566226
500,10000,1.174579156376584,1.1,1.1455793577572118,1.16020605136412
500,10000,1.0955269039371902,1.0,1.0464146406916033,1.049107305382423
500,10000,1.20019340764017,1.1,1.1979246828527703,1.1990766652926494
500,10000,1.0856227841783812,1.1,1.0358990661628704,1.0441258458590308
500,10000,1.1145304559439193,1.1,1.0940750828509866,1.1033868790189918
500,10000,1.0407300794794987,1.0,1.001880357384398,1.0142824179938486
500,10000,0.964721006001586,1.1,0.9301552372593604,0.9436044982403734
500,10000,1.0539977798251712,1.0,1.0066143647553063,1.013537750634152
500,10000,1.1469942882811663,1.0,1.1046673416751391,1.12359438381571
500,10000,1.0759923778205307,1.0,1.027520789820118,1.0315306169827971
500,10000,1.2182989235690878,1.1,1.2147620854067689,1.2164897360215414
500,10000,1.0545381944002634,1.0,1.0058586193945878,1.0141961799615753
500,10000,1.1771893933657522,1.1,1.1418777451782438,1.1578609566093478
500,15000,1.1205145320536414,1.0,1.067960211915808,1.0744027319292946
500,15000,1.0794415561225743,1.1,1.0479737706109162,1.0619318823926125
500,15000,1.088894542993897,1.1,1.0705567195919623,1.0766138963879728
500,15000,1.1017230278145127,1.1,1.0961988141122494,1.0992757324359963
500,15000,1.1820978691985555,1.1,1.1610456136535252,1.1700843501439897
500,15000,1.1710753370674143,1.1,1.1198633404044758,1.1236825677531057
500,15000,1.0876511423672732,1.1,1.042861263676015,1.057804696473667
500,15000,1.1472236240011402,1.1,1.106281294191755,1.1169645023329542
500,15000,1.1397330383903332,1.0,1.098329158950157,1.1092896376269208
500,15000,1.0613901043032028,1.1,1.0276326765700785,1.0430322402481664
500,15000,1.180356021787469,1.1,1.1661021429931355,1.1737000740138102
500,15000,1.093878004272963,1.1,1.063399364468297,1.07873384698896
500,15000,1.1687338657062074,1.1,1.1645386217505589,1.1663365854557346
500,15000,1.1473406293973032,1.1,1.128911297825376,1.1392784520060346
500,15000,1.3888059540981454,1.1,1.3836991614095508,1.3857894592283806
500,15000,1.1817357468078704,1.1,1.15117424387532,1.161827142076859
500,15000,1.1762902581456804,1.1,1.1595486935364598,1.1691293703057803
500,15000,1.0778197601372443,1.0,1.048533538233393,1.0626311862102014
500,15000,1.0236252755030657,1.0,0.974505764448358,0.9943772843430374
500,15000,1.1296560146895471,1.1,1.119079096436799,1.1241927774792824
500,15000,1.1757874749295625,1.1,1.167247622799916,1.1712579940399743
500,15000,1.1106192621369952,1.1,1.0831661590383672,1.097065924494309
500,15000,1.149108977071684,1.1,1.106935150263141,1.1203621684971847
500,15000,0.9543638416332992,1.1,0.911234480071914,0.9253150877073842
500,15000,1.033897964792652,1.1,0.9884710889539036,0.9953612104604892
500,15000,1.1974208138714648,1.1,1.1829929989645582,1.1907011007081034
500,15000,1.124053070944221,1.1,1.1050288879952943,1.1155450047845297
500,15000,1.120128772515879,1.1,1.106555202628605,1.1128173798566945
500,15000,1.1811916920193894,1.1,1.14380826212818,1.151739794632242
500,15000,1.0813264265917188,1.0,1.0427679756795103,1.058749098352146
500,15000,1.0882006405295588,1.1,1.045165769770504,1.054213403427743
500,15000,1.2392062236407986,1.0,1.190530393847654,1.2034334799777384
500,15000,1.0693358053897275,1.0,1.0301755394875334,1.0437690077843165
500,15000,1.0291936053558903,1.1,0.985204257552724,1.001241079845676
500,15000,1.1542058141299116,1.1,1.1288400799484095,1.1421134580614074
500,15000,1.1496694618421897,1.1,1.1440980046620943,1.146845624859265
500,15000,1.0951461344943578,1.0,1.0469348501440054,1.0430950691348788
500,15000,1.1621886358217255,1.1,1.1474047166538883,1.15423025287553
500,15000,1.0343789286138072,1.1,0.9890609089829904,0.99489310944737
500,15000,1.1814828849332155,1.1,1.163268536777195,1.1719343948770542
500,15000,1.1463379842657826,1.1,1.1195246390703997,1.1305740422409871
500,15000,1.0321321211510586,1.0,0.9779138773445888,0.9779042267954604
500,15000,1.2543960961904654,1.1,1.2210422881847245,1.234935222339787
500,15000,1.137258519643351,1.1,1.1147443029537292,1.1266736338302177
500,15000,1.0220641670750308,1.0,0.977210931542322,0.9892976521544156
500,15000,1.0705808254990112,1.1,1.0263310116088469,1.039661572320284
500,15000,0.980328641324224,1.1,0.9233387073184404,0.9186994301341616
500,15000,1.0799342298726875,1.1,1.040111372006714,1.0570261424264489
500,15000,1.2274508543995786,1.0,1.183357288312552,1.1936445200835402
500,15000,1.0361804014040907,1.1,0.990321722551878,1.0047715026411124
500,15000,1.168855528532312,1.1,1.1486007797491204,1.1569933190885169
500,15000,1.2201272476081468,1.1,1.2175302904754812,1.2187505007096882
500,15000,1.1216897953088631,1.0,1.0970967184417495,1.107264040884281
500,15000,1.1718552793188983,1.1,1.1354984834914017,1.1474414363097267
500,15000,1.0396332961995622,1.1,1.010540073517959,1.0170828563615086
500,15000,1.0079312171685162,1.1,0.9570259877264324,0.9510385333329124
500,15000,1.2133093601326688,1.1,1.164376893995502,1.1686311258639883
500,15000,1.1859229296998914,1.0,1.1694628420806343,1.1785226171759284
500,15000,1.0137003774614624,1.1,0.9611182246135936,0.9604005202071244
500,15000,1.142460709330249,1.1,1.097222201796273,1.1083642382592878
500,15000,1.2282054650036125,1.1,1.2278490238853486,1.228023398394092
500,15000,1.037583007610724,1.1,0.9880405888537191,0.9914986088024202
500,15000,1.15485321199306,1.0,1.1246927761500771,1.133816280788391
500,15000,1.1133096167043182,1.1,1.0783392723983871,1.0952392262037711
500,15000,1.0109421766510702,1.1,0.9590537348473432,0.9658899836074478
500,15000,1.152592627663263,1.1,1.1278850966832166,1.1376303421205058
500,15000,1.0927880281447817,1.0,1.0470211689950115,1.0592334050339471
500,15000,0.987973245179191,1.0,0.9433920942916516,0.9538988708556242
500,15000,1.075290646293805,1.1,1.0671067995264332,1.0717732038760688
500,15000,1.1449112253931868,1.1,1.139965069010008,1.1423946067898745
500,15000,1.2318641252014304,1.1,1.2004622696958624,1.210149197290726
500,15000,0.973550969103936,1.1,0.945524802079034,0.9551592015148362
500,15000,1.05966473661715,1.1,1.009775820322502,1.0172956354265332
500,15000,1.20145007055423,1.1,1.161949990053159,1.1718199750046498
500,15000,1.0852068620727429,1.1,1.0654784502914911,1.074883984395303
500,15000,1.1970248089174935,1.1,1.1965165196683591,1.196733774367554
500,15000,1.0220449297256633,1.1,0.967243773492484,0.9666779914487956
500,15000,1.036942951580247,1.1,0.9919924262562768,0.9986253158730154
500,15000,1.0253393052898552,1.0,0.9758247109358544,0.9883317699519516
500,15000,1.2706737336432348,1.1,1.2589785884326283,1.2658710691951098
500,15000,1.181834885331462,1.1,1.1639508989404574,1.172775769396796
500,15000,1.009650652122911,1.1,0.9585834502600924,0.9644149262859364
500,15000,1.1274358522130936,1.0,1.0909902757359466,1.1045600582418589
500,15000,1.1006876663559686,1.1,1.05618458879678,1.0651387550713165
500,15000,1.050791935782304,1.1,1.0403504516980413,1.0451730192686757
500,15000,1.3211442440060155,1.1,1.3211099648780291,1.3210985278420924
500,15000,1.106285200537682,1.1,1.0526144310204086,1.0593075673480457
500,15000,1.174579156376584,1.1,1.146553025468902,1.1599015231214718
500,15000,1.0955269039371902,1.0,1.046576322428091,1.0499059790131964
500,15000,1.20019340764017,1.1,1.1980425988284065,1.1989937560552006
500,15000,1.0856227841783812,1.1,1.0358876878708705,1.0454840052006602
500,15000,1.1145304559439193,1.1,1.094607462249274,1.1033509262288017
500,15000,1.0407300794794987,1.0,1.001717074029416,1.0142634507830837
500,15000,0.964721006001586,1.1,0.9303691421186568,0.9432600937163076
500,15000,1.0539977798251712,1.0,1.0068193998397272,1.013694805375458
500,15000,1.1469942882811663,1.0,1.1047220532470916,1.1235640981692585
500,15000,1.0759923778205307,1.0,1.0274305660933525,1.031467197650831
500,15000,1.2182989235690878,1.1,1.2148373688329217,1.2165099009532456
500,15000,1.0545381944002634,1.0,1.0058548153016704,1.0136747602988108
500,15000,1.1771893933657522,1.1,1.141907317281914,1.1578948752757887
500,20000,1.076218258110664,1.0,1.0294470281118375,1.0412185118940267
500,20000,1.0794415561225743,1.1,1.0481780896558757,1.062202095568038
500,20000,1.088894542993897,1.1,1.0705332813737776,1.0764271727295365
500,20000,1.1017230278145127,1.1,1.0963084716624285,1.099350280917884
500,20000,1.1820978691985555,1.1,1.1614287137899408,1.1700328909601028
500,20000,1.1710753370674143,1.1,1.1197606270908431,1.122395915221941
500,20000,1.0876511423672732,1.1,1.0430763878811864,1.0579571148923286
500,20000,1.1472236240011402,1.1,1.1061759641556537,1.1167781739903937
500,20000,1.1397330383903332,1.0,1.0983465479070726,1.1100321324767113
500,20000,1.0613901043032028,1.1,1.027711425430459,1.0426525607562138
500,20000,1.180356021787469,1.1,1.1658289136797026,1.1735359321734335
500,20000,1.093878004272963,1.1,1.063997259442068,1.0783447843359404
500,20000,1.1687338657062074,1.1,1.164637880720307,1.1661701733077092
500,20000,1.1473406293973032,1.1,1.12874604315297,1.139617621032138
500,20000,1.3888059540981454,1.1,1.3836711568582136,1.3856085961995217
500,20000,1.1817357468078704,1.1,1.1514419225221555,1.161105356746543
500,20000,1.1762902581456804,1.1,1.159923342496807,1.1687146756102504
500,20000,1.0778197601372443,1.0,1.048837896980411,1.0622661462452094
500,20000,1.0236252755030657,1.0,0.9745842938651206,0.9936434566811714
500,20000,1.1296560146895471,1.1,1.1193753766976573,1.1242137897866749
500,20000,1.1757874749295625,1.1,1.1674445862087532,1.1710003502475097
500,20000,1.1106192621369952,1.1,1.083405378759854,1.0976533669617976
500,20000,1.149108977071684,1.1,1.1066869942570898,1.1208235641676505
500,20000,0.9543638416332992,1.1,0.9111798365250472,0.9251603207704792
500,20000,1.033897964792652,1.1,0.988477097015068,0.995509985087774
500,20000,1.1974208138714648,1.1,1.183219800698244,1.1902294297487102
500,20000,1.124053070944221,1.1,1.104932354284024,1.1158692809045132
500,20000,1.120128772515879,1.1,1.1064984895283545,1.1127769300681256
500,20000,1.1811916920193894,1.1,1.1439812079888274,1.1511087672982785
500,20000,1.0813264265917188,1.0,1.0423321267822567,1.0591684880334309
500,20000,1.0882006405295588,1.1,1.045289175048676,1.054748220489926
500,20000,1.2392062236407986,1.0,1.1906616054738604,1.2036456606618748
500,20000,1.0693358053897275,1.0,1.0303829212573612,1.0430909209325323
500,20000,1.0291936053558903,1.1,0.9850551233860428,1.001429396096185
500,20000,1.1542058141299116,1.1,1.1288542936567043,1.1421016427348183
500,20000,1.1496694618421897,1.1,1.144168111230424,1.1466145131655832
500,20000,1.0951461344943578,1.0,1.0470937624891372,1.0432642757492328
500,20000,1.1621886358217255,1.1,1.1474675272100618,1.1539637641644225
500,20000,1.0343789286138072,1.1,0.9888918035578232,0.9948746842931588
500,20000,1.1814828849332155,1.1,1.1630836176437678,1.1718646227791212
500,20000,1.1463379842657826,1.1,1.1195008629876249,1.1303590040803566
500,20000,1.0321321211510586,1.0,0.9780754909073786,0.9782156074789649
500,20000,1.2543960961904654,1.1,1.2208673789724098,1.235301852506395
500,20000,1.137258519643351,1.1,1.1151284906145953,1.1265995561540076
500,20000,1.0220641670750308,1.0,0.97711138137611,0.9897514661589668
500,20000,1.0705808254990112,1.1,1.0260948132020964,1.0394909986009817
500,20000,0.980328641324224,1.1,0.9234189214352492,0.9185650848383096
500,20000,1.0799342298726875,1.1,1.0405875143338452,1.0572698973386714
500,20000,1.2274508543995786,1.0,1.183825041863276,1.192644424284448
500,20000,1.0361804014040907,1.1,0.9903282506524704,1.0051253435822234
500,20000,1.168855528532312,1.1,1.1487503332588374,1.1567614108196136
500,20000,1.2201272476081468,1.1,1.21752666191158,1.2188714757934218
500,20000,1.1216897953088631,1.0,1.0972539087623805,1.1071916932447536
500,20000,1.1718552793188983,1.1,1.135293270581961,1.147476124064219
500,20000,1.0396332961995622,1.1,1.010339347199268,1.0170251586362768
500,20000,1.0079312171685162,1.1,0.9570789928351684,0.9509547026087142
500,20000,1.2133093601326688,1.1,1.1642468846913507,1.1689484721884238
500,20000,1.1859229296998914,1.0,1.1694221848407584,1.1786989140779511
500,20000,1.0137003774614624,1.1,0.9609373267941544,0.9605202605944628
500,20000,1.142460709330249,1.1,1.0974057656849,1.1081390695252522
500,20000,1.2282054650036125,1.1,1.2278973271303288,1.2279725144759988
500,20000,1.037583007610724,1.1,0.9879116372948028,0.99083984993009
500,20000,1.15485321199306,1.0,1.124534628162441,1.13435533245618
500,20000,1.1133096167043182,1.1,1.078358928383554,1.095410368632672
500,20000,1.0109421766510702,1.1,0.9591963171428955,0.9650093866517604
500,20000,1.152592627663263,1.1,1.1279692945721669,1.1373535385313944
500,20000,1.0927880281447817,1.0,1.047235650680049,1.0596922375988542
500,20000,0.987973245179191,1.0,0.9431832670082196,0.953432059967619
500,20000,1.075290646293805,1.1,1.0671674930698023,1.0715379590579353
500,20000,1.1449112253931868,1.1,1.1400729981048847,1.142239076817691
500,20000,1.2318641252014304,1.1,1.200288782333519,1.2102180644445426
500,20000,0.973550969103936,1.1,0.9454896734690564,0.9554080242772702
500,20000,1.05966473661715,1.1,1.0095605942786003,1.017236906094353
500,20000,1.20145007055423,1.1,1.1619146157211562,1.172231806310984
500,20000,1.0852068620727429,1.1,1.0653524568618906,1.0750324940077698
500,20000,1.1970248089174935,1.1,1.1964680004458048,1.196809821042144
500,20000,1.0220449297256633,1.1,0.9672053083969528,0.9681382707658144
500,20000,1.036942951580247,1.1,0.9920910919600902,0.998457464022131
500,20000,1.0253393052898552,1.0,0.9756333833330414,0.988899722152324
500,20000,1.2706737336432348,1.1,1.2587094326377857,1.2659897293372877
500,20000,1.181834885331462,1.1,1.1639064397850063,1.1727815379442164
500,20000,1.009650652122911,1.1,0.9584396127221988,0.9643074640785678
500,20000,1.1274358522130936,1.0,1.0910628338227688,1.1042055870426022
500,20000,1.1006876663559686,1.1,1.0565057279892718,1.0640824474655464
500,20000,1.050791935782304,1.1,1.0407319012946254,1.0444160651100745
500,20000,1.3211442440060155,1.1,1.3211185004078467,1.321101235176604
500,20000,1.106285200537682,1.1,1.0524322056497903,1.0597787091488484
500,20000,1.174579156376584,1.1,1.146744512370374,1.1602823497656471
500,20000,1.0955269039371902,1.0,1.0465722202036123,1.0502528974423428
500,20000,1.20019340764017,1.1,1.1980027913601592,1.198932373368496
500,20000,1.0856227841783812,1.1,1.0359110533557774,1.0447115269540668
500,20000,1.1145304559439193,1.1,1.094638039216534,1.1032895248972805
500,20000,1.0407300794794987,1.0,1.001698417498393,1.0140533861565917
500,20000,0.964721006001586,1.1,0.9305325385577335,0.943296385872928
500,20000,1.0539977798251712,1.0,1.0066545361872157,1.014741119104587
500,20000,1.1469942882811663,1.0,1.104513012477065,1.1237693511711009
500,20000,1.0759923778205307,1.0,1.0276534612791366,1.0309889273322226
500,20000,1.2182989235690878,1.1,1.2147260268516171,1.216545203225324
500,20000,1.0545381944002634,1.0,1.0058472577771571,1.0137014835193323
500,20000,1.1771893933657522,1.1,1.142085786174578,1.1574726805713769
1000,1000,1.068221137427834,1.1,1.0648808828945258,1.065317637004605
1000,1000,1.0533365436442066,1.1,1.0292323810132284,1.0414502121126137
1000,1000,1.062336439355063,1.1,1.025986118881614,1.0320425368564383
1000,1000,1.0326791235345174,1.1,0.9985641395994448,1.0070957207106943
1000,1000,1.0969341439100029,1.1,1.0829217166592011,1.0902258260559716
1000,1000,1.0169692340165688,1.0,0.9916886689075182,1.0001109593252535
1000,1000,1.139291178539508,1.1,1.1101798380040913,1.1226444508342686
1000,1000,1.041405895849528,1.0,1.0063318860090762,1.013455361184143
1000,1000,1.141076909163912,1.1,1.116933192783862,1.1269751366641836
1000,1000,1.0787748541558106,1.1,1.0440927282798638,1.0498124826913793
1000,1000,1.088744851430733,1.1,1.0801613403933688,1.083812993982328
1000,1000,1.097538223065824,1.1,1.065135308005445,1.0786281420518256
1000,1000,1.0710538338726527,1.0,1.0567767406472486,1.0608410864769555
1000,1000,1.065815591688232,1.0,1.031426826545352,1.0366455099092269
1000,1000,1.0836945644437428,1.1,1.065056247243921,1.0730238488402848
1000,1000,1.1477847929066374,1.1,1.143668783707814,1.1455499403279663
1000,1000,1.079336809608122,1.1,1.0429690997439045,1.0477411257085545
1000,1000,1.1305972261885584,1.1,1.128613704705684,1.1292322131666246
1000,1000,1.166471309042464,1.1,1.155859049433837,1.1621589498064524
1000,1000,1.1126210316241212,1.1,1.07461667431694,1.0788042411702004
1000,1000,1.1219689173497944,1.1,1.097377578787139,1.1036836175846882
1000,1000,1.105640800857929,1.1,1.0777203853464252,1.088560104304421
1000,1000,1.058979476410691,1.1,1.0464717046295855,1.0528744578147475
1000,1000,1.1234274104890083,1.1,1.1137504670812952,1.1189010905545975
1000,1000,1.1630525005294394,1.1,1.1627519638677215,1.1630525005294394
1000,1000,1.017999034855252,1.1,0.98668590418456,0.9958807538490428
1000,1000,1.1517923194917654,1.1,1.1354355596735597,1.1434518769932691
1000,1000,1.2616296833381453,1.1,1.2616296833381455,1.2616296833381453
1000,1000,1.045775003632088,1.1,1.0176193436828325,1.02306488918464
1000,1000,1.0589146403537693,1.0,1.0292421436254309,1.0419667816646587
1000,1000,1.0914689674077558,1.1,1.0705704380970882,1.0778641059198597
1000,1000,1.0091311693475162,1.1,0.9766715323567988,0.9854975634077794
1000,1000,1.037388316428557,1.1,1.0232287556791295,1.0292345036762984
1000,1000,1.0498467890569845,1.1,1.0159900562896038,1.027620961505648
1000,1000,1.0471121599878368,1.1,1.0207927467847815,1.0282473333161375
1000,1000,1.13447784355626,1.1,1.1306570804340628,1.131129885430861
1000,1000,1.0380354698049798,1.1,1.0059841120223028,1.015330499878004
1000,1000,1.110304759009787,1.1,1.0997313835500586,1.1028308178676034
1000,1000,1.1417302882312093,1.1,1.132962448496282,1.1390312697216949
1000,1000,1.0714390365376203,1.1,1.0382865795381155,1.0505472531293625
1000,1000,1.0321517115125678,1.1,1.007531537354789,1.01547865689272
1000,1000,1.0370327919501323,1.1,1.003441278339687,1.0120321313316845
1000,1000,1.0711242636808431,1.0,1.0391070972066436,1.041072182874541
1000,1000,1.1380998464307166,1.0,1.1218385671099065,1.1245158584111914
1000,1000,1.102690948915193,1.1,1.084748048192088,1.0912792835978051
1000,1000,1.044835628167589,1.1,1.028877487550274,1.0366171335689012
1000,1000,1.0911759687650822,1.1,1.0672171071992285,1.0781250449603392
1000,1000,1.0855028130602815,1.1,1.067929376127616,1.0761767041743944
1000,1000,1.043600731207759,1.1,1.013593162081431,1.0243579571303838
1000,1000,1.1483499863382345,1.1,1.128237571343944,1.1368314232444716
1000,1000,1.0624987480723609,1.1,1.046900203344452,1.0525634225209866
1000,1000,1.0425340439799435,1.0,1.0046997725613789,1.004926875938632
1000,1000,1.0168562365164355,1.1,0.987903374008712,1.0007886099104495
1000,1000,1.0803977120049555,1.1,1.0770054684509454,1.0791799461908524
1000,1000,1.26676649227551,1.1,1.26676649227551,1.26676649227551
1000,1000,1.081948927620242,1.1,1.0611267030110685,1.068049348387333
1000,1000,1.173539929145338,1.1,1.1690374131540495,1.1719148345423556
1000,1000,1.162553651847696,1.1,1.1599620268063322,1.1610077168051252
1000,1000,1.068493653946434,1.0,1.0304337166531767,1.0336235497585742
1000,1000,1.086460901005711,1.1,1.0796021572032242,1.0830118180564108
1000,1000,1.0731668408546535,1.1,1.058333447388979,1.0661280251691445
1000,1000,1.165861104036556,1.1,1.1648110053432252,1.1654640806477388
1000,1000,1.07172883981089,1.1,1.0424550804147628,1.0519061421080842
1000,1000,1.18659158648692,1.1,1.1827533673588573,1.1846135646026823
1000,1000,1.0676031149950655,1.0,1.0327741939079096,1.0322394986307175
1000,1000,1.096507059328173,1.1,1.0826776265401457,1.0870564541497514
1000,1000,1.1403439182091808,1.1,1.1341996557891605,1.1356381631689951
1000,1000,1.2035169713026956,1.1,1.1913844362617811,1.1969633185340705
1000,1000,1.11284790667957,1.0,1.0910665252841358,1.0982090684010546
1000,1000,1.2151552532377723,1.1,1.214717788170558,1.2151552532377723
1000,1000,1.0748523408001898,1.1,1.0654492248931742,1.06830859562602
1000,1000,1.1133418658306111,1.1,1.0822286365972915,1.0899435887159925
1000,1000,1.096401851277001,1.1,1.0623070323434387,1.0754347566422433
1000,1000,1.1339451864547203,1.1,1.114936019359286,1.1248220313477213
1000,1000,1.0891404946684873,1.1,1.0577096612194938,1.07067695903939
1000,1000,1.0989882935056778,1.1,1.0681093272058375,1.0784194795612352
1000,1000,1.1705103644136874,1.1,1.1536781455549143,1.1622903101519282
1000,1000,1.1611676274553988,1.0,1.1261106235000595,1.132508489722398
1000,1000,1.249766120711408,1.1,1.2497661207114077,1.249706516524594
1000,1000,1.1330099946259329,1.0,1.111284115999956,1.1194700555557524
1000,1000,1.099360619605163,1.0,1.0867780100695013,1.0917702597214032
1000,1000,1.1474611881610748,1.0,1.137346482668401,1.1427847390403474
1000,1000,1.054169538285595,1.1,1.0223774785023811,1.024612428344584
1000,1000,1.067744581639771,1.0,1.0310039268930302,1.040525590008452
1000,1000,1.097342708931607,1.1,1.0627308390649393,1.0691125144695377
1000,1000,1.1464167949350166,1.1,1.139097374114752,1.1425296721640663
1000,1000,1.072544688765746,1.1,1.0526165241040408,1.0596912895089985
1000,1000,1.1329371178212455,1.1,1.128810226104764,1.1309937067013098
1000,1000,1.080415240868654,1.1,1.0548511061586558,1.062818612035607
1000,1000,1.0501207182211614,1.0,1.019386146372384,1.0306473559392095
1000,1000,1.0475391685766664,1.0,1.0099321518072415,1.0123241292491518
1000,1000,1.0403399796474575,1.1,1.0060270659971309,1.0103086545351538
1000,1000,1.1039676510060452,1.1,1.0850999318301215,1.095392541583475
1000,1000,1.1474199945814152,1.1,1.1462663938468638,1.1462188543905747
1000,1000,1.1635253745459058,1.1,1.1564302453987882,1.1600786145208335
1000,1000,1.005841689174105,1.1,0.9784311242068182,0.9891158624258496
1000,1000,1.0779777391398158,1.1,1.050019318081724,1.059013289024174
1000,1000,1.123675717630641,1.1,1.109233178320434,1.113686976113943
1000,1000,1.1811981035415873,1.1,1.1644908440533608,1.1710003007706675
1000,1000,1.1607443779477076,1.1,1.1527652758774003,1.1559176557837492
1000,5000,1.1418098656425122,1.1,1.1401810730598143,1.1407408807066353
1000,5000,1.0533365436442066,1.1,1.0302418295207856,1.039362871914755
1000,5000,1.062336439355063,1.1,1.026375594112194,1.0308005118311911
1000,5000,1.0326791235345174,1.1,0.998265752717406,1.0062169627042443
1000,5000,1.0969341439100029,1.1,1.085746562312601,1.091082495321886
1000,5000,1.0169692340165688,1.0,0.9913283133331078,1.0007350190575632
1000,5000,1.139291178539508,1.1,1.110551548572758,1.1224954703944623
1000,5000,1.041405895849528,1.0,1.0065544777607882,1.0125395130456096
1000,5000,1.141076909163912,1.1,1.1162827531515305,1.1265343513222956
1000,5000,1.0787748541558106,1.1,1.0440452030349092,1.0495441867803068
1000,5000,1.088744851430733,1.1,1.0805289172631087,1.0849268921636124
1000,5000,1.097538223065824,1.1,1.066963325875002,1.07979560395392
1000,5000,1.0710538338726527,1.0,1.0544533200859318,1.060830668947803
1000,5000,1.065815591688232,1.0,1.031114695286901,1.034877564869076
1000,5000,1.0836945644437428,1.1,1.0653514015896377,1.0726525792907224
1000,5000,1.1477847929066374,1.1,1.1432809568702935,1.145160784234197
1000,5000,1.079336809608122,1.1,1.043241465947206,1.0498442014845408
1000,5000,1.1305972261885584,1.1,1.1284188959256496,1.1291004512246705
1000,5000,1.166471309042464,1.1,1.1580726522559686,1.1624107442954577
1000,5000,1.1126210316241212,1.1,1.0751414257582204,1.0806753958485171
1000,5000,1.1219689173497944,1.1,1.0963652982303151,1.1052902770585082
1000,5000,1.105640800857929,1.1,1.077989094326798,1.08881551016413
1000,5000,1.058979476410691,1.1,1.0480011217356011,1.0536218665420904
1000,5000,1.1234274104890083,1.1,1.114325023806446,1.1188856036178214
1000,5000,1.1630525005294394,1.1,1.1627933622836055,1.1629772019059386
1000,5000,1.017999034855252,1.1,0.9864552774376996,0.99692339794482
1000,5000,1.1517923194917654,1.1,1.1343873566864242,1.1425810045225209
1000,5000,1.2616296833381453,1.1,1.2616296833381453,1.2616296833381453
1000,5000,1.045775003632088,1.1,1.0165828525770082,1.0236436282792136
1000,5000,1.0589146403537693,1.0,1.030572538982173,1.040832552185434
1000,5000,1.0914689674077558,1.1,1.06917872780512,1.0796136501646507
1000,5000,1.0091311693475162,1.1,0.9775162717401544,0.9826510880010694
1000,5000,1.037388316428557,1.1,1.0225565616762884,1.0302682426544614
1000,5000,1.0498467890569845,1.1,1.0157279988032029,1.0272448422099891
1000,5000,1.0471121599878368,1.1,1.0197782542857825,1.0292373814946565
1000,5000,1.13447784355626,1.1,1.1293177737226674,1.132293226168151
1000,5000,1.0380354698049798,1.1,1.0068546107050564,1.0144499388960075
1000,5000,1.110304759009787,1.1,1.0981285372037648,1.1029411300190928
1000,5000,1.1417302882312093,1.1,1.1349755718313344,1.1385163345934808
1000,5000,1.0714390365376203,1.1,1.039201846705428,1.0497114227320063
1000,5000,1.0321517115125678,1.1,1.008793923922846,1.0171070097370492
1000,5000,1.0370327919501323,1.1,1.001627488552857,1.0121209676092913
1000,5000,1.0711242636808431,1.0,1.0380776590840184,1.042075492297526
1000,5000,1.1380998464307166,1.0,1.1196652032184993,1.1253500537509746
1000,5000,1.102690948915193,1.1,1.085199672607423,1.0929460318512008
1000,5000,1.044835628167589,1.1,1.030351135063374,1.0369485468105135
1000,5000,1.0911759687650822,1.1,1.068574833734388,1.0778187172687532
1000,5000,1.0855028130602815,1.1,1.068539419429536,1.0759208693355378
1000,5000,1.043600731207759,1.1,1.013657834743995,1.022920713517789
1000,5000,1.1483499863382345,1.1,1.129292045237627,1.1377127151122772
1000,5000,1.0624987480723609,1.1,1.0453709256089432,1.052915406791864
1000,5000,1.0425340439799435,1.0,1.0043798807272142,1.0051024030638605
1000,5000,1.0168562365164355,1.1,0.989016101801952,0.9998192049059116
1000,5000,1.0803977120049555,1.1,1.077670555866433,1.0787150959340823
1000,5000,1.26676649227551,1.1,1.26676649227551,1.26676649227551
1000,5000,1.081948927620242,1.1,1.0600750701810304,1.067300573434487
1000,5000,1.173539929145338,1.1,1.170167391847757,1.171867904454463
1000,5000,1.162553651847696,1.1,1.1596874947033098,1.1603619151221656
1000,5000,1.068493653946434,1.0,1.0324240816880454,1.0348894119677778
1000,5000,1.086460901005711,1.1,1.0789792880893734,1.0824570128716589
1000,5000,1.0731668408546535,1.1,1.0593533687493166,1.0639694589497863
1000,5000,1.165861104036556,1.1,1.1650243645223637,1.1653548438922745
1000,5000,1.07172883981089,1.1,1.0423236504492457,1.0501510271715024
1000,5000,1.18659158648692,1.1,1.1834616845592536,1.1847212989393514
1000,5000,1.0676031149950655,1.0,1.0323850993920802,1.0334915301242331
1000,5000,1.096507059328173,1.1,1.081411205357869,1.085637513465577
1000,5000,1.1403439182091808,1.1,1.133407678214864,1.1363842132668458
1000,5000,1.2035169713026956,1.1,1.1903330211148533,1.1962970354517126
1000,5000,1.11284790667957,1.0,1.0912697033638312,1.0992429604637743
1000,5000,1.2151552532377723,1.1,1.2150671106858146,1.2151182355440044
1000,5000,1.0748523408001898,1.1,1.0630596032042874,1.068902727518656
1000,5000,1.1133418658306111,1.1,1.0833566749551589,1.091716207774164
1000,5000,1.096401851277001,1.1,1.0635168595167637,1.0747029151973824
1000,5000,1.1339451864547203,1.1,1.115578730299732,1.1226263174042788
1000,5000,1.0891404946684873,1.1,1.059853209826439,1.0698883899093434
1000,5000,1.0989882935056778,1.1,1.068089604350993,1.0794184829520956
1000,5000,1.1705103644136874,1.1,1.1552063054731163,1.1604350850476657
1000,5000,1.1611676274553988,1.0,1.1266268540309583,1.1305345830681308
1000,5000,1.249766120711408,1.1,1.2497024945606183,1.249766120711408
1000,5000,1.1330099946259329,1.0,1.1119180924404917,1.1207219443103995
1000,5000,1.099360619605163,1.0,1.0871164625315584,1.0915731340011532
1000,5000,1.1474611881610748,1.0,1.136520889364339,1.1428198222902533
1000,5000,1.054169538285595,1.1,1.02091092463711,1.0291433892495578
1000,5000,1.067744581639771,1.0,1.031514340186302,1.038287990509881
1000,5000,1.097342708931607,1.1,1.0627009449492175,1.0716294344616648
1000,5000,1.1464167949350166,1.1,1.1392585879713455,1.1428282199299358
1000,5000,1.072544688765746,1.1,1.0519195160418855,1.0612373147585716
1000,5000,1.1329371178212455,1.1,1.1300117498953282,1.1316212340393903
1000,5000,1.080415240868654,1.1,1.053806384750413,1.061009608801841
1000,5000,1.0501207182211614,1.0,1.019767697703939,1.0280924463014862
1000,5000,1.0475391685766664,1.0,1.0097778305071805,1.0135825024950187
1000,5000,1.0403399796474575,1.1,1.005256896915703,1.0107994608238224
1000,5000,1.1039676510060452,1.1,1.0867105054455843,1.0958716285217671
1000,5000,1.1474199945814152,1.1,1.145177070415617,1.1461193610751588
1000,5000,1.1635253745459058,1.1,1.155233827598369,1.159680621829358
1000,5000,1.005841689174105,1.1,0.9790120414414036,0.9897713178890536
1000,5000,1.0779777391398158,1.1,1.0505311727589,1.0597250953860426
1000,5000,1.123675717630641,1.1,1.1080903745856177,1.1155554225983355
1000,5000,1.1811981035415873,1.1,1.1643236501673826,1.1695411599576255
1000,5000,1.1607443779477076,1.1,1.1526999615730706,1.1563155810541403
1000,10000,1.0728350015297257,1.0,1.038278112088289,1.044903279481884
1000,10000,1.0533365436442066,1.1,1.0297414455512763,1.039666348834602
1000,10000,1.062336439355063,1.1,1.0260711908691067,1.0292418191216814
1000,10000,1.0326791235345174,1.1,0.9982236195564644,1.0056437499469917
1000,10000,1.0969341439100029,1.1,1.085627674702503,1.0910635061108802
1000,10000,1.0169692340165688,1.0,0.9915308830544672,1.0011851134203886
1000,10000,1.139291178539508,1.1,1.110474431478805,1.1224996544050507
1000,10000,1.041405895849528,1.0,1.0068842287633606,1.01225865214276
1000,10000,1.141076909163912,1.1,1.115706560618,1.1278201119391886
1000,10000,1.0787748541558106,1.1,1.0441937571325155,1.049620937624137
1000,10000,1.088744851430733,1.1,1.0808682308967423,1.0847361734921943
1000,10000,1.097538223065824,1.1,1.0675384008572706,1.0782604161049516
1000,10000,1.0710538338726527,1.0,1.0544086843533695,1.061244578929398
1000,10000,1.065815591688232,1.0,1.0304925301979273,1.0350830450460744
1000,10000,1.0836945644437428,1.1,1.0655051623502696,1.0725246676370523
1000,10000,1.1477847929066374,1.1,1.1432111224837296,1.1453353608000896
1000,10000,1.079336809608122,1.1,1.0431427728239944,1.048285272854021
1000,10000,1.1305972261885584,1.1,1.1281176803576671,1.1293481052334118
1000,10000,1.166471309042464,1.1,1.1585064928862316,1.1618596775135592
1000,10000,1.1126210316241212,1.1,1.074931408187907,1.082083630768898
1000,10000,1.1219689173497944,1.1,1.0965398257025198,1.1061751755105484
1000,10000,1.105640800857929,1.1,1.0778216235713678,1.0892412035320111
1000,10000,1.058979476410691,1.1,1.0485366065799069,1.0535255581863854
1000,10000,1.1234274104890083,1.1,1.1144248825202745,1.1185275447601224
1000,10000,1.1630525005294394,1.1,1.1628630145219132,1.1628681552919309
1000,10000,1.017999034855252,1.1,0.9861618979975652,0.9954797663293348
1000,10000,1.1517923194917654,1.1,1.1343371971402434,1.142794684099881
1000,10000,1.2616296833381453,1.1,1.261629683338145,1.2616296833381453
1000,10000,1.045775003632088,1.1,1.0166060837380702,1.0256517149529785
1000,10000,1.0589146403537693,1.0,1.030438353134413,1.0411938407798604
1000,10000,1.0914689674077558,1.1,1.070209669760592,1.0773732219736694
1000,10000,1.0091311693475162,1.1,0.977118572726734,0.9833211787772758
1000,10000,1.037388316428557,1.1,1.0234543805708525,1.0296574327226196
1000,10000,1.0498467890569845,1.1,1.0157787308062525,1.0269539549460005
1000,10000,1.0471121599878368,1.1,1.020757282927604,1.0278942589858835
1000,10000,1.13447784355626,1.1,1.1294701043101882,1.1323008812473945
1000,10000,1.0380354698049798,1.1,1.0063465129835658,1.015695151421967
1000,10000,1.110304759009787,1.1,1.0977372438055786,1.1034493441463562
1000,10000,1.1417302882312093,1.1,1.1349746747559109,1.1383909839745872
1000,10000,1.0714390365376203,1.1,1.0390406939741608,1.0505834694648148
1000,10000,1.0321517115125678,1.1,1.009497408466159,1.0162726205233996
1000,10000,1.0370327919501323,1.1,1.0020751115827915,1.0100977198193568
1000,10000,1.0711242636808431,1.0,1.0382380950059018,1.0422748431003217
1000,10000,1.1380998464307166,1.0,1.1194427250210688,1.1255026179004886
1000,10000,1.102690948915193,1.1,1.085145283978261,1.092191757934706
1000,10000,1.044835628167589,1.1,1.029997329320168,1.0372788026074284
1000,10000,1.0911759687650822,1.1,1.068379352886575,1.0773517708974252
1000,10000,1.0855028130602815,1.1,1.068584530041763,1.076270277384908
1000,10000,1.043600731207759,1.1,1.0138819461102755,1.0228241163494765
1000,10000,1.1483499863382345,1.1,1.129452961313315,1.1387223834239415
1000,10000,1.0624987480723609,1.1,1.045533873217608,1.0529196352441093
1000,10000,1.0425340439799435,1.0,1.0040233318406375,1.0044446878335989
1000,10000,1.0168562365164355,1.1,0.9879749425388972,1.000489532815983
1000,10000,1.0803977120049555,1.1,1.0772900449932696,1.0790260849135973
1000,10000,1.26676649227551,1.1,1.2667664922755102,1.26676649227551
1000,10000,1.081948927620242,1.1,1.0600424430628494,1.06768839888297
1000,10000,1.173539929145338,1.1,1.1702619065004811,1.1716893536335655
1000,10000,1.162553651847696,1.1,1.1591582906995026,1.1608936802411558
1000,10000,1.068493653946434,1.0,1.0322120995264863,1.0346611098703375
1000,10000,1.086460901005711,1.1,1.0788313363441482,1.082219484970627
1000,10000,1.0731668408546535,1.1,1.059227832549444,1.0643213876833115
1000,10000,1.165861104036556,1.1,1.164927469526876,1.1653406735944185
1000,10000,1.07172883981089,1.1,1.0421313261885412,1.0503287777931916
1000,10000,1.18659158648692,1.1,1.1833621829320655,1.18509226583918
1000,10000,1.0676031149950655,1.0,1.0325220182583963,1.034527258522705
1000,10000,1.096507059328173,1.1,1.0812661975936697,1.0865098349712945
1000,10000,1.1403439182091808,1.1,1.1332287477963028,1.1361230740627553
1000,10000,1.2035169713026956,1.1,1.1902286100855133,1.1963572375158202
1000,10000,1.11284790667957,1.0,1.091238769310644,1.0997525184919683
1000,10000,1.2151552532377723,1.1,1.215076972509457,1.2151036665416564
1000,10000,1.0748523408001898,1.1,1.063220882529825,1.0687225723935638
1000,10000,1.1133418658306111,1.1,1.0832300556535372,1.0913932436980185
1000,10000,1.096401851277001,1.1,1.0635842382798937,1.0746721485329258
1000,10000,1.1339451864547203,1.1,1.1148924834144298,1.1232733521740257
1000,10000,1.0891404946684873,1.1,1.0600386191913969,1.0701565720674215
1000,10000,1.0989882935056778,1.1,1.0685377913106893,1.0789768082933044
1000,10000,1.1705103644136874,1.1,1.1545090360206485,1.1606148333978197
1000,10000,1.1611676274553988,1.0,1.126478569795289,1.1315413163755907
1000,10000,1.249766120711408,1.1,1.2497342624611472,1.24974893015798
1000,10000,1.1330099946259329,1.0,1.112290047133707,1.121274626043144
1000,10000,1.099360619605163,1.0,1.0867269831163644,1.0915972427271332
1000,10000,1.1474611881610748,1.0,1.136901251150153,1.142576310426218
1000,10000,1.054169538285595,1.1,1.0209861049037,1.0300022961236617
1000,10000,1.067744581639771,1.0,1.031296064054362,1.0383836590632125
1000,10000,1.097342708931607,1.1,1.062671019214723,1.070479814477595
1000,10000,1.1464167949350166,1.1,1.1391146225187718,1.143480911430623
1000,10000,1.072544688765746,1.1,1.0518780133603818,1.061859057781375
1000,10000,1.1329371178212455,1.1,1.130308891964848,1.1315912694346564
1000,10000,1.080415240868654,1.1,1.0535074912100804,1.0618649030702478
1000,10000,1.0501207182211614,1.0,1.0195106710143855,1.0277816047968242
1000,10000,1.0475391685766664,1.0,1.00963245730676,1.0141738183730815
1000,10000,1.0403399796474575,1.1,1.0051011568005446,1.010966341022207
1000,10000,1.1039676510060452,1.1,1.087572054237382,1.0957963284252263
1000,10000,1.1474199945814152,1.1,1.145129184052352,1.146102968164607
1000,10000,1.1635253745459058,1.1,1.1554404437113706,1.159430074204912
1000,10000,1.005841689174105,1.1,0.9789565727142536,0.990054334356544
1000,10000,1.0779777391398158,1.1,1.0503851544049034,1.059809589996445
1000,10000,1.123675717630641,1.1,1.1084813950043342,1.1150263452374904
1000,10000,1.1811981035415873,1.1,1.1638541086091987,1.1698070347537597
1000,10000,1.1607443779477076,1.1,1.152647572995064,1.1565076682342983
1000,15000,1.171962925648156,1.1,1.1648478319086153,1.1685721521429635
1000,15000,1.0533365436442066,1.1,1.029745478234192,1.0398905202145892
1000,15000,1.062336439355063,1.1,1.0263094770441294,1.029398077340013
1000,15000,1.0326791235345174,1.1,0.9981136952670095,1.0062068808992908
1000,15000,1.0969341439100029,1.1,1.08581536725129,1.090983171179334
1000,15000,1.0169692340165688,1.0,0.9915810527620053,1.0012611322136709
1000,15000,1.139291178539508,1.1,1.1103625872552556,1.1229794509293003
1000,15000,1.041405895849528,1.0,1.0069429317292284,1.0123970658920778
1000,15000,1.141076909163912,1.1,1.116034995431095,1.127082815206296
1000,15000,1.0787748541558106,1.1,1.0440866406101832,1.049636743716353
1000,15000,1.088744851430733,1.1,1.080690659267134,1.084693829188199
1000,15000,1.097538223065824,1.1,1.0672990792246306,1.0790682944749426
1000,15000,1.0710538338726527,1.0,1.054631216960466,1.061452356573243
1000,15000,1.065815591688232,1.0,1.030213068715969,1.0352373258839236
1000,15000,1.0836945644437428,1.1,1.0658908968184062,1.0725617430189611
1000,15000,1.1477847929066374,1.1,1.1432100448287186,1.1455046797277526
1000,15000,1.079336809608122,1.1,1.042858101549561,1.048238220296964
1000,15000,1.1305972261885584,1.1,1.1280892414582917,1.1291998833809722
1000,15000,1.166471309042464,1.1,1.158188220764529,1.162472020614549
1000,15000,1.1126210316241212,1.1,1.0749502917805245,1.082816992813929
1000,15000,1.1219689173497944,1.1,1.0964886995783485,1.1057562684952489
1000,15000,1.105640800857929,1.1,1.0777943983038818,1.0893070193305494
1000,15000,1.058979476410691,1.1,1.0485938364776304,1.0532763013786433
1000,15000,1.1234274104890083,1.1,1.114300237610144,1.1191415438848609
1000,15000,1.1630525005294394,1.1,1.1627338673087402,1.1629503244584585
1000,15000,1.017999034855252,1.1,0.9858404527473964,0.9961802504628676
1000,15000,1.1517923194917654,1.1,1.1344878611469338,1.1429382102232502
1000,15000,1.2616296833381453,1.1,1.261629683338145,1.2616296833381453
1000,15000,1.045775003632088,1.1,1.0170534262804054,1.0245915417453113
1000,15000,1.0589146403537693,1.0,1.030621549986762,1.0410256323524674
1000,15000,1.0914689674077558,1.1,1.0697961237263145,1.0778370311605836
1000,15000,1.0091311693475162,1.1,0.9773695310070796,0.982769136399457
1000,15000,1.037388316428557,1.1,1.0235591299369782,1.0296826335040488
1000,15000,1.0498467890569845,1.1,1.015765364257436,1.0271982645190982
1000,15000,1.0471121599878368,1.1,1.020366417039748,1.0285576332597148
1000,15000,1.13447784355626,1.1,1.129620468658446,1.132387485424434
1000,15000,1.0380354698049798,1.1,1.0065947351983286,1.0151616684944826
1000,15000,1.110304759009787,1.1,1.0976938938352725,1.1036648561143427
1000,15000,1.1417302882312093,1.1,1.1349957112485494,1.138378257825878
1000,15000,1.0714390365376203,1.1,1.038999558488291,1.0505339635185278
1000,15000,1.0321517115125678,1.1,1.009501038181352,1.0168140947555884
1000,15000,1.0370327919501323,1.1,1.0020678863701304,1.010527118583263
1000,15000,1.0711242636808431,1.0,1.0385238601002824,1.0427714343286922
1000,15000,1.1380998464307166,1.0,1.1189246728209514,1.125482245023897
1000,15000,1.102690948915193,1.1,1.0846948668361869,1.0922272193706355
1000,15000,1.044835628167589,1.1,1.03022764041257,1.0372152064521227
1000,15000,1.0911759687650822,1.1,1.068222010180849,1.0779691147285164
1000,15000,1.0855028130602815,1.1,1.0687861445765432,1.0762217535365948
1000,15000,1.043600731207759,1.1,1.01390004947262,1.022598524375011
1000,15000,1.1483499863382345,1.1,1.1296748547408486,1.1380799936596169
1000,15000,1.0624987480723609,1.1,1.0454755517118015,1.0527604272469795
1000,15000,1.0425340439799435,1.0,1.00398107017121,1.0050669475562342
1000,15000,1.0168562365164355,1.1,0.987985715527882,1.0001892004585835
1000,15000,1.0803977120049555,1.1,1.0773617120836636,1.0790877914892114
1000,15000,1.26676649227551,1.1,1.26676649227551,1.2667664922755095
1000,15000,1.081948927620242,1.1,1.0599768869850903,1.0675824338292064
1000,15000,1.173539929145338,1.1,1.170267809797196,1.1717171022721808
1000,15000,1.162553651847696,1.1,1.1591853487952826,1.1611559711185486
1000,15000,1.068493653946434,1.0,1.0323780390908168,1.0340680209283613
1000,15000,1.086460901005711,1.1,1.0786990772769307,1.0822840539517544
1000,15000,1.0731668408546535,1.1,1.059263694304733,1.064776537282376
1000,15000,1.165861104036556,1.1,1.1649167990134055,1.1651887179452738
1000,15000,1.07172883981089,1.1,1.041976285525228,1.0499191449055258
1000,15000,1.18659158648692,1.1,1.1834778686872636,1.1850611412639471
1000,15000,1.0676031149950655,1.0,1.0324599566892814,1.034382630301326
1000,15000,1.096507059328173,1.1,1.0816413472629205,1.086838867183945
1000,15000,1.1403439182091808,1.1,1.1328919870809544,1.1364628883560777
1000,15000,1.2035169713026956,1.1,1.189947165394229,1.1972771487977647
1000,15000,1.11284790667957,1.0,1.0912072209863355,1.099026532630889
1000,15000,1.2151552532377723,1.1,1.215076376390563,1.215109279702585
1000,15000,1.0748523408001898,1.1,1.0631741364659213,1.068889836980676
1000,15000,1.1133418658306111,1.1,1.0829363679873574,1.0906633425885404
1000,15000,1.096401851277001,1.1,1.0637045498403923,1.0751735313766555
1000,15000,1.1339451864547203,1.1,1.1150161190160863,1.1229862856568995
1000,15000,1.0891404946684873,1.1,1.0600638708602308,1.0698099983192313
1000,15000,1.0989882935056778,1.1,1.0685786424067427,1.0785914384164466
1000,15000,1.1705103644136874,1.1,1.1546979709377334,1.1606138096418872
1000,15000,1.1611676274553988,1.0,1.1266693581631186,1.130620621830747
1000,15000,1.249766120711408,1.1,1.2497449287894624,1.2497123837832604
1000,15000,1.1330099946259329,1.0,1.112615182727092,1.1204593610855291
1000,15000,1.099360619605163,1.0,1.0863452414573949,1.0920382999917242
1000,15000,1.1474611881610748,1.0,1.13713912508851,1.1422909116037487
1000,15000,1.054169538285595,1.1,1.0211746092022267,1.0292941057100435
1000,15000,1.067744581639771,1.0,1.0314536349124304,1.0380095926747472
1000,15000,1.097342708931607,1.1,1.062630875950084,1.0709953015121003
1000,15000,1.1464167949350166,1.1,1.1395151178613363,1.1432854827314691
1000,15000,1.072544688765746,1.1,1.0522675915594002,1.0616991680439114
1000,15000,1.1329371178212455,1.1,1.1304826906219438,1.1316649475693854
1000,15000,1.080415240868654,1.1,1.0537416365748382,1.061992251363829
1000,15000,1.0501207182211614,1.0,1.0189231962418392,1.0287009169433203
1000,15000,1.0475391685766664,1.0,1.009753933583068,1.013842506193832
1000,15000,1.0403399796474575,1.1,1.0049829675598625,1.0110190840791022
1000,15000,1.1039676510060452,1.1,1.0880147976811467,1.0957727596772255
1000,15000,1.1474199945814152,1.1,1.145143708856466,1.1461046171882197
1000,15000,1.1635253745459058,1.1,1.1553945109304056,1.1595222600119954
1000,15000,1.005841689174105,1.1,0.9789981027785424,0.9895442831629896
1000,15000,1.0779777391398158,1.1,1.0502741393425583,1.0604882855019315
1000,15000,1.123675717630641,1.1,1.1081320292840533,1.1150524094360568
1000,15000,1.1811981035415873,1.1,1.1636106934295944,1.169967218357779
1000,15000,1.1607443779477076,1.1,1.1528055754642366,1.1563013404513864
1000,20000,1.1753309585346878,1.1,1.1592708053995908,1.1659992684792286
1000,20000,1.0533365436442066,1.1,1.0298304684279516,1.03974559631872
1000,20000,1.062336439355063,1.1,1.0259834691134435,1.0300179112549572
1000,20000,1.0326791235345174,1.1,0.9982550044084746,1.0058885570753469
1000,20000,1.0969341439100029,1.1,1.0856800502152608,1.0915332046590256
1000,20000,1.0169692340165688,1.0,0.9915569725201894,1.0012543507570908
1000,20000,1.139291178539508,1.1,1.1102886383664627,1.122685390573137
1000,20000,1.041405895849528,1.0,1.00682249290375,1.0125399593971345
1000,20000,1.141076909163912,1.1,1.116088482572161,1.1273130922792405
1000,20000,1.0787748541558106,1.1,1.0440412206831748,1.0491973988857264
1000,20000,1.088744851430733,1.1,1.080784077741023,1.0845731818978692
1000,20000,1.097538223065824,1.1,1.0673281412220932,1.0792692727779825
1000,20000,1.0710538338726527,1.0,1.054556550121656,1.0615227844253827
1000,20000,1.065815591688232,1.0,1.0301876830605774,1.034803165996741
1000,20000,1.0836945644437428,1.1,1.0655772933301657,1.0726569601864229
1000,20000,1.1477847929066374,1.1,1.143392386567318,1.1454145313476678
1000,20000,1.079336809608122,1.1,1.0426342544712428,1.048987839721615
1000,20000,1.1305972261885584,1.1,1.1280334162834795,1.1291704101101068
1000,20000,1.166471309042464,1.1,1.1582412915641824,1.1624457042205645
1000,20000,1.1126210316241212,1.1,1.0750390619130734,1.0825788329284622
1000,20000,1.1219689173497944,1.1,1.0968777407199208,1.1052287180521128
1000,20000,1.105640800857929,1.1,1.0778658164886334,1.089015644659291
1000,20000,1.058979476410691,1.1,1.0484993009670156,1.0534180674938276
1000,20000,1.1234274104890083,1.1,1.1142576008348413,1.119060976658254
1000,20000,1.1630525005294394,1.1,1.162750263499394,1.1629521669215823
1000,20000,1.017999034855252,1.1,0.9857650487569038,0.996649838685528
1000,20000,1.1517923194917654,1.1,1.1346386218680882,1.1430065691044426
1000,20000,1.2616296833381453,1.1,1.261629683338145,1.2616296833381455
1000,20000,1.045775003632088,1.1,1.0171978611617742,1.0243739698600245
1000,20000,1.0589146403537693,1.0,1.030687684855489,1.0408435931163234
1000,20000,1.0914689674077558,1.1,1.0694216834753374,1.0777729301753043
1000,20000,1.0091311693475162,1.1,0.97727374950865,0.9829950401660849
1000,20000,1.037388316428557,1.1,1.0234586411623916,1.0297838334318747
1000,20000,1.0498467890569845,1.1,1.0157873975944138,1.0274958907389995
1000,20000,1.0471121599878368,1.1,1.0205595620869126,1.02924777354344
1000,20000,1.13447784355626,1.1,1.1297328528284238,1.132338642969734
1000,20000,1.0380354698049798,1.1,1.0066332162085982,1.0148886117496214
1000,20000,1.110304759009787,1.1,1.097848274151925,1.1033388497593688
1000,20000,1.1417302882312093,1.1,1.1350697850611402,1.138549477474158
1000,20000,1.0714390365376203,1.1,1.0391653689856044,1.0500009779109978
1000,20000,1.0321517115125678,1.1,1.0093464060533717,1.017044390219492
1000,20000,1.0370327919501323,1.1,1.001806618635232,1.0110985158667325
1000,20000,1.0711242636808431,1.0,1.0384179102800797,1.042560603107991
1000,20000,1.1380998464307166,1.0,1.1190572176099327,1.1253099302880116
1000,20000,1.102690948915193,1.1,1.0846754358590494,1.0922842236058463
1000,20000,1.044835628167589,1.1,1.0303754466471309,1.0375245599169984
1000,20000,1.0911759687650822,1.1,1.0680017988429908,1.0779732594687643
1000,20000,1.0855028130602815,1.1,1.0689815876410214,1.0758740243496967
1000,20000,1.043600731207759,1.1,1.0138694868576876,1.0225061385878924
1000,20000,1.1483499863382345,1.1,1.129832725356081,1.1379317059504306
1000,20000,1.0624987480723609,1.1,1.0455201659523958,1.052912142077352
1000,20000,1.0425340439799435,1.0,1.003987719485615,1.0052989566867272
1000,20000,1.0168562365164355,1.1,0.9878378584291436,1.000305867340155
1000,20000,1.0803977120049555,1.1,1.0773641528910791,1.0789838615148035
1000,20000,1.26676649227551,1.1,1.26676649227551,1.26676649227551
1000,20000,1.081948927620242,1.1,1.0600882004542662,1.06718393892774
1000,20000,1.173539929145338,1.1,1.1702403914039283,1.1717462173505109
1000,20000,1.162553651847696,1.1,1.159319078969253,1.1611950334084524
1000,20000,1.068493653946434,1.0,1.0322256640048295,1.0338599996540012
1000,20000,1.086460901005711,1.1,1.0784691006133835,1.0824854219452926
1000,20000,1.0731668408546535,1.1,1.0591363436005952,1.0650214786734238
1000,20000,1.165861104036556,1.1,1.164868836143765,1.165221879568057
1000,20000,1.07172883981089,1.1,1.0419837157403498,1.04978280711502
1000,20000,1.18659158648692,1.1,1.183428999771712,1.18519475235889
1000,20000,1.0676031149950655,1.0,1.0325327656791687,1.033607402285712
1000,20000,1.096507059328173,1.1,1.081657675796084,1.0866726458617073
1000,20000,1.1403439182091808,1.1,1.1329080893031682,1.1363806720133134
1000,20000,1.2035169713026956,1.1,1.190110509964377,1.1970032442545189
1000,20000,1.11284790667957,1.0,1.0915480774409037,1.098821516712564
1000,20000,1.2151552532377723,1.1,1.2150634071990225,1.2151268028130435
1000,20000,1.0748523408001898,1.1,1.063209948884443,1.0685159534862976
1000,20000,1.1133418658306111,1.1,1.0827124866245357,1.0905790015226469
1000,20000,1.096401851277001,1.1,1.0636391332657706,1.0757440911298686
1000,20000,1.1339451864547203,1.1,1.1151961035279236,1.1227040533798456
1000,20000,1.0891404946684873,1.1,1.060273093181892,1.0695177111063183
1000,20000,1.0989882935056778,1.1,1.0685598674085055,1.0784089854140997
1000,20000,1.1705103644136874,1.1,1.1544301056752044,1.160655451152692
1000,20000,1.1611676274553988,1.0,1.126749676053599,1.130165202461345
1000,20000,1.249766120711408,1.1,1.2497322481176287,1.2497082715501096
1000,20000,1.1330099946259329,1.0,1.112566105303325,1.1209000811034424
1000,20000,1.099360619605163,1.0,1.0863384617074987,1.0920120272329086
1000,20000,1.1474611881610748,1.0,1.1370205816115384,1.142329259834085
1000,20000,1.054169538285595,1.1,1.0212667120124388,1.0291197719134235
1000,20000,1.067744581639771,1.0,1.031428688275194,1.037678218262894
1000,20000,1.097342708931607,1.1,1.0624577284134191,1.0717207715696624
1000,20000,1.1464167949350166,1.1,1.1395378843311434,1.143262733774336
1000,20000,1.072544688765746,1.1,1.0520791757757686,1.0618840755825365
1000,20000,1.1329371178212455,1.1,1.1305340281216605,1.1315639117419394
1000,20000,1.080415240868654,1.1,1.0538498784849266,1.0617568434739366
1000,20000,1.0501207182211614,1.0,1.0189051237958675,1.0282601624977386
1000,20000,1.0475391685766664,1.0,1.0098551521833528,1.0138405473613403
1000,20000,1.0403399796474575,1.1,1.004977205385678,1.0108759575466917
1000,20000,1.1039676510060452,1.1,1.087961438621373,1.095738229130728
1000,20000,1.1474199945814152,1.1,1.14518915712298,1.1461331087071636
1000,20000,1.1635253745459058,1.1,1.1556360608861007,1.1595056099942276
1000,20000,1.005841689174105,1.1,0.9791417459515264,0.9897754523851884
1000,20000,1.0779777391398158,1.1,1.0502704053594103,1.0606779932438788
1000,20000,1.123675717630641,1.1,1.1080339234231291,1.1151472940608762
1000,20000,1.1811981035415873,1.1,1.1636143476922471,1.169947541148567
1000,20000,1.1607443779477076,1.1,1.152889749611714,1.1561770144293873
1500,1000,1.081022238180945,1.1,1.0705983493212734,1.0761715076752865
1500,1000,1.0612778851637974,1.1,1.0353208134468292,1.0446027882995883
1500,1000,1.1520517183441663,1.1,1.1517492870305808,1.1520517183441663
1500,1000,1.1127279393339164,1.1,1.1034552788462793,1.1094966513052589
1500,1000,1.0687642033719256,1.1,1.058710208174304,1.0611824525634934
1500,1000,1.057513786977366,1.1,1.0283663902136615,1.0373084119761065
1500,1000,1.1006979632524458,1.1,1.0910617435817698,1.0965431788111493
1500,1000,1.1338503259578512,1.1,1.1330070325949175,1.133594872717559
1500,1000,1.121019347739829,1.1,1.1193681997114466,1.1197546423382292
1500,1000,1.052664159263578,1.1,1.0288423015504402,1.0376936143169344
1500,1000,0.9869128681465316,1.0,0.9614457379291288,0.9683341767019976
1500,1000,1.0943566945001018,1.1,1.0852272161665737,1.0899014922652372
1500,1000,1.1089732243272303,1.1,1.090814605314259,1.1000524149199922
1500,1000,1.064939966880324,1.0,1.0363113308757943,1.0434295912135578
1500,1000,1.1608688512896157,1.1,1.1587290199067024,1.1599334842993183
1500,1000,1.1680823185285394,1.1,1.166304860982302,1.1680823185285396
1500,1000,1.1377980899656062,1.0,1.119260462426229,1.1264885103571582
1500,1000,1.048602948072532,1.1,1.0302381467881991,1.035132152838898
1500,1000,1.063054707856767,1.1,1.0580557387967262,1.060530848457232
1500,1000,1.0987415793547672,1.1,1.092140021636193,1.0955602842489405
1500,1000,1.06066401616775,1.1,1.0507577223740672,1.0555972238833882
1500,1000,1.1001123633127738,1.1,1.0752413426430272,1.0817575936192865
1500,1000,1.129503899059361,1.1,1.1284837107861367,1.1292403595838785
1500,1000,1.072928623739511,1.1,1.0535577038229658,1.057336049229041
1500,1000,1.108962649942637,1.0,1.079428108354599,1.0859133906732477
1500,1000,1.0886810036737096,1.1,1.0680810471411653,1.0779581000719085
1500,1000,1.0563856017272046,1.1,1.0401691029672309,1.0482305180193316
1500,1000,1.2035397117391191,1.1,1.2035397117391191,1.2035397117391191
1500,1000,1.0416137061239044,1.0,1.0150010321748535,1.0186990562878964
1500,1000,1.086908806093657,1.1,1.0624664784749565,1.068943503629597
1500,1000,1.131791069236991,1.1,1.118221987308078,1.1249457319548644
1500,1000,1.0883182777093354,1.1,1.075588355040505,1.0810480655660268
1500,1000,1.0608504545685016,1.0,1.0323805370031354,1.0371952534721904
1500,1000,1.081403436433233,1.1,1.071903659012902,1.0755492676465253
1500,1000,1.1417376122818577,1.1,1.1181313853125583,1.1219398683949229
1500,1000,1.102302998458444,1.1,1.0920383031597631,1.0961264515032545
1500,1000,1.100243426037959,1.1,1.0952348877500813,1.096621686267086
1500,1000,1.1266072698684022,1.1,1.1080965196472956,1.115398680778718
1500,1000,1.080728677097138,1.0,1.052867567002791,1.0541823714937124
1500,1000,1.2016176516079264,1.1,1.201397529019465,1.2010267367549343
1500,1000,1.1260753058452075,1.1,1.119197823043801,1.1235767950363946
1500,1000,1.1451848224180012,1.1,1.138886226583417,1.1422262307830586
1500,1000,1.0930698504477174,1.1,1.0862406139519185,1.0893062010168124
1500,1000,1.0874162153496572,1.1,1.0760282881560097,1.0815032769615829
1500,1000,1.071992138373382,1.1,1.0561533047370326,1.0639503630505305
1500,1000,1.1595085934021767,1.1,1.1574957483726187,1.1588518661272924
1500,1000,1.076893689801735,1.1,1.0489435821595194,1.0522934846498873
1500,1000,1.0330614052993878,1.1,1.0243209984967,1.029276689977897
1500,1000,1.1486048896300265,1.1,1.141395273176404,1.1454723960128088
1500,1000,1.1066059926509833,1.1,1.0866846106920638,1.0955114145332645
1500,1000,1.179473123785484,1.1,1.1794731237854843,1.1789475955262008
1500,1000,1.098923072229491,1.1,1.094080653695686,1.0961531892280632
1500,1000,1.1099759140513392,1.1,1.102268905230294,1.1063845014554456
1500,1000,1.1513228252014036,1.1,1.1432298766169096,1.1461731238152637
1500,1000,1.0876301756866176,1.0,1.0589154765567617,1.0618881016305513
1500,1000,1.072654906217707,1.1,1.0659229557747325,1.0665097349955304
1500,1000,1.1587421801308389,1.1,1.1377409671601444,1.1478358063657816
1500,1000,1.137397399862433,1.1,1.1363587725690656,1.1363149018866852
1500,1000,1.158844071786144,1.1,1.1588440717861443,1.158844071786144
1500,1000,1.1082096462440776,1.1,1.1031137187259092,1.10537877502436
1500,1000,1.1351956892014865,1.1,1.1275282980537709,1.1307894170867363
1500,1000,1.1226743585204355,1.1,1.1212009054152308,1.1224274819754398
1500,1000,1.1054060133647303,1.1,1.1027167331781975,1.1038851516683688
1500,1000,1.0289432158701908,1.1,1.004652018977508,1.0155146678761708
1500,1000,1.193942357482602,1.1,1.193443148652441,1.193942357482602
1500,1000,1.107996395657087,1.1,1.1043205039584685,1.1058061928530367
1500,1000,1.0742224135919185,1.1,1.0472542314342477,1.0514924782908257
1500,1000,1.078443313302584,1.1,1.0558526239820634,1.0636688691543257
1500,1000,1.0392672531969809,1.1,1.0313571056731232,1.035754137595318
1500,1000,1.0250040624132064,1.1,0.9967454922915524,1.0041507857000074
1500,1000,1.1101915308414496,1.1,1.1060009561487911,1.1084149239825467
1500,1000,1.1348024028930273,1.1,1.1217203088112178,1.1263061895792863
1500,1000,1.1659421078995291,1.1,1.1659421078995291,1.1657761054275568
1500,1000,1.1439591465102992,1.1,1.142575318645074,1.1434784991219975
1500,1000,1.0817337480771134,1.1,1.0674782988970524,1.0745540412591867
1500,1000,1.135092968469788,1.1,1.1332530605394122,1.1343215985948745
1500,1000,1.1004692238326872,1.1,1.0815254847363924,1.0855493223065569
1500,1000,1.1480756424167031,1.1,1.1476417939735164,1.1478012628301162
1500,1000,1.1161663535532118,1.1,1.116166353553212,1.1159697147134455
1500,1000,1.1118848152204437,1.1,1.0940837043252576,1.101729691202627
1500,1000,1.0332168942754492,1.0,1.0154277516368913,1.0195889998933405
1500,1000,1.2433341593392393,1.1,1.2380324296159122,1.2402754091841184
1500,1000,1.0966766985129368,1.1,1.0765696165298035,1.0859443473167842
1500,1000,1.091332430302857,1.1,1.0612711479285668,1.0603503758769657
1500,1000,1.0337936114790485,1.0,1.0093863500106437,1.017619525615456
1500,1000,1.124970635821327,1.1,1.124970635821327,1.1247198051718204
1500,1000,1.0523157366979847,1.1,1.028568077607194,1.038630507547187
1500,1000,1.053233506079005,1.1,1.0379201652104524,1.0456970207802785
1500,1000,1.0268113727049937,1.1,1.0102417362125349,1.0166041697314767
1500,1000,1.0164100180854956,1.1,1.0023321840474135,1.0081364452803383
1500,1000,1.1168304758759051,1.1,1.0996496326925875,1.105052886614236
1500,1000,1.0335023916496036,1.1,1.0304425586515311,1.0315196549065648
1500,1000,1.1669736746880053,1.1,1.155795184908841,1.1627744280017838
1500,1000,1.160283481700391,1.1,1.1553750827655735,1.1587682934394234
1500,1000,1.0460645904035435,1.1,1.0202488321174548,1.026015443391136
1500,1000,1.1030925310660933,1.1,1.0791668172148356,1.0827279407043604
1500,1000,1.026965557357074,1.1,1.0058565751082664,1.0124420667141016
1500,1000,1.0942071364372867,1.1,1.0900004563583965,1.0919726452707028
1500,1000,1.0800468463203914,1.1,1.0618001095704988,1.067791616662436
1500,1000,1.1825013660393808,1.1,1.182501366039381,1.1825013660393806
1500,5000,1.164868099909592,1.1,1.1602719629688782,1.162882752617218
1500,5000,1.0612778851637974,1.1,1.0358258106275298,1.0439258346678275
1500,5000,1.1520517183441663,1.1,1.1518806187990769,1.1519225699407498
1500,5000,1.1127279393339164,1.1,1.1041515726096898,1.1085472980890896
1500,5000,1.0687642033719256,1.1,1.0573520033108568,1.0628329807698922
1500,5000,1.057513786977366,1.1,1.0285224434379516,1.037059704742874
1500,5000,1.1006979632524458,1.1,1.0911363548196569,1.095353810085124
1500,5000,1.1338503259578512,1.1,1.133320856716235,1.1335188863387964
1500,5000,1.121019347739829,1.1,1.1190211606625988,1.1200059798462203
1500,5000,1.052664159263578,1.1,1.028543416827784,1.0374372616336984
1500,5000,0.9869128681465316,1.0,0.9600585287040746,0.9673794632346696
1500,5000,1.0943566945001018,1.1,1.0858362006460625,1.089562666222195
1500,5000,1.1089732243272303,1.1,1.092675361712072,1.0984240584373008
1500,5000,1.064939966880324,1.0,1.0370636856036957,1.041459410731295
1500,5000,1.1608688512896157,1.1,1.1590888916260265,1.1599777475615618
1500,5000,1.1680823185285394,1.1,1.1671778967011388,1.1676212821962055
1500,5000,1.1377980899656062,1.0,1.1184749477943718,1.1272163962044413
1500,5000,1.048602948072532,1.1,1.0300311029065328,1.0376762274448088
1500,5000,1.063054707856767,1.1,1.057975242242288,1.060163675586771
1500,5000,1.0987415793547672,1.1,1.09325172494249,1.0957795402638146
1500,5000,1.06066401616775,1.1,1.0518628604465363,1.0560621998345538
1500,5000,1.1001123633127738,1.1,1.0747726770562176,1.0821444292393347
1500,5000,1.129503899059361,1.1,1.1287821047232864,1.129199600836934
1500,5000,1.072928623739511,1.1,1.053009553570864,1.059337334948422
1500,5000,1.108962649942637,1.0,1.0804077872069104,1.0873975224497603
1500,5000,1.0886810036737096,1.1,1.069068339101114,1.0777129126771556
1500,5000,1.0563856017272046,1.1,1.040950065974772,1.0472070902122983
1500,5000,1.2035397117391191,1.1,1.203486531486401,1.2034142533951546
1500,5000,1.0416137061239044,1.0,1.015793917946751,1.0199069532031213
1500,5000,1.086908806093657,1.1,1.0617249123016688,1.070353574597276
1500,5000,1.131791069236991,1.1,1.1182734725935135,1.1241783453759924
1500,5000,1.0883182777093354,1.1,1.074182266841924,1.080852388119983
1500,5000,1.0608504545685016,1.0,1.031483080044837,1.0388130376379592
1500,5000,1.081403436433233,1.1,1.0714226857411482,1.076410063260502
1500,5000,1.1417376122818577,1.1,1.1171204509184425,1.123236976896818
1500,5000,1.102302998458444,1.1,1.090200018090879,1.095980298197441
1500,5000,1.100243426037959,1.1,1.0952627948220994,1.0978736960334636
1500,5000,1.1266072698684022,1.1,1.1075755820623454,1.11571359130876
1500,5000,1.080728677097138,1.0,1.0531659384226502,1.0530921229094807
1500,5000,1.2016176516079264,1.1,1.201077373109983,1.201454085703053
1500,5000,1.1260753058452075,1.1,1.1193391568566584,1.1223908290249158
1500,5000,1.1451848224180012,1.1,1.139718455748149,1.1418108587982096
1500,5000,1.0930698504477174,1.1,1.0851123352259064,1.0889345678468294
1500,5000,1.0874162153496572,1.1,1.076753208980882,1.082199223841127
1500,5000,1.071992138373382,1.1,1.0564486398175157,1.0635299384499963
1500,5000,1.1595085934021767,1.1,1.1574877460287047,1.1584377157134025
1500,5000,1.076893689801735,1.1,1.0493562279565527,1.0497254486389362
1500,5000,1.0330614052993878,1.1,1.0242616057404594,1.0280983716460896
1500,5000,1.1486048896300265,1.1,1.1424164718344167,1.145633212449444
1500,5000,1.1066059926509833,1.1,1.0866030730901617,1.09435668876811
1500,5000,1.179473123785484,1.1,1.178771393892376,1.17923261971497
1500,5000,1.098923072229491,1.1,1.093764008165636,1.0962105108574434
1500,5000,1.1099759140513392,1.1,1.103092078264264,1.1066051137993047
1500,5000,1.1513228252014036,1.1,1.143125818828089,1.1468235762137766
1500,5000,1.0876301756866176,1.0,1.0586463935884782,1.0620469453350267
1500,5000,1.072654906217707,1.1,1.0641996587543914,1.0669147894759077
1500,5000,1.1587421801308389,1.1,1.1386687954603385,1.146323885346272
1500,5000,1.137397399862433,1.1,1.1356523606085855,1.1367869767733991
1500,5000,1.158844071786144,1.1,1.1586966966196053,1.158747186797864
1500,5000,1.1082096462440776,1.1,1.1030814693806483,1.105891805985937
1500,5000,1.1351956892014865,1.1,1.127126080923526,1.1308863582849098
1500,5000,1.1226743585204355,1.1,1.1215702347707788,1.1217064974855828
1500,5000,1.1054060133647303,1.1,1.102019768323709,1.1036490145879885
1500,5000,1.0289432158701908,1.1,1.005132938873755,1.0162968437017144
1500,5000,1.193942357482602,1.1,1.193743407458811,1.1938277218881583
1500,5000,1.107996395657087,1.1,1.103864376734789,1.1059271842969418
1500,5000,1.0742224135919185,1.1,1.046682457948486,1.050552520289352
1500,5000,1.078443313302584,1.1,1.055134531294252,1.063957198917891
1500,5000,1.0392672531969809,1.1,1.032290503944123,1.03611915855902
1500,5000,1.0250040624132064,1.1,0.9971883806630452,1.0044377419480486
1500,5000,1.1101915308414496,1.1,1.1059460864566266,1.1085372326352898
1500,5000,1.1348024028930273,1.1,1.1202931232571458,1.126217257107495
1500,5000,1.1659421078995291,1.1,1.1658879611790034,1.1658647299862572
1500,5000,1.1439591465102992,1.1,1.1429001567484738,1.1432850055544046
1500,5000,1.0817337480771134,1.1,1.069401806150477,1.0754348049547549
1500,5000,1.135092968469788,1.1,1.1336528568556898,1.1346239286570317
1500,5000,1.1004692238326872,1.1,1.080487600123261,1.084984971029591
1500,5000,1.1480756424167031,1.1,1.1475758521802637,1.147775645550962
1500,5000,1.1161663535532118,1.1,1.1160071555505031,1.1160543771452265
1500,5000,1.1118848152204437,1.1,1.0951734301931937,1.1018809040449928
1500,5000,1.0332168942754492,1.0,1.0140764098512596,1.020383688721513
1500,5000,1.2433341593392393,1.1,1.238163672050758,1.2404712878013322
1500,5000,1.0966766985129368,1.1,1.0766618934885162,1.085465790605476
1500,5000,1.091332430302857,1.1,1.0611253896968285,1.0614831017034445
1500,5000,1.0337936114790485,1.0,1.010255290595269,1.0187384982479768
1500,5000,1.124970635821327,1.1,1.1246521315355626,1.1246937679613496
1500,5000,1.0523157366979847,1.1,1.0306897379455244,1.0379226540308315
1500,5000,1.053233506079005,1.1,1.038732650589184,1.0451259498990906
1500,5000,1.0268113727049937,1.1,1.0081290488267176,1.0165904677165698
1500,5000,1.0164100180854956,1.1,1.0014241594981248,1.005724422337023
1500,5000,1.1168304758759051,1.1,1.0988690138969006,1.1056305778258224
1500,5000,1.0335023916496036,1.1,1.0296808275927558,1.031521538542749
1500,5000,1.1669736746880053,1.1,1.1567463984497817,1.1615341718112815
1500,5000,1.160283481700391,1.1,1.1563227510947427,1.1585134065311735
1500,5000,1.0460645904035435,1.1,1.019648076867866,1.0285105563973
1500,5000,1.1030925310660933,1.1,1.0785392535565597,1.084160965893751
1500,5000,1.026965557357074,1.1,1.005983432276644,1.0124426302147758
1500,5000,1.0942071364372867,1.1,1.0892217742776156,1.091950001168287
1500,5000,1.0800468463203914,1.1,1.0614277747697052,1.0693383825454943
1500,5000,1.1825013660393808,1.1,1.1822077695543949,1.1823904443350082
1500,10000,1.1521717809608032,1.1,1.1509594016208649,1.1515480641408369
1500,10000,1.0612778851637974,1.1,1.035933247384252,1.0436462472887196
1500,10000,1.1520517183441663,1.1,1.1518529511668745,1.1520040215891196
1500,10000,1.1127279393339164,1.1,1.1041864183073042,1.1088327545343015
1500,10000,1.0687642033719256,1.1,1.057348587927326,1.062559840110018
1500,10000,1.057513786977366,1.1,1.0287256369628883,1.0362941055100336
1500,10000,1.1006979632524458,1.1,1.090835149662554,1.0955266292931651
1500,10000,1.1338503259578512,1.1,1.1332138335081303,1.1333820324047394
1500,10000,1.121019347739829,1.1,1.1189685026239993,1.1199514273073776
1500,10000,1.052664159263578,1.1,1.0286605096951085,1.037019271461328
1500,10000,0.9869128681465316,1.0,0.9599537811158524,0.9669298310691812
1500,10000,1.0943566945001018,1.1,1.0856738980014509,1.0896945855642173
1500,10000,1.1089732243272303,1.1,1.0920316664433316,1.099249160554755
1500,10000,1.064939966880324,1.0,1.036869430210575,1.04115973206525
1500,10000,1.1608688512896157,1.1,1.1591195744241012,1.1598425586535404
1500,10000,1.1680823185285394,1.1,1.1671918536749608,1.1677591121657316
1500,10000,1.1377980899656062,1.0,1.1185107380980153,1.12732403812805
1500,10000,1.048602948072532,1.1,1.0303203341817062,1.0380418967567295
1500,10000,1.063054707856767,1.1,1.0579447076202777,1.0599913893566824
1500,10000,1.0987415793547672,1.1,1.093361127567488,1.0956650289851837
1500,10000,1.06066401616775,1.1,1.051708161807795,1.056204755630724
1500,10000,1.1001123633127738,1.1,1.0745146541457713,1.0824458201305986
1500,10000,1.129503899059361,1.1,1.1288617136406554,1.129252321223507
1500,10000,1.072928623739511,1.1,1.0530565059923311,1.058179138481309
1500,10000,1.108962649942637,1.0,1.0807915025745147,1.0859011901763074
1500,10000,1.0886810036737096,1.1,1.06915182260903,1.0778813287524105
1500,10000,1.0563856017272046,1.1,1.0407853424752584,1.0480049646150018
1500,10000,1.2035397117391191,1.1,1.2033922150960672,1.2035028728059958
1500,10000,1.0416137061239044,1.0,1.01569685705424,1.0201197064640437
1500,10000,1.086908806093657,1.1,1.061912768234612,1.0699903811210667
1500,10000,1.131791069236991,1.1,1.118464237883032,1.1236813434708093
1500,10000,1.0883182777093354,1.1,1.0744723871612982,1.0809348139125263
1500,10000,1.0608504545685016,1.0,1.0316519365546784,1.038142757137581
1500,10000,1.081403436433233,1.1,1.0715118403400463,1.0758592635864517
1500,10000,1.1417376122818577,1.1,1.117121154775927,1.1230578898122003
1500,10000,1.102302998458444,1.1,1.0900202850014316,1.096225176339447
1500,10000,1.100243426037959,1.1,1.0954603171878632,1.0978580747146625
1500,10000,1.1266072698684022,1.1,1.1083012536697652,1.1148323752272449
1500,10000,1.080728677097138,1.0,1.0530854358373982,1.053299258951195
1500,10000,1.2016176516079264,1.1,1.2011652484206674,1.2011980030326288
1500,10000,1.1260753058452075,1.1,1.119336327318353,1.1225209261748637
1500,10000,1.1451848224180012,1.1,1.1394132162039412,1.142338186571022
1500,10000,1.0930698504477174,1.1,1.0851409309008018,1.0887378561909755
1500,10000,1.0874162153496572,1.1,1.0767924837839469,1.0817826700056057
1500,10000,1.071992138373382,1.1,1.0564877850319694,1.0639711968505592
1500,10000,1.1595085934021767,1.1,1.1574887810167522,1.1582718477902465
1500,10000,1.076893689801735,1.1,1.049234272263914,1.0500134625188566
1500,10000,1.0330614052993878,1.1,1.0237833133724543,1.028908996116382
1500,10000,1.1486048896300265,1.1,1.1429113474807846,1.1451192243582633
1500,10000,1.1066059926509833,1.1,1.0861852072420874,1.094475927673644
1500,10000,1.179473123785484,1.1,1.1789098662748625,1.179025171883366
1500,10000,1.098923072229491,1.1,1.0936867613407597,1.0962779711782922
1500,10000,1.1099759140513392,1.1,1.1031567016161703,1.1067513352900362
1500,10000,1.1513228252014036,1.1,1.1432327342514406,1.1467832322784244
1500,10000,1.0876301756866176,1.0,1.0582551538417817,1.063102193954066
1500,10000,1.072654906217707,1.1,1.063632325894735,1.0677512800383009
1500,10000,1.1587421801308389,1.1,1.138366507722551,1.1467129248230226
1500,10000,1.137397399862433,1.1,1.1359078411478842,1.136370597567916
1500,10000,1.158844071786144,1.1,1.1586674094364129,1.1588223245769922
1500,10000,1.1082096462440776,1.1,1.1033643813910547,1.1059085152573804
1500,10000,1.1351956892014865,1.1,1.127482413641998,1.130648254770889
1500,10000,1.1226743585204355,1.1,1.1212660028200112,1.1220599840792211
1500,10000,1.1054060133647303,1.1,1.1018699296226928,1.103623546915259
1500,10000,1.0289432158701908,1.1,1.0054993306212334,1.016056260676249
1500,10000,1.193942357482602,1.1,1.1937195165794363,1.1937350051923692
1500,10000,1.107996395657087,1.1,1.1041329394243968,1.1061062185155626
1500,10000,1.0742224135919185,1.1,1.0468068599252471,1.0514696813271238
1500,10000,1.078443313302584,1.1,1.0553169977744628,1.0635644880564925
1500,10000,1.0392672531969809,1.1,1.03270499122683,1.03549843285929
1500,10000,1.0250040624132064,1.1,0.9970971978502422,1.0043457030863503
1500,10000,1.1101915308414496,1.1,1.1063014792913406,1.10864331522397
1500,10000,1.1348024028930273,1.1,1.1199855261227485,1.1269838492123463
1500,10000,1.1659421078995291,1.1,1.1658546840005708,1.1659288275332598
1500,10000,1.1439591465102992,1.1,1.1428671312118877,1.1433773248831929
1500,10000,1.0817337480771134,1.1,1.069386284626894,1.0751300780783182
1500,10000,1.135092968469788,1.1,1.133921926179716,1.1343897625462311
1500,10000,1.1004692238326872,1.1,1.0801250418910635,1.0853404772087647
1500,10000,1.1480756424167031,1.1,1.1475315483103976,1.147744655609258
1500,10000,1.1161663535532118,1.1,1.115985511444254,1.1161118535520769
1500,10000,1.1118848152204437,1.1,1.0953649042462164,1.1023489468838112
1500,10000,1.0332168942754492,1.0,1.014117860721925,1.0209054314632011
1500,10000,1.2433341593392393,1.1,1.2382381620647147,1.24052473393445
1500,10000,1.0966766985129368,1.1,1.0769548448193074,1.0850397474717624
1500,10000,1.091332430302857,1.1,1.061139456323362,1.0617430686787352
1500,10000,1.0337936114790485,1.0,1.0102406157910002,1.019051677941421
1500,10000,1.124970635821327,1.1,1.1245761164249286,1.1247260138465451
1500,10000,1.0523157366979847,1.1,1.0307131852088178,1.0380611538668207
1500,10000,1.053233506079005,1.1,1.038910162174669,1.04511071411961
1500,10000,1.0268113727049937,1.1,1.0078385249769832,1.01650093498967
1500,10000,1.0164100180854956,1.1,1.0004794948337252,1.0059775541451594
1500,10000,1.1168304758759051,1.1,1.0985756273531018,1.105727371526277
1500,10000,1.0335023916496036,1.1,1.0297475944777852,1.0316812381511904
1500,10000,1.1669736746880053,1.1,1.1564908592133651,1.1614865078033416
1500,10000,1.160283481700391,1.1,1.1566402562203553,1.1583419101921366
1500,10000,1.0460645904035435,1.1,1.0199623820510837,1.0281349036040297
1500,10000,1.1030925310660933,1.1,1.078259071977634,1.0846965666942014
1500,10000,1.026965557357074,1.1,1.005573398723468,1.0128520305462057
1500,10000,1.0942071364372867,1.1,1.0893241558277396,1.091941119398835
1500,10000,1.0800468463203914,1.1,1.0619191774113703,1.0689601224735248
1500,10000,1.1825013660393808,1.1,1.1822062251555274,1.182370867045574
1500,15000,1.0728264718814615,1.1,1.069551106201702,1.071230032549311
1500,15000,1.0612778851637974,1.1,1.0358034637308675,1.0432892226346524
1500,15000,1.1520517183441663,1.1,1.1518452508355963,1.1520177156654503
1500,15000,1.1127279393339164,1.1,1.1042644980172307,1.1088830460280412
1500,15000,1.0687642033719256,1.1,1.05722270034713,1.0626570098448886
1500,15000,1.057513786977366,1.1,1.028620084638784,1.036750706705157
1500,15000,1.1006979632524458,1.1,1.0910439280289916,1.0956071281714157
1500,15000,1.1338503259578512,1.1,1.1331337974777085,1.1334780777914504
1500,15000,1.121019347739829,1.1,1.1189302399027323,1.1201142499596757
1500,15000,1.052664159263578,1.1,1.0284395585485584,1.0373383769373152
1500,15000,0.9869128681465316,1.0,0.9597400116934756,0.9668439525806154
1500,15000,1.0943566945001018,1.1,1.0855155887311132,1.089602229362481
1500,15000,1.1089732243272303,1.1,1.0922549259288592,1.0993664853115055
1500,15000,1.064939966880324,1.0,1.0370573799276852,1.041424451890223
1500,15000,1.1608688512896157,1.1,1.1590495309853848,1.1597938440384337
1500,15000,1.1680823185285394,1.1,1.1673221039067168,1.1677031966366325
1500,15000,1.1377980899656062,1.0,1.1186783310440367,1.1269195048754344
1500,15000,1.048602948072532,1.1,1.030571551945305,1.0375695476308986
1500,15000,1.063054707856767,1.1,1.0577984759710088,1.059936738984191
1500,15000,1.0987415793547672,1.1,1.093131790665544,1.0959129331353126
1500,15000,1.06066401616775,1.1,1.0516806304290196,1.0562266405984484
1500,15000,1.1001123633127738,1.1,1.0746708186659215,1.0821653554275272
1500,15000,1.129503899059361,1.1,1.1288849229925937,1.1292602092870485
1500,15000,1.072928623739511,1.1,1.0525562238127577,1.058436602786117
1500,15000,1.108962649942637,1.0,1.0806724674116688,1.085646617291585
1500,15000,1.0886810036737096,1.1,1.069252547483013,1.0783749265418725
1500,15000,1.0563856017272046,1.1,1.0409775447334084,1.047674484028386
1500,15000,1.2035397117391191,1.1,1.2034105635639103,1.2035020180135485
1500,15000,1.0416137061239044,1.0,1.0158528502265278,1.0200482166184577
1500,15000,1.086908806093657,1.1,1.0619192982986485,1.070254080159701
1500,15000,1.131791069236991,1.1,1.118211255282401,1.1236720695497486
1500,15000,1.0883182777093354,1.1,1.0748768970219058,1.080961161584013
1500,15000,1.0608504545685016,1.0,1.0317123735435585,1.038020996738639
1500,15000,1.081403436433233,1.1,1.0713022039276787,1.0758070654076302
1500,15000,1.1417376122818577,1.1,1.1169536694075672,1.1235593290183767
1500,15000,1.102302998458444,1.1,1.090252750386288,1.0963950223345418
1500,15000,1.100243426037959,1.1,1.095486190812232,1.0977582576910505
1500,15000,1.1266072698684022,1.1,1.108130364719124,1.1152043549098685
1500,15000,1.080728677097138,1.0,1.053078190571111,1.0535459378108478
1500,15000,1.2016176516079264,1.1,1.2010507533867316,1.2012944745960883
1500,15000,1.1260753058452075,1.1,1.1196222982678352,1.1227983645282815
1500,15000,1.1451848224180012,1.1,1.1394872444745572,1.142390147458664
1500,15000,1.0930698504477174,1.1,1.084864613282112,1.088545351019935
1500,15000,1.0874162153496572,1.1,1.0768535099385743,1.0817627696100514
1500,15000,1.071992138373382,1.1,1.056749044640485,1.0636839236638729
1500,15000,1.1595085934021767,1.1,1.1573360719360837,1.1583993199936673
1500,15000,1.076893689801735,1.1,1.0490022253461555,1.0502548828145215
1500,15000,1.0330614052993878,1.1,1.0240798784660723,1.0289544200301846
1500,15000,1.1486048896300265,1.1,1.1429252244754402,1.1451977314609252
1500,15000,1.1066059926509833,1.1,1.085989100260027,1.0945160241253968
1500,15000,1.179473123785484,1.1,1.1787864374641592,1.1789827029989313
1500,15000,1.098923072229491,1.1,1.0938378929987342,1.096183847767226
1500,15000,1.1099759140513392,1.1,1.1033343693968205,1.1066400105175502
1500,15000,1.1513228252014036,1.1,1.1431119845343731,1.146973977300824
1500,15000,1.0876301756866176,1.0,1.0583889160285027,1.0628647986128428
1500,15000,1.072654906217707,1.1,1.0638249747223318,1.0676773490658091
1500,15000,1.1587421801308389,1.1,1.1382432400781797,1.1467127245744908
1500,15000,1.137397399862433,1.1,1.1357465675546763,1.1365356456830842
1500,15000,1.158844071786144,1.1,1.1587265712084904,1.158809256404705
1500,15000,1.1082096462440776,1.1,1.103226475290031,1.1060114951252165
1500,15000,1.1351956892014865,1.1,1.1274262611263497,1.1305992786243737
1500,15000,1.1226743585204355,1.1,1.121302991814166,1.122084421168232
1500,15000,1.1054060133647303,1.1,1.101799047849682,1.1035955068678909
1500,15000,1.0289432158701908,1.1,1.0056271538040462,1.015885472985589
1500,15000,1.193942357482602,1.1,1.1936090742622132,1.193812772567847
1500,15000,1.107996395657087,1.1,1.104244908031143,1.10607816330982
1500,15000,1.0742224135919185,1.1,1.0470267404941764,1.052030550814527
1500,15000,1.078443313302584,1.1,1.0551867761660825,1.0636614743583752
1500,15000,1.0392672531969809,1.1,1.0325718342241472,1.0357565341763468
1500,15000,1.0250040624132064,1.1,0.9972994237646404,1.0040166761150986
1500,15000,1.1101915308414496,1.1,1.106260791781654,1.108320024614737
1500,15000,1.1348024028930273,1.1,1.1202231449497773,1.1264772407097297
1500,15000,1.1659421078995291,1.1,1.1658837641085384,1.165893867191052
1500,15000,1.1439591465102992,1.1,1.142924375555173,1.143460860265218
1500,15000,1.0817337480771134,1.1,1.069060697210659,1.0750054394427686
1500,15000,1.135092968469788,1.1,1.1338928577503018,1.134248135563276
1500,15000,1.1004692238326872,1.1,1.0802886229148227,1.0856068110507324
1500,15000,1.1480756424167031,1.1,1.147412689632188,1.147729401349247
1500,15000,1.1161663535532118,1.1,1.115978557782742,1.1160776049701813
1500,15000,1.1118848152204437,1.1,1.0956394056037226,1.1026960130300725
1500,15000,1.0332168942754492,1.0,1.0141148404570242,1.021358709759636
1500,15000,1.2433341593392393,1.1,1.238193986924048,1.2407077697693705
1500,15000,1.0966766985129368,1.1,1.0768940289725064,1.0848848602414365
1500,15000,1.091332430302857,1.1,1.0612445013917349,1.0624094310150027
1500,15000,1.0337936114790485,1.0,1.0099926392272751,1.0189371167179446
1500,15000,1.124970635821327,1.1,1.1245794806513287,1.1247280482740565
1500,15000,1.0523157366979847,1.1,1.0305888455855023,1.038297062578082
1500,15000,1.053233506079005,1.1,1.0389418623773454,1.0449228939411142
1500,15000,1.0268113727049937,1.1,1.0076690156142407,1.0166294226275931
1500,15000,1.0164100180854956,1.1,1.0005565165635373,1.0059108185918169
1500,15000,1.1168304758759051,1.1,1.0983783629272252,1.105647921373402
1500,15000,1.0335023916496036,1.1,1.0298200624645948,1.0317449139846728
1500,15000,1.1669736746880053,1.1,1.1565175304231046,1.1618267581643282
1500,15000,1.160283481700391,1.1,1.156694204225455,1.1583731154848431
1500,15000,1.0460645904035435,1.1,1.019956102986098,1.02800690188185
1500,15000,1.1030925310660933,1.1,1.0783058301471595,1.0847620955856685
1500,15000,1.026965557357074,1.1,1.005428661715274,1.0129602487159852
1500,15000,1.0942071364372867,1.1,1.0894877624622858,1.0917730449747307
1500,15000,1.0800468463203914,1.1,1.0618167002339756,1.0690685266592432
1500,15000,1.1825013660393808,1.1,1.1822217309985117,1.1823523633709934
1500,20000,1.130366255878154,1.1,1.106527988313197,1.112502622293184
1500,20000,1.0612778851637974,1.1,1.035966365890621,1.043127050518558
1500,20000,1.1520517183441663,1.1,1.1518966979244778,1.1520262073715226
1500,20000,1.1127279393339164,1.1,1.1042829479849987,1.108820560549117
1500,20000,1.0687642033719256,1.1,1.0573011060233095,1.0623203919417823
1500,20000,1.057513786977366,1.1,1.0286952140216876,1.0364856918771306
1500,20000,1.1006979632524458,1.1,1.0911285088529772,1.0955979575284696
1500,20000,1.1338503259578512,1.1,1.1330993632413786,1.1334734271739466
1500,20000,1.121019347739829,1.1,1.1189465143931456,1.120075939897192
1500,20000,1.052664159263578,1.1,1.0285295527792455,1.0371144987914171
1500,20000,0.9869128681465316,1.0,0.9598061513360104,0.9664845523982272
1500,20000,1.0943566945001018,1.1,1.08551148180328,1.0895269813457704
1500,20000,1.1089732243272303,1.1,1.0924539140166671,1.0991849757928354
1500,20000,1.064939966880324,1.0,1.0370900951115072,1.0419740703147944
1500,20000,1.1608688512896157,1.1,1.1589970741935869,1.1598477165104386
1500,20000,1.1680823185285394,1.1,1.1673343190812806,1.1676941001125685
1500,20000,1.1377980899656062,1.0,1.1187011181512578,1.1267168926005364
1500,20000,1.048602948072532,1.1,1.030606893110576,1.03759327484516
1500,20000,1.063054707856767,1.1,1.0577632790468414,1.060036735151553
1500,20000,1.0987415793547672,1.1,1.0932744111064252,1.0960048125597746
1500,20000,1.06066401616775,1.1,1.0517639283893374,1.0561120704602804
1500,20000,1.1001123633127738,1.1,1.0745299304439613,1.0821154873963892
1500,20000,1.129503899059361,1.1,1.1289068408003375,1.1292491981526476
1500,20000,1.072928623739511,1.1,1.0524890134795923,1.0587028263171547
1500,20000,1.108962649942637,1.0,1.080656416470458,1.0854169061371906
1500,20000,1.0886810036737096,1.1,1.0695260205701778,1.0781319601560948
1500,20000,1.0563856017272046,1.1,1.0412657100536504,1.0474064051802523
1500,20000,1.2035397117391191,1.1,1.2034141178179103,1.2034985362490924
1500,20000,1.0416137061239044,1.0,1.0155929007008848,1.0201941215690349
1500,20000,1.086908806093657,1.1,1.0619508200877212,1.070724425685273
1500,20000,1.131791069236991,1.1,1.1182317333721978,1.1237728752277416
1500,20000,1.0883182777093354,1.1,1.0749906865889034,1.080658499975624
1500,20000,1.0608504545685016,1.0,1.0316299026952684,1.038126522924779
1500,20000,1.081403436433233,1.1,1.0711636423806024,1.076238560473849
1500,20000,1.1417376122818577,1.1,1.116964445817522,1.1232443998291055
1500,20000,1.102302998458444,1.1,1.0903011745849105,1.0964144492238037
1500,20000,1.100243426037959,1.1,1.095575515952626,1.0976377493150584
1500,20000,1.1266072698684022,1.1,1.1082127414904763,1.1149856238325002
1500,20000,1.080728677097138,1.0,1.0529791496784346,1.053579280190163
1500,20000,1.2016176516079264,1.1,1.2010033916600036,1.2013252673407808
1500,20000,1.1260753058452075,1.1,1.119492673247702,1.1228680652174874
1500,20000,1.1451848224180012,1.1,1.1395623847844276,1.1425491102898382
1500,20000,1.0930698504477174,1.1,1.0848094168892222,1.0887040419234657
1500,20000,1.0874162153496572,1.1,1.076658423768572,1.0818642955194278
1500,20000,1.071992138373382,1.1,1.0569732456671042,1.0633550969674783
1500,20000,1.1595085934021767,1.1,1.1573518462301944,1.1584120318185147
1500,20000,1.076893689801735,1.1,1.0489299805114485,1.0505812295439425
1500,20000,1.0330614052993878,1.1,1.0243274022466264,1.0288240309005912
1500,20000,1.1486048896300265,1.1,1.1427472423036356,1.1454634582411505
1500,20000,1.1066059926509833,1.1,1.0862382363210474,1.094438720857705
1500,20000,1.179473123785484,1.1,1.17878225817932,1.1790053655256083
1500,20000,1.098923072229491,1.1,1.0937727163780444,1.0962128747389237
1500,20000,1.1099759140513392,1.1,1.1033464367783403,1.106624857405354
1500,20000,1.1513228252014036,1.1,1.1431081005164865,1.1468551438744183
1500,20000,1.0876301756866176,1.0,1.058444729230419,1.0627757930809794
1500,20000,1.072654906217707,1.1,1.0639733450118154,1.0675463848364688
1500,20000,1.1587421801308389,1.1,1.138472554328418,1.146597100995316
1500,20000,1.137397399862433,1.1,1.1357742418763728,1.1364856990850734
1500,20000,1.158844071786144,1.1,1.1587192007066949,1.158807036519445
1500,20000,1.1082096462440776,1.1,1.103511295365858,1.1060368500728166
1500,20000,1.1351956892014865,1.1,1.1274436357343824,1.1305194676488044
1500,20000,1.1226743585204355,1.1,1.12137833804154,1.1219429235835363
1500,20000,1.1054060133647303,1.1,1.1016418024773262,1.103692113972912
1500,20000,1.0289432158701908,1.1,1.0055250500570692,1.0157425054833178
1500,20000,1.193942357482602,1.1,1.1936318142260227,1.1937933251456805
1500,20000,1.107996395657087,1.1,1.104416905553896,1.1059777478990005
1500,20000,1.0742224135919185,1.1,1.047217980340099,1.0516424061738154
1500,20000,1.078443313302584,1.1,1.05509647383079,1.063724260542976
1500,20000,1.0392672531969809,1.1,1.032507584230023,1.0358042313092315
1500,20000,1.0250040624132064,1.1,0.997475430102966,1.003134421617072
1500,20000,1.1101915308414496,1.1,1.1063963441421156,1.1083087726716585
1500,20000,1.1348024028930273,1.1,1.1202296235293028,1.1264661643929474
1500,20000,1.1659421078995291,1.1,1.165884534823992,1.1658579736286814
1500,20000,1.1439591465102992,1.1,1.1428311104804274,1.143418044301986
1500,20000,1.0817337480771134,1.1,1.069070236708457,1.07506466531011
1500,20000,1.135092968469788,1.1,1.1338160831270114,1.134229683914769
1500,20000,1.1004692238326872,1.1,1.0801435472046388,1.085330785012181
1500,20000,1.1480756424167031,1.1,1.1474346968292677,1.1476890892929823
1500,20000,1.1161663535532118,1.1,1.1160141918253108,1.1160607827380136
1500,20000,1.1118848152204437,1.1,1.0957704750897324,1.102468931613155
1500,20000,1.0332168942754492,1.0,1.0143516886182695,1.0210613645712656
1500,20000,1.2433341593392393,1.1,1.2382344767701323,1.240791339523857
1500,20000,1.0966766985129368,1.1,1.0768006409476232,1.084759822933404
1500,20000,1.091332430302857,1.1,1.061273815256245,1.0624416174251476
1500,20000,1.0337936114790485,1.0,1.010072735760564,1.0186359870131554
1500,20000,1.124970635821327,1.1,1.1245308732564248,1.1247474163293123
1500,20000,1.0523157366979847,1.1,1.030864850023967,1.0383807614298464
1500,20000,1.053233506079005,1.1,1.0389352188176106,1.044730129280296
1500,20000,1.0268113727049937,1.1,1.007730382062436,1.0166368260953142
1500,20000,1.0164100180854956,1.1,1.000295613326285,1.005917031744084
1500,20000,1.1168304758759051,1.1,1.0984050112199342,1.1051221482728086
1500,20000,1.0335023916496036,1.1,1.0299337671784652,1.0316208695179312
1500,20000,1.1669736746880053,1.1,1.1564414784576105,1.1617806532531658
1500,20000,1.160283481700391,1.1,1.1566330103116198,1.158371598674923
1500,20000,1.0460645904035435,1.1,1.0202598967748584,1.0274883530720564
1500,20000,1.1030925310660933,1.1,1.0783466228370016,1.0844639219506849
1500,20000,1.026965557357074,1.1,1.0055661591286076,1.0125133964821151
1500,20000,1.0942071364372867,1.1,1.0893818462849625,1.091900061309179
1500,20000,1.0800468463203914,1.1,1.0616817363769726,1.0691817985079688
1500,20000,1.1825013660393808,1.1,1.1821972807618406,1.1823859472615026
2000,1000,1.1300007183291976,1.1,1.1237764730938178,1.1269809996691371
2000,1000,1.1399450060731695,1.1,1.1358608567738924,1.138085558065374
2000,1000,1.0007078130661564,1.1,0.9804101404607084,0.9864450855422716
2000,1000,1.1233679345625287,1.1,1.1233679345625287,1.1233679345625287
2000,1000,1.097833110185549,1.1,1.0942040747592117,1.0960143924715229
2000,1000,1.0993132498191618,1.1,1.087467551444571,1.0936903461860588
2000,1000,1.2352084024110246,1.1,1.2352084024110246,1.2352084024110244
2000,1000,1.146193131647161,1.1,1.1459824079054906,1.1460714952003406
2000,1000,1.0648955623329444,1.1,1.0513493553225843,1.058180828301096
2000,1000,1.0785071937143869,1.0,1.0525151217018849,1.0541145512039805
2000,1000,1.040706779970334,1.1,1.0217456967162235,1.0307189884567265
2000,1000,1.107344720263961,1.1,1.0978974582936305,1.1014719827575306
2000,1000,1.1083623430377956,1.1,1.1048108697769543,1.1071223080403307
2000,1000,1.1975577183211368,1.1,1.1971386748477222,1.1975577183211368
2000,1000,1.0316435011881302,1.1,1.013228643735203,1.01969305001475
2000,1000,1.0688793407335433,1.1,1.0447981176568228,1.0488867276201954
2000,1000,1.0733748312234768,1.1,1.0727255706450285,1.0721963246351598
2000,1000,1.0573717287943163,1.1,1.0322949849970795,1.0325726726316942
2000,1000,1.0876209110886608,1.1,1.0779302861354598,1.08352205282077
2000,1000,1.0458124598243277,1.1,1.0216941901598473,1.0250437787259012
2000,1000,1.0187802877232364,1.1,0.9950441740235536,0.9968983919088
2000,1000,1.0891762501524886,1.1,1.0669444302924425,1.0744158253133111
2000,1000,1.0756203210514683,1.1,1.0588778116305746,1.0646338687641406
2000,1000,1.0833669333867355,1.1,1.0675169171749448,1.0747263987946898
2000,1000,1.1543323629100344,1.1,1.1527290556165442,1.1529367696511672
2000,1000,1.0058464942582963,1.0,0.9797088625112828,0.9827096172499978
2000,1000,1.0510863960501673,1.1,1.0272691993907672,1.0332640650084368
2000,1000,1.083061636976514,1.1,1.0643138092165998,1.0699019020553808
2000,1000,1.1040314569660603,1.1,1.0961574411022026,1.1004204135469589
2000,1000,1.1286615716592734,1.1,1.114081181725419,1.120529958110202
2000,1000,1.0993766767429511,1.1,1.0796496262525128,1.085684116365298
2000,1000,1.119844273414616,1.1,1.1103493096638133,1.115829305496472
2000,1000,1.1154836977257832,1.1,1.1117477550130392,1.1134754735426635
2000,1000,1.147421155944126,1.1,1.1362919134949596,1.1408090580580896
2000,1000,1.161896902719809,1.1,1.1613148626528629,1.1613959066223256
2000,1000,1.081864666498213,1.1,1.0575334543010235,1.0661887890065602
2000,1000,1.0956998992897105,1.1,1.0913666430186857,1.0938638504542946
2000,1000,1.0899703611643443,1.1,1.0794336306502446,1.0837638385341284
2000,1000,1.0982279892686608,1.1,1.085072145848527,1.09161154860995
2000,1000,1.076030819627919,1.1,1.0640396581573537,1.06709203069825
2000,1000,1.0949532768125994,1.1,1.0826962595019065,1.0867261701205342
2000,1000,1.1313365479824615,1.1,1.124251297308001,1.127530329262814
2000,1000,1.0963638353923693,1.1,1.0861796221777011,1.0907137999496472
2000,1000,1.0671352227469226,1.1,1.0445021958986656,1.04837075413248
2000,1000,1.1462914905293335,1.1,1.1431829712287254,1.14489528772793
2000,1000,1.14541339270689,1.1,1.1350396546419057,1.1395998493330268
2000,1000,1.1470376791577626,1.1,1.1432866062831055,1.1443540557393963
2000,1000,1.0404854158566703,1.1,1.0231104757635587,1.031194433742194
2000,1000,1.138162112832273,1.1,1.128495853790699,1.1332668398898509
2000,1000,1.1157984856922936,1.1,1.115572820248534,1.1157984856922931
2000,1000,1.1351072906764652,1.1,1.1330852535858205,1.1343971599254754
2000,1000,1.14097258547034,1.1,1.1384902888239137,1.1386173883656905
2000,1000,1.0612380169823996,1.1,1.0404662263998756,1.0476269026848573
2000,1000,1.1229764688067296,1.1,1.101286928567352,1.1079433110358208
2000,1000,1.0962195404703787,1.1,1.0889942193947009,1.0933037209944272
2000,1000,1.1228313051717314,1.1,1.1216596376422532,1.1223729950352106
2000,1000,1.0857781219742035,1.1,1.0822776744457476,1.0842159251511578
2000,1000,1.0644720639763885,1.1,1.0545098824166572,1.0591734022503707
2000,1000,1.1362328405597604,1.1,1.1295708059893648,1.1324741924753112
2000,1000,1.0865883857393976,1.1,1.082861485952463,1.084450968260607
2000,1000,1.0629622124314086,1.1,1.040068788397981,1.0439587845062133
2000,1000,1.1085199439943216,1.1,1.1015036442914423,1.1047589934973374
2000,1000,1.063233799102013,1.1,1.0401380350764953,1.0446392132010156
2000,1000,1.119343325938941,1.1,1.1183876628477585,1.1187570314898805
2000,1000,1.1051660241367858,1.1,1.104217154173942,1.1049356393875407
2000,1000,1.1056799459224769,1.1,1.0954656654325494,1.1006000135456455
2000,1000,1.0818558517904862,1.1,1.0769969324621655,1.0783674001709354
2000,1000,1.1195700455116295,1.1,1.11818193177597,1.1190228457612486
2000,1000,1.040312394508876,1.1,1.0292112505556443,1.0348855481337065
2000,1000,1.079971075650498,1.1,1.06040804705869,1.0698778065602093
2000,1000,1.1556330978985518,1.1,1.152950772440736,1.1542187040673055
2000,1000,1.0720669526446969,1.1,1.0633048740355422,1.0671680082620902
2000,1000,1.149409062830975,1.1,1.1447583794500804,1.1467746620257335
2000,1000,1.066469004982087,1.1,1.055659504204226,1.0605284905461565
2000,1000,1.123740808237792,1.1,1.122905733170015,1.123077248535972
2000,1000,1.083687195265247,1.1,1.081737382635859,1.0822016879495344
2000,1000,1.1102869987324455,1.1,1.1048462225629372,1.1058881160286678
2000,1000,1.135269418366968,1.1,1.1323500292148645,1.1339110256409093
2000,1000,1.1767411977715274,1.1,1.1700108397713305,1.1746335094455995
2000,1000,1.1397687717594642,1.1,1.122081184475627,1.130240596248732
2000,1000,1.1249197542553255,1.1,1.1228559868643475,1.1234692915764437
2000,1000,1.12521785897978,1.1,1.1130849962940352,1.1177583532780668
2000,1000,1.1412366699853846,1.1,1.1326657861342753,1.1378851438315394
2000,1000,1.0521767034946945,1.1,1.0469260300567185,1.0499567471867453
2000,1000,1.1026961310748722,1.1,1.0936489637540086,1.0982059241462727
2000,1000,1.1358105391168698,1.1,1.1347544146514226,1.1352299650443158
2000,1000,1.1140747207943735,1.1,1.1082075356167376,1.1105071154095936
2000,1000,1.1237651082041824,1.1,1.1233705548237407,1.1236879253452288
2000,1000,1.026465126929814,1.1,1.0113616319955137,1.0170081236591637
2000,1000,1.0855345048350948,1.1,1.0693726466831583,1.0767214815899553
2000,1000,1.1346079339364823,1.1,1.126597022329724,1.1296212311800058
2000,1000,1.106045149307402,1.1,1.0855348104643268,1.091381432288506
2000,1000,1.1438661593255572,1.1,1.1413126760962324,1.1423248551828504
2000,1000,1.1034455144904416,1.1,1.101564975287762,1.1022972215306293
2000,1000,1.1372054266289218,1.1,1.135798102227766,1.1366865853003238
2000,1000,1.1298038551400826,1.1,1.1257419415880872,1.1283088719636003
2000,1000,1.1352184218836117,1.1,1.1260437199950994,1.1319458511884262
2000,1000,1.0754962937917658,1.1,1.0621597874840285,1.068743790185265
2000,1000,1.054962988405132,1.1,1.0489854271034629,1.0508618794484137
2000,1000,1.1560443781359535,1.1,1.154011992193074,1.1550661580064363
2000,5000,1.145846035356611,1.1,1.1430423779768129,1.144504279272978
2000,5000,1.1399450060731695,1.1,1.1361528569636683,1.1381597699868082
2000,5000,1.0007078130661564,1.1,0.9794244768335872,0.9856370934656432
2000,5000,1.1233679345625287,1.1,1.1233679345625285,1.123367934562529
2000,5000,1.097833110185549,1.1,1.0945769806282104,1.09585451064227
2000,5000,1.0993132498191618,1.1,1.0874740218564438,1.093212987541025
2000,5000,1.2352084024110246,1.1,1.2352084024110246,1.2352084024110248
2000,5000,1.146193131647161,1.1,1.1459790271989598,1.1460974922146494
2000,5000,1.0648955623329444,1.1,1.0520866683348895,1.056871566948275
2000,5000,1.0785071937143869,1.0,1.0525624037942112,1.0548579808022636
2000,5000,1.040706779970334,1.1,1.022056564375342,1.02845910295531
2000,5000,1.107344720263961,1.1,1.0966363802233543,1.1018530250710674
2000,5000,1.1083623430377956,1.1,1.105130998945108,1.106706052941366
2000,5000,1.1975577183211368,1.1,1.1974312957943714,1.1975152540373095
2000,5000,1.0316435011881302,1.1,1.0128073535089306,1.0194541165638369
2000,5000,1.0688793407335433,1.1,1.0441546751149904,1.0503840026652804
2000,5000,1.0733748312234768,1.1,1.0714796831565068,1.0727661831454465
2000,5000,1.0573717287943163,1.1,1.0319229719756815,1.0307066301713363
2000,5000,1.0876209110886608,1.1,1.078709869754494,1.0832025302295156
2000,5000,1.0458124598243277,1.1,1.0212983125316373,1.0279611303279743
2000,5000,1.0187802877232364,1.1,0.9953870313013496,0.9975099881732922
2000,5000,1.0891762501524886,1.1,1.0672726035413775,1.072962934521919
2000,5000,1.0756203210514683,1.1,1.0588359031547054,1.0655340804954023
2000,5000,1.0833669333867355,1.1,1.0679171598835664,1.0750385414632804
2000,5000,1.1543323629100344,1.1,1.152270774113403,1.1532967014768467
2000,5000,1.0058464942582963,1.0,0.9810326073935404,0.9824969771481996
2000,5000,1.0510863960501673,1.1,1.0285038136067697,1.0328852815190883
2000,5000,1.083061636976514,1.1,1.0639064987829865,1.070907882162948
2000,5000,1.1040314569660603,1.1,1.0967123341706526,1.1002721823340418
2000,5000,1.1286615716592734,1.1,1.1131229530184266,1.1199740118672183
2000,5000,1.0993766767429511,1.1,1.078413015995541,1.0862811341743162
2000,5000,1.119844273414616,1.1,1.109905190408523,1.1154479840820193
2000,5000,1.1154836977257832,1.1,1.1122194911034775,1.1136337087287658
2000,5000,1.147421155944126,1.1,1.135643430968656,1.1411589422776285
2000,5000,1.161896902719809,1.1,1.1612516702664892,1.161523536484721
2000,5000,1.081864666498213,1.1,1.058210458047378,1.0644698583240133
2000,5000,1.0956998992897105,1.1,1.0913637260394513,1.0935834650077774
2000,5000,1.0899703611643443,1.1,1.080060547876143,1.0841248108754529
2000,5000,1.0982279892686608,1.1,1.0860636124763663,1.0905136910599165
2000,5000,1.076030819627919,1.1,1.0622789288433871,1.0676936374865051
2000,5000,1.0949532768125994,1.1,1.0827169450397696,1.0877745878544396
2000,5000,1.1313365479824615,1.1,1.1240074836393252,1.1269854670315247
2000,5000,1.0963638353923693,1.1,1.0854406207196492,1.0905141367387796
2000,5000,1.0671352227469226,1.1,1.0447705836632275,1.0497277689072348
2000,5000,1.1462914905293335,1.1,1.1437387225799474,1.1449312108078948
2000,5000,1.14541339270689,1.1,1.1339698832789562,1.1395568858565104
2000,5000,1.1470376791577626,1.1,1.1429438765156676,1.1452619583139183
2000,5000,1.0404854158566703,1.1,1.0236089191402424,1.0299591715899723
2000,5000,1.138162112832273,1.1,1.1290963513103471,1.133036977257312
2000,5000,1.1157984856922936,1.1,1.1155909850658643,1.1157595608839688
2000,5000,1.1351072906764652,1.1,1.1334571389587655,1.1337129834670785
2000,5000,1.14097258547034,1.1,1.137108311257739,1.138888827472333
2000,5000,1.0612380169823996,1.1,1.0400712646332122,1.04764588237349
2000,5000,1.1229764688067296,1.1,1.1010169506742125,1.1075377578273389
2000,5000,1.0962195404703787,1.1,1.0900191830085966,1.0935509188844137
2000,5000,1.1228313051717314,1.1,1.1213867919914258,1.1222672820673696
2000,5000,1.0857781219742035,1.1,1.082055328473098,1.0835282384922758
2000,5000,1.0644720639763885,1.1,1.0543430027324487,1.0589802309911327
2000,5000,1.1362328405597604,1.1,1.129503346352531,1.132866299611143
2000,5000,1.0865883857393976,1.1,1.0818081597862133,1.0840429168172927
2000,5000,1.0629622124314086,1.1,1.0394815662488863,1.044324771013078
2000,5000,1.1085199439943216,1.1,1.1015318643090952,1.1046211490182376
2000,5000,1.063233799102013,1.1,1.0402979055509465,1.0447005849480138
2000,5000,1.119343325938941,1.1,1.1183919423099205,1.1188625277228408
2000,5000,1.1051660241367858,1.1,1.1041847272466243,1.1047879824035722
2000,5000,1.1056799459224769,1.1,1.095721631905881,1.101100834297822
2000,5000,1.0818558517904862,1.1,1.0758158028869147,1.078050185915561
2000,5000,1.1195700455116295,1.1,1.118081563063153,1.11864644353831
2000,5000,1.040312394508876,1.1,1.0296363230074048,1.0341457728116796
2000,5000,1.079971075650498,1.1,1.0615288349612149,1.0695969712845337
2000,5000,1.1556330978985518,1.1,1.1528928766847095,1.1539710760825563
2000,5000,1.0720669526446969,1.1,1.0623593962554725,1.0672926878711877
2000,5000,1.149409062830975,1.1,1.1444187686466314,1.1467261592295346
2000,5000,1.066469004982087,1.1,1.055213681919436,1.059888337599963
2000,5000,1.123740808237792,1.1,1.1226258828752051,1.1228705834501598
2000,5000,1.083687195265247,1.1,1.0809191836080474,1.0820326623226963
2000,5000,1.1102869987324455,1.1,1.103766566333664,1.1069957734506533
2000,5000,1.135269418366968,1.1,1.1324000106933894,1.1337272071251752
2000,5000,1.1767411977715274,1.1,1.1703538018431332,1.1732244521913309
2000,5000,1.1397687717594642,1.1,1.122815562302157,1.1289073671168683
2000,5000,1.1249197542553255,1.1,1.1222599916703786,1.1235220024826242
2000,5000,1.12521785897978,1.1,1.1129003235596078,1.1185515383237157
2000,5000,1.1412366699853846,1.1,1.133764316305167,1.1374024020944211
2000,5000,1.0521767034946945,1.1,1.046786237537647,1.0496249424512516
2000,5000,1.1026961310748722,1.1,1.0928179053359328,1.0969508072950702
2000,5000,1.1358105391168698,1.1,1.1345598115882267,1.1348325807060924
2000,5000,1.1140747207943735,1.1,1.108622428826897,1.1115555205684051
2000,5000,1.1237651082041824,1.1,1.1233834368025728,1.1236028162313698
2000,5000,1.026465126929814,1.1,1.0111436787999482,1.0172795847335587
2000,5000,1.0855345048350948,1.1,1.0693856852483024,1.0771577128485286
2000,5000,1.1346079339364823,1.1,1.126384062237758,1.1298606282633186
2000,5000,1.106045149307402,1.1,1.0839784830507566,1.090430724072088
2000,5000,1.1438661593255572,1.1,1.1413570184629207,1.1424695703142955
2000,5000,1.1034455144904416,1.1,1.1007945945207285,1.102319211922995
2000,5000,1.1372054266289218,1.1,1.1354330322313473,1.135794591970155
2000,5000,1.1298038551400826,1.1,1.126072760704277,1.1275559903150276
2000,5000,1.1352184218836117,1.1,1.1277740767352586,1.1311406522174503
2000,5000,1.0754962937917658,1.1,1.0624565392305725,1.068588690597268
2000,5000,1.054962988405132,1.1,1.048425029505776,1.0518222079789905
2000,5000,1.1560443781359535,1.1,1.1540029532202465,1.15508656276913
2000,10000,1.0867801839678817,1.1,1.0609408178343775,1.0605958275511869
2000,10000,1.1399450060731695,1.1,1.1362656932843425,1.1381098633972
2000,10000,1.0007078130661564,1.1,0.9792451292231316,0.9863252748865556
2000,10000,1.1233679345625287,1.1,1.1233679345625287,1.1233584749244891
2000,10000,1.097833110185549,1.1,1.09407967512844,1.096099808910777
2000,10000,1.0993132498191618,1.1,1.0876208583616338,1.0933465241126066
2000,10000,1.2352084024110246,1.1,1.2352084024110248,1.2352084024110246
2000,10000,1.146193131647161,1.1,1.1459795711936671,1.1460412766209416
2000,10000,1.0648955623329444,1.1,1.051358830023973,1.0566567512216245
2000,10000,1.0785071937143869,1.0,1.052527062334536,1.0546061779516076
2000,10000,1.040706779970334,1.1,1.021896003492227,1.0281578117403052
2000,10000,1.107344720263961,1.1,1.096705987291798,1.1012532071444487
2000,10000,1.1083623430377956,1.1,1.10508654369055,1.106734121618156
2000,10000,1.1975577183211368,1.1,1.197446686812223,1.1975281153821196
2000,10000,1.0316435011881302,1.1,1.0131739928014794,1.0191381006303388
2000,10000,1.0688793407335433,1.1,1.0444445646136729,1.0494924728085486
2000,10000,1.0733748312234768,1.1,1.0717945040954868,1.0727672978174208
2000,10000,1.0573717287943163,1.1,1.0318914252043665,1.030597950909097
2000,10000,1.0876209110886608,1.1,1.0786352278212268,1.0832351843391783
2000,10000,1.0458124598243277,1.1,1.0214295351410767,1.0278889161663898
2000,10000,1.0187802877232364,1.1,0.9954574357395224,0.9977925033051352
2000,10000,1.0891762501524886,1.1,1.066896522626742,1.072260833515062
2000,10000,1.0756203210514683,1.1,1.058790398031052,1.0653329200257002
2000,10000,1.0833669333867355,1.1,1.0686008068288124,1.0744799453756302
2000,10000,1.1543323629100344,1.1,1.1522241775351296,1.1532880439973836
2000,10000,1.0058464942582963,1.0,0.980806532317917,0.982652525980226
2000,10000,1.0510863960501673,1.1,1.0283370347660588,1.033051819487224
2000,10000,1.083061636976514,1.1,1.064139777675832,1.0707911121293634
2000,10000,1.1040314569660603,1.1,1.0968543227043654,1.099600815136121
2000,10000,1.1286615716592734,1.1,1.1136253047860127,1.1201666677864397
2000,10000,1.0993766767429511,1.1,1.0782657084062042,1.0860637620606313
2000,10000,1.119844273414616,1.1,1.1101035761717006,1.115667573765769
2000,10000,1.1154836977257832,1.1,1.112043816708589,1.1136590998649925
2000,10000,1.147421155944126,1.1,1.1356475132196802,1.1409101772339294
2000,10000,1.161896902719809,1.1,1.161196850928127,1.161441229202259
2000,10000,1.081864666498213,1.1,1.0579846461428273,1.0645746996820835
2000,10000,1.0956998992897105,1.1,1.0913841577968733,1.0934610725542602
2000,10000,1.0899703611643443,1.1,1.080184688260452,1.0841834181903112
2000,10000,1.0982279892686608,1.1,1.0861519532399146,1.0906448055265996
2000,10000,1.076030819627919,1.1,1.061991609494744,1.067838492560164
2000,10000,1.0949532768125994,1.1,1.0822587582936736,1.0874998836222052
2000,10000,1.1313365479824615,1.1,1.1236028534233142,1.1273128871821712
2000,10000,1.0963638353923693,1.1,1.085233366476828,1.0908357489032905
2000,10000,1.0671352227469226,1.1,1.0444286179369795,1.0496420405091569
2000,10000,1.1462914905293335,1.1,1.1437973504830163,1.144967119382797
2000,10000,1.14541339270689,1.1,1.134357825111877,1.13929947032635
2000,10000,1.1470376791577626,1.1,1.1431299558238706,1.1452628246861842
2000,10000,1.0404854158566703,1.1,1.0237150777938075,1.0299523864776303
2000,10000,1.138162112832273,1.1,1.129046028713251,1.132867878682647
2000,10000,1.1157984856922936,1.1,1.115649332877007,1.1156589465056717
2000,10000,1.1351072906764652,1.1,1.1330291159507464,1.1339112419302917
2000,10000,1.14097258547034,1.1,1.137153630739389,1.1386818672240338
2000,10000,1.0612380169823996,1.1,1.0401276378217068,1.0479237035969156
2000,10000,1.1229764688067296,1.1,1.1010618521223683,1.107435136144746
2000,10000,1.0962195404703787,1.1,1.0907190584521305,1.0930847044703078
2000,10000,1.1228313051717314,1.1,1.1214929806484093,1.1221888826337871
2000,10000,1.0857781219742035,1.1,1.081858520332318,1.0834070439517265
2000,10000,1.0644720639763885,1.1,1.054488338397112,1.059225797851893
2000,10000,1.1362328405597604,1.1,1.1297851907615488,1.132581763065805
2000,10000,1.0865883857393976,1.1,1.0816138899581795,1.0840637901324068
2000,10000,1.0629622124314086,1.1,1.039575984393817,1.043815646109851
2000,10000,1.1085199439943216,1.1,1.1016562043216152,1.104749792421195
2000,10000,1.063233799102013,1.1,1.0403525828527478,1.044520394556168
2000,10000,1.119343325938941,1.1,1.1183865190935025,1.1188058523940063
2000,10000,1.1051660241367858,1.1,1.1042968005871556,1.1048296116197165
2000,10000,1.1056799459224769,1.1,1.095864693978311,1.1006001269077934
2000,10000,1.0818558517904862,1.1,1.0752905251146192,1.0786266859243077
2000,10000,1.1195700455116295,1.1,1.1178613688203962,1.1187139865262543
2000,10000,1.040312394508876,1.1,1.0296940755006645,1.0340256371424088
2000,10000,1.079971075650498,1.1,1.0619455516470468,1.0693538947236882
2000,10000,1.1556330978985518,1.1,1.1526639722965797,1.1540062411480467
2000,10000,1.0720669526446969,1.1,1.062737346075056,1.067434497446338
2000,10000,1.149409062830975,1.1,1.1442378305493417,1.1465526789519165
2000,10000,1.066469004982087,1.1,1.054832546814468,1.0600209143655988
2000,10000,1.123740808237792,1.1,1.1223541042208376,1.122705322415596
2000,10000,1.083687195265247,1.1,1.0807150063991124,1.0821330545261283
2000,10000,1.1102869987324455,1.1,1.1039542701655811,1.1066796745104903
2000,10000,1.135269418366968,1.1,1.1323898766619265,1.133748958695192
2000,10000,1.1767411977715274,1.1,1.1701711205767462,1.1733402277577498
2000,10000,1.1397687717594642,1.1,1.1226456394977309,1.1289338859438809
2000,10000,1.1249197542553255,1.1,1.1222405873721306,1.123584768462658
2000,10000,1.12521785897978,1.1,1.1129774464464894,1.118436272724941
2000,10000,1.1412366699853846,1.1,1.133766061711576,1.1374297131300752
2000,10000,1.0521767034946945,1.1,1.046755112820536,1.0493646019684115
2000,10000,1.1026961310748722,1.1,1.0925598732178072,1.0971823329679835
2000,10000,1.1358105391168698,1.1,1.1343355267639703,1.1351155197057048
2000,10000,1.1140747207943735,1.1,1.1089378584610374,1.1114256171436037
2000,10000,1.1237651082041824,1.1,1.1234092296216474,1.123508717879984
2000,10000,1.026465126929814,1.1,1.011396904776826,1.0178191267665393
2000,10000,1.0855345048350948,1.1,1.069900449761899,1.076639191722076
2000,10000,1.1346079339364823,1.1,1.12634920801647,1.1298595155151026
2000,10000,1.106045149307402,1.1,1.0840999745251367,1.0902289136932974
2000,10000,1.1438661593255572,1.1,1.1412674346675136,1.142239947467034
2000,10000,1.1034455144904416,1.1,1.100969108004998,1.1024124366197952
2000,10000,1.1372054266289218,1.1,1.135024354419557,1.1358105222191
2000,10000,1.1298038551400826,1.1,1.1258683163558247,1.127912601881654
2000,10000,1.1352184218836117,1.1,1.1276739746403766,1.1314006617705288
2000,10000,1.0754962937917658,1.1,1.062536044027113,1.0683973403582774
2000,10000,1.054962988405132,1.1,1.0487778890642785,1.0515692342634098
2000,10000,1.1560443781359535,1.1,1.1540607225887638,1.154960614215026
2000,15000,1.0929544181758182,1.1,1.0794564188326148,1.0858227384347847
2000,15000,1.1399450060731695,1.1,1.136253409160036,1.138129451874956
2000,15000,1.0007078130661564,1.1,0.9793949727462126,0.9862967815670286
2000,15000,1.1233679345625287,1.1,1.1233521377586717,1.1233401110276444
2000,15000,1.097833110185549,1.1,1.094216910628334,1.0960841447823684
2000,15000,1.0993132498191618,1.1,1.0877322349584444,1.0935594727897362
2000,15000,1.2352084024110246,1.1,1.2352084024110246,1.2352084024110244
2000,15000,1.146193131647161,1.1,1.145895310531871,1.1460430918934266
2000,15000,1.0648955623329444,1.1,1.051016496628751,1.0569824620400423
2000,15000,1.0785071937143869,1.0,1.0524673682710115,1.0546018370769563
2000,15000,1.040706779970334,1.1,1.021747558906675,1.0282688269817335
2000,15000,1.107344720263961,1.1,1.0964968997389013,1.1014023916761737
2000,15000,1.1083623430377956,1.1,1.1051107521399743,1.1066005713829157
2000,15000,1.1975577183211368,1.1,1.1974673401538414,1.1975141930321485
2000,15000,1.0316435011881302,1.1,1.0131390916317442,1.019488838545592
2000,15000,1.0688793407335433,1.1,1.044273053176653,1.0501556374824514
2000,15000,1.0733748312234768,1.1,1.0719229301341362,1.0726276928766183
2000,15000,1.0573717287943163,1.1,1.0317168901690104,1.0301648118366389
2000,15000,1.0876209110886608,1.1,1.0787092980245174,1.0828656235764291
2000,15000,1.0458124598243277,1.1,1.0214521946459505,1.02783434513575
2000,15000,1.0187802877232364,1.1,0.9954283262141936,0.997290284842648
2000,15000,1.0891762501524886,1.1,1.066740897920358,1.072912795324804
2000,15000,1.0756203210514683,1.1,1.0587347807430878,1.0651931525952754
2000,15000,1.0833669333867355,1.1,1.0685447921983722,1.0742185786405276
2000,15000,1.1543323629100344,1.1,1.152222463598942,1.1532931358805814
2000,15000,1.0058464942582963,1.0,0.9808524174576684,0.982976814180824
2000,15000,1.0510863960501673,1.1,1.028221616323027,1.032969896725653
2000,15000,1.083061636976514,1.1,1.0641075862364595,1.0707966845550585
2000,15000,1.1040314569660603,1.1,1.0966383021183457,1.099535609970927
2000,15000,1.1286615716592734,1.1,1.1138016082156337,1.1200856344972523
2000,15000,1.0993766767429511,1.1,1.0782079312208055,1.086333267586588
2000,15000,1.119844273414616,1.1,1.1103638408683634,1.1156061929421264
2000,15000,1.1154836977257832,1.1,1.1119043584517387,1.113694601407202
2000,15000,1.147421155944126,1.1,1.135687850887212,1.141013450301662
2000,15000,1.161896902719809,1.1,1.1611131729046054,1.161576131634799
2000,15000,1.081864666498213,1.1,1.057906316543355,1.065119711191666
2000,15000,1.0956998992897105,1.1,1.0914155633912852,1.0935985417580911
2000,15000,1.0899703611643443,1.1,1.0799963852361474,1.084268322010213
2000,15000,1.0982279892686608,1.1,1.0858350852985466,1.090929588477985
2000,15000,1.076030819627919,1.1,1.0616512439668249,1.0679889329044785
2000,15000,1.0949532768125994,1.1,1.082040523326144,1.087160426398838
2000,15000,1.1313365479824615,1.1,1.1236920196968216,1.1272504772039798
2000,15000,1.0963638353923693,1.1,1.0855586447090395,1.0909544051734996
2000,15000,1.0671352227469226,1.1,1.0443967262334073,1.0500247142345092
2000,15000,1.1462914905293335,1.1,1.1437804969655858,1.1448764065374517
2000,15000,1.14541339270689,1.1,1.1345330573485022,1.1390063061866953
2000,15000,1.1470376791577626,1.1,1.1431634373872857,1.145093886159383
2000,15000,1.0404854158566703,1.1,1.0236749033616754,1.030144860694
2000,15000,1.138162112832273,1.1,1.1289915422809391,1.133003499406108
2000,15000,1.1157984856922936,1.1,1.115647555908266,1.1156331515781166
2000,15000,1.1351072906764652,1.1,1.1329132390288117,1.133837537906807
2000,15000,1.14097258547034,1.1,1.1369049603131594,1.1387710631962358
2000,15000,1.0612380169823996,1.1,1.0403824386368277,1.047716976027111
2000,15000,1.1229764688067296,1.1,1.1007727943693846,1.107712017291531
2000,15000,1.0962195404703787,1.1,1.0907410730855582,1.09302027140264
2000,15000,1.1228313051717314,1.1,1.1215580233966478,1.1221508130438058
2000,15000,1.0857781219742035,1.1,1.0816229120179537,1.0836073314285977
2000,15000,1.0644720639763885,1.1,1.0545076075007502,1.0591189485878088
2000,15000,1.1362328405597604,1.1,1.129887613165669,1.132440621950258
2000,15000,1.0865883857393976,1.1,1.0816975662272323,1.0841577170220549
2000,15000,1.0629622124314086,1.1,1.0395106387944208,1.0439427736958675
2000,15000,1.1085199439943216,1.1,1.1018680508563194,1.1046571990355012
2000,15000,1.063233799102013,1.1,1.040154528327875,1.0448874633701122
2000,15000,1.119343325938941,1.1,1.1183425933323905,1.1188831310591227
2000,15000,1.1051660241367858,1.1,1.1043333612872204,1.104807720263429
2000,15000,1.1056799459224769,1.1,1.0958972295976526,1.1004624226930724
2000,15000,1.0818558517904862,1.1,1.0754107363080874,1.0783838339896306
2000,15000,1.1195700455116295,1.1,1.1178513568924773,1.118731821887167
2000,15000,1.040312394508876,1.1,1.0296043931906302,1.033919320871978
2000,15000,1.079971075650498,1.1,1.062029936675967,1.0692333111130912
2000,15000,1.1556330978985518,1.1,1.1524537366926195,1.1540260049922118
2000,15000,1.0720669526446969,1.1,1.062849173355221,1.0673178665868606
2000,15000,1.149409062830975,1.1,1.1439793926001036,1.1463674641680983
2000,15000,1.066469004982087,1.1,1.054704546745811,1.0604171392936008
2000,15000,1.123740808237792,1.1,1.1223086328116412,1.1228638205291224
2000,15000,1.083687195265247,1.1,1.08066899897413,1.0822390349685842
2000,15000,1.1102869987324455,1.1,1.1038315574799826,1.1068916790828824
2000,15000,1.135269418366968,1.1,1.1324460512541594,1.133729237318856
2000,15000,1.1767411977715274,1.1,1.170202805180162,1.1733966990682327
2000,15000,1.1397687717594642,1.1,1.1225219782407094,1.1293737168427005
2000,15000,1.1249197542553255,1.1,1.1223384038347035,1.1234627594926592
2000,15000,1.12521785897978,1.1,1.1128871622286505,1.1185553025875334
2000,15000,1.1412366699853846,1.1,1.1339066635148896,1.137181398588994
2000,15000,1.0521767034946945,1.1,1.0466862990963102,1.0495671680188858
2000,15000,1.1026961310748722,1.1,1.092764207119134,1.097078597222077
2000,15000,1.1358105391168698,1.1,1.1343650663037808,1.1351293057801868
2000,15000,1.1140747207943735,1.1,1.1090178302365077,1.1114773495801435
2000,15000,1.1237651082041824,1.1,1.123374624980082,1.1235668133509051
2000,15000,1.026465126929814,1.1,1.011517357216048,1.0177741033481955
2000,15000,1.0855345048350948,1.1,1.0698434660707856,1.076625324342328
2000,15000,1.1346079339364823,1.1,1.126261452580832,1.1302002169354828
2000,15000,1.106045149307402,1.1,1.0839855224036308,1.0898608013889295
2000,15000,1.1438661593255572,1.1,1.1409652469855789,1.1423055586526194
2000,15000,1.1034455144904416,1.1,1.1010771459985362,1.1024961721334057
2000,15000,1.1372054266289218,1.1,1.1349832397054531,1.1358781430447056
2000,15000,1.1298038551400826,1.1,1.1258739934395618,1.128053389281911
2000,15000,1.1352184218836117,1.1,1.1277505102792758,1.1313452120052334
2000,15000,1.0754962937917658,1.1,1.062509758070074,1.0684051013160238
2000,15000,1.054962988405132,1.1,1.048793194601367,1.0517765487203898
2000,15000,1.1560443781359535,1.1,1.1540189476440024,1.1548971341886398
2000,20000,1.110642620469492,1.1,1.1073521001878597,1.1089020588082827
2000,20000,1.1399450060731695,1.1,1.1363160392487408,1.1381748578498423
2000,20000,1.0007078130661564,1.1,0.9793615440951864,0.9863779376511416
2000,20000,1.1233679345625287,1.1,1.1233560924564647,1.1233398177030085
2000,20000,1.097833110185549,1.1,1.0941686323065412,1.0961468214846055
2000,20000,1.0993132498191618,1.1,1.0876879296060296,1.0936623719415532
2000,20000,1.2352084024110246,1.1,1.2352084024110248,1.2352084024110246
2000,20000,1.146193131647161,1.1,1.1459151787458242,1.1460148185717915
2000,20000,1.0648955623329444,1.1,1.0509141699726008,1.0573602529645822
2000,20000,1.0785071937143869,1.0,1.0523794447675625,1.0549655839777323
2000,20000,1.040706779970334,1.1,1.0216522530855088,1.0284269280136975
2000,20000,1.107344720263961,1.1,1.096429531101781,1.1013037870171989
2000,20000,1.1083623430377956,1.1,1.1050329123084974,1.106618145783615
2000,20000,1.1975577183211368,1.1,1.1974672210430315,1.197487122377839
2000,20000,1.0316435011881302,1.1,1.0132763626303052,1.0197203829024946
2000,20000,1.0688793407335433,1.1,1.044296199603821,1.0500917342804794
2000,20000,1.0733748312234768,1.1,1.071935775150278,1.0726061035957488
2000,20000,1.0573717287943163,1.1,1.031616050896208,1.0303128900830314
2000,20000,1.0876209110886608,1.1,1.078735964631392,1.082837249257624
2000,20000,1.0458124598243277,1.1,1.0217378709144824,1.027598372101716
2000,20000,1.0187802877232364,1.1,0.995395690347288,0.9971308338679716
2000,20000,1.0891762501524886,1.1,1.066730904341883,1.073328277926564
2000,20000,1.0756203210514683,1.1,1.0588263046900614,1.0651155393602834
2000,20000,1.0833669333867355,1.1,1.0684978108120171,1.0741678084837092
2000,20000,1.1543323629100344,1.1,1.1522362929861611,1.1533147451290362
2000,20000,1.0058464942582963,1.0,0.9807786948289726,0.9830105684854278
2000,20000,1.0510863960501673,1.1,1.028156356125652,1.0327584471462976
2000,20000,1.083061636976514,1.1,1.0640523288248964,1.070646600722737
2000,20000,1.1040314569660603,1.1,1.0964635631228756,1.099723728230265
2000,20000,1.1286615716592734,1.1,1.1139179451113734,1.1198876598896104
2000,20000,1.0993766767429511,1.1,1.0781830876048213,1.0864337938013873
2000,20000,1.119844273414616,1.1,1.1104489548288463,1.115618120534776
2000,20000,1.1154836977257832,1.1,1.111987871730047,1.1135409436416406
2000,20000,1.147421155944126,1.1,1.1356753543560432,1.140857805596045
2000,20000,1.161896902719809,1.1,1.1611239525299997,1.161565907979979
2000,20000,1.081864666498213,1.1,1.0578651887643824,1.0653989203872147
2000,20000,1.0956998992897105,1.1,1.0913335936141522,1.0936780244626114
2000,20000,1.0899703611643443,1.1,1.0801717938217568,1.0841761463293202
2000,20000,1.0982279892686608,1.1,1.085905877276692,1.0909166394137737
2000,20000,1.076030819627919,1.1,1.061782816458799,1.067830961328539
2000,20000,1.0949532768125994,1.1,1.0819948553233858,1.0874224728533026
2000,20000,1.1313365479824615,1.1,1.1235464429459006,1.127327833281326
2000,20000,1.0963638353923693,1.1,1.0855030387488065,1.0907056501863377
2000,20000,1.0671352227469226,1.1,1.0443694314868328,1.0500465360582214
2000,20000,1.1462914905293335,1.1,1.1437107524157646,1.1448830815635398
2000,20000,1.14541339270689,1.1,1.1344190052856522,1.1391837471516184
2000,20000,1.1470376791577626,1.1,1.1432336061633792,1.1450121937063804
2000,20000,1.0404854158566703,1.1,1.023718193609281,1.0303270164830942
2000,20000,1.138162112832273,1.1,1.1288935796973725,1.1330897589813382
2000,20000,1.1157984856922936,1.1,1.115587978771286,1.1156428007703745
2000,20000,1.1351072906764652,1.1,1.132950319934936,1.1338384735259943
2000,20000,1.14097258547034,1.1,1.1368228544164023,1.1386679972634686
2000,20000,1.0612380169823996,1.1,1.0402797392495111,1.04792329256722
2000,20000,1.1229764688067296,1.1,1.1007710169231637,1.1071106194951688
2000,20000,1.0962195404703787,1.1,1.0908128616382728,1.0929786735485911
2000,20000,1.1228313051717314,1.1,1.1214964492212796,1.1221509640783935
2000,20000,1.0857781219742035,1.1,1.0816015364582294,1.0836336786594392
2000,20000,1.0644720639763885,1.1,1.054740602962889,1.058933324414949
2000,20000,1.1362328405597604,1.1,1.1298992173326488,1.1324972719243909
2000,20000,1.0865883857393976,1.1,1.0815137335736351,1.0842807092150588
2000,20000,1.0629622124314086,1.1,1.0395007272574583,1.0437340192978235
2000,20000,1.1085199439943216,1.1,1.101792056793782,1.1046866984349148
2000,20000,1.063233799102013,1.1,1.0402519385171458,1.0447239956557894
2000,20000,1.119343325938941,1.1,1.1182918980062495,1.1189137846276749
2000,20000,1.1051660241367858,1.1,1.104351400953424,1.1048159057605498
2000,20000,1.1056799459224769,1.1,1.095615728943743,1.1006040959427932
2000,20000,1.0818558517904862,1.1,1.0755113224553725,1.0782524708922607
2000,20000,1.1195700455116295,1.1,1.1178555821516571,1.118712026529222
2000,20000,1.040312394508876,1.1,1.0294742610469363,1.0338823947682445
2000,20000,1.079971075650498,1.1,1.0619839097106676,1.06963960078071
2000,20000,1.1556330978985518,1.1,1.1524798944235355,1.154076137276839
2000,20000,1.0720669526446969,1.1,1.0631017492790928,1.0672582271552669
2000,20000,1.149409062830975,1.1,1.1439813373931889,1.1465088465089466
2000,20000,1.066469004982087,1.1,1.0546549565318508,1.060400132645807
2000,20000,1.123740808237792,1.1,1.122160662943916,1.1229813644759332
2000,20000,1.083687195265247,1.1,1.0806582408563452,1.0822117753558862
2000,20000,1.1102869987324455,1.1,1.10376805596436,1.1070045664133463
2000,20000,1.135269418366968,1.1,1.1324455582470858,1.1336293001867443
2000,20000,1.1767411977715274,1.1,1.1701853394983748,1.17348706365972
2000,20000,1.1397687717594642,1.1,1.1224152372673752,1.1292896767290603
2000,20000,1.1249197542553255,1.1,1.1222589346212966,1.1234388644098194
2000,20000,1.12521785897978,1.1,1.1129611113706974,1.1183943028469243
2000,20000,1.1412366699853846,1.1,1.1338763687667246,1.1372510340405138
2000,20000,1.0521767034946945,1.1,1.0466407399133824,1.049517707222201
2000,20000,1.1026961310748722,1.1,1.0927712670921743,1.0971579495211927
2000,20000,1.1358105391168698,1.1,1.134409295483479,1.1351206626999202
2000,20000,1.1140747207943735,1.1,1.1090178033166749,1.1114760947232862
2000,20000,1.1237651082041824,1.1,1.1233363908098384,1.1235807563174325
2000,20000,1.026465126929814,1.1,1.0117412627557398,1.0178365885092726
2000,20000,1.0855345048350948,1.1,1.0696866772690583,1.076477413164384
2000,20000,1.1346079339364823,1.1,1.126267548193171,1.130270465506925
2000,20000,1.106045149307402,1.1,1.0839688736294435,1.0903542437052236
2000,20000,1.1438661593255572,1.1,1.1409441765501405,1.142322772228382
2000,20000,1.1034455144904416,1.1,1.1012385541414902,1.102311845004086
2000,20000,1.1372054266289218,1.1,1.1348328377645385,1.13605925837153
2000,20000,1.1298038551400826,1.1,1.1259152572243991,1.1280665011639563
2000,20000,1.1352184218836117,1.1,1.1278714371120926,1.1312850340136116
2000,20000,1.0754962937917658,1.1,1.062530209533367,1.0681474457596356
2000,20000,1.054962988405132,1.1,1.0488647431462244,1.0518281434171677
2000,20000,1.1560443781359535,1.1,1.154077878094492,1.154935305974734
2500,1000,1.111994704686265,1.1,1.103232146740426,1.1089922858391514
2500,1000,1.1361245581739847,1.1,1.135951941171606,1.1360626430638985
2500,1000,1.1443233358901548,1.1,1.1441096953178465,1.1443233358901546
2500,1000,1.0445011171594818,1.1,1.0355215968792748,1.0392361277872424
2500,1000,1.086025853399012,1.1,1.082455324877692,1.083362306509568
2500,1000,1.05942040094473,1.1,1.0544405751413106,1.057413887181727
2500,1000,1.114891651065245,1.1,1.101206607410632,1.1051866493855356
2500,1000,1.054377918352091,1.1,1.0418767573801844,1.047233626120757
2500,1000,1.0838639171039135,1.1,1.073839196821652,1.0778117252238897
2500,1000,1.111152423354627,1.1,1.0948472028782386,1.100495217108824
2500,1000,1.0513228978743612,1.1,1.0475053153305651,1.0486559998464156
2500,1000,1.136737425915067,1.1,1.1357991767660522,1.136258617772607
2500,1000,1.1255545268597336,1.1,1.1255545268597336,1.1254396085541432
2500,1000,1.132157871358524,1.1,1.1247486399139937,1.1280494413215718
2500,1000,1.051006073749328,1.1,1.0364855005692335,1.0427987112373704
2500,1000,1.0947587122109292,1.1,1.08224550959114,1.086774523349198
2500,1000,1.0770386773485168,1.1,1.0648322939452528,1.0702921865166537
2500,1000,1.102103396823258,1.1,1.096527512475877,1.099696329194634
2500,1000,1.0750513889901727,1.1,1.0573169138114185,1.0644769282476518
2500,1000,1.0771139294840577,1.1,1.0541969448544648,1.0540673720679206
2500,1000,1.1267243098771544,1.1,1.1241691272564471,1.1256847428933836
2500,1000,1.0985219613801556,1.1,1.0928816997116066,1.0962818179428755
2500,1000,1.128025913649744,1.1,1.1270928769675848,1.1271863371074902
2500,1000,1.0764243235218145,1.1,1.0634343701484967,1.068753662968643
2500,1000,1.0816684726001355,1.1,1.0789446634862636,1.080431806251939
2500,1000,1.0603199227501665,1.1,1.0452957574262438,1.0514071566516714
2500,1000,1.0919920935067433,1.1,1.0831851615606527,1.0862997604516968
2500,1000,1.1273559800167057,1.1,1.12631532441118,1.1265134425724603
2500,1000,1.105562576017272,1.1,1.1046117124713104,1.1047563115743717
2500,1000,1.11765713080556,1.1,1.1099069561424717,1.113265623599092
2500,1000,1.1036667924734995,1.1,1.1028164504937716,1.1032368327983464
2500,1000,1.112649293970983,1.1,1.109104345559668,1.110687534667912
2500,1000,1.0798053363831923,1.1,1.070792286668596,1.0756335614245491
2500,1000,1.16905013611219,1.1,1.1688745634630884,1.168978028223694
2500,1000,1.103634707107262,1.1,1.1032584551182032,1.1032442876517596
2500,1000,1.0498178974998265,1.1,1.041954272311701,1.0463025428906907
2500,1000,1.1008105508056374,1.1,1.093983492071676,1.0966772373661202
2500,1000,1.0596563426272674,1.1,1.0465961346147283,1.0513637861229184
2500,1000,1.116202383049107,1.0,1.0957349773079152,1.1022060691357174
2500,1000,1.1308578963467852,1.1,1.1308578963467852,1.1308024124153078
2500,1000,1.0411847010030968,1.1,1.028508365617985,1.0341818392011968
2500,1000,1.1041244729714337,1.1,1.0850484159169511,1.0889466327690176
2500,1000,1.0322759071428258,1.1,1.021387032907353,1.0269137633400456
2500,1000,1.1511430579239907,1.1,1.150253777242551,1.1505351600097835
2500,1000,1.098217176123688,1.1,1.0867225826716571,1.092735617251131
2500,1000,1.1305000163396643,1.1,1.1299454969056406,1.1304063888835545
2500,1000,1.0933819065125214,1.1,1.0860985151934612,1.0897312054470736
2500,1000,1.1632965050561137,1.1,1.1598440628909903,1.162000434552633
2500,1000,1.107510591101248,1.1,1.1069547071854169,1.1070570928121353
2500,1000,1.0519192658333307,1.1,1.041516804568535,1.047025271050327
2500,1000,1.0883457995287984,1.1,1.067352496734602,1.072663955839539
2500,1000,1.16307020665722,1.1,1.1596078681303206,1.160563267267947
2500,1000,1.1263659734899327,1.1,1.124462352301563,1.1255277177816243
2500,1000,1.0802652803114343,1.1,1.0722249424228203,1.0757698855917115
2500,1000,1.0696263301722708,1.1,1.064614099620321,1.0677594210149943
2500,1000,1.1080803160138923,1.1,1.1063124114218548,1.1066973955344872
2500,1000,1.0445476370580258,1.1,1.0327276838241668,1.0378070860680373
2500,1000,1.0842924025369691,1.1,1.0801376787261616,1.0815249163384046
2500,1000,1.116261417278829,1.1,1.111670894271974,1.1138628863046012
2500,1000,1.0890645539865698,1.1,1.087260694320826,1.0885976727311402
2500,1000,1.0716666272266022,1.1,1.061585510515081,1.0661986795266365
2500,1000,1.0483210831901288,1.1,1.02518894301593,1.0299250945838012
2500,1000,1.0857927359573138,1.1,1.0829284849206176,1.08417771234494
2500,1000,1.129208002134677,1.1,1.1138255340019492,1.1196899512484102
2500,1000,1.0573293140555864,1.1,1.0483743224749873,1.0514661616109204
2500,1000,1.129173484180608,1.1,1.127973644725109,1.1287638196094325
2500,1000,1.1288151464093237,1.1,1.1261378750155888,1.1264688315712783
2500,1000,1.136947813161116,1.1,1.134187676499059,1.1363774711662806
2500,1000,1.040396632044869,1.1,1.028457255564935,1.035553562895796
2500,1000,1.1449282913154075,1.1,1.1449282913154075,1.144928291315408
2500,1000,1.0827533654330397,1.0,1.0598604868064794,1.060628907997108
2500,1000,1.096022909761089,1.1,1.0913411641530368,1.094532567113564
2500,1000,1.0577302552070564,1.1,1.0355090579587765,1.040977227268907
2500,1000,1.079602709015612,1.1,1.0754367864053096,1.077899269390835
2500,1000,1.158327383711823,1.1,1.1570886177018755,1.15798158815247
2500,1000,1.1114493604133016,1.1,1.1060391977063748,1.1088526562081975
2500,1000,1.096615492311012,1.1,1.084048127872279,1.0903199914783936
2500,1000,1.0622843234011732,1.1,1.0580395177257078,1.060478471737479
2500,1000,1.18123267245703,1.1,1.1812326724570303,1.1810400751886996
2500,1000,1.1519894528597303,1.1,1.1519894528597303,1.1519894528597303
2500,1000,1.0940966002359531,1.1,1.0852431138668428,1.0890109007456334
2500,1000,1.0857030888497814,1.1,1.077185350497739,1.0787550568249478
2500,1000,1.0488958647038702,1.0,1.028346015836823,1.0329807534767683
2500,1000,1.0771525401057658,1.1,1.076777775309605,1.0771525401057658
2500,1000,1.0872529010049554,1.1,1.0819020177803114,1.0837001579254766
2500,1000,1.0670030522763871,1.1,1.0593034355386657,1.0629690525973563
2500,1000,1.0802191064527762,1.1,1.0765292730090537,1.0791534032173176
2500,1000,1.095680419029279,1.0,1.0919813555404356,1.093217012816483
2500,1000,1.1307959091976714,1.1,1.1259400070544128,1.1278439461342578
2500,1000,1.139679461173194,1.1,1.1380778804931135,1.13929017896785
2500,1000,1.0614723349617914,1.1,1.042572910809864,1.0494008892886333
2500,1000,1.0757755349869953,1.1,1.0588098754399364,1.0660995764330727
2500,1000,1.0557021829869964,1.1,1.0419845438987918,1.0453249036900905
2500,1000,1.0828419586284892,1.1,1.0619471187850622,1.0664665910209596
2500,1000,1.0800324977194289,1.1,1.0596569138237837,1.0643273824621682
2500,1000,1.0955153270505429,1.1,1.0945977557443496,1.0948811705258883
2500,1000,1.1060162727364589,1.0,1.09071590154092,1.097470405422619
2500,1000,1.167953740055673,1.1,1.167953740055673,1.1679537400556732
2500,1000,1.1515829610942838,1.1,1.1512432959680805,1.151450347444627
2500,1000,1.1540640954580434,1.1,1.1540640954580434,1.1540640954580434
2500,5000,1.105736638862795,1.1,1.0995911377676395,1.1025697422363163
2500,5000,1.1361245581739847,1.1,1.135816508604873,1.1360734769864516
2500,5000,1.1443233358901548,1.1,1.1442808610505837,1.144294470897072
2500,5000,1.0445011171594818,1.1,1.0357053099978502,1.038979889360169
2500,5000,1.086025853399012,1.1,1.0811548902061965,1.0834747970459035
2500,5000,1.05942040094473,1.1,1.0548165924827115,1.057206901737947
2500,5000,1.114891651065245,1.1,1.1000754707602938,1.106441860542304
2500,5000,1.054377918352091,1.1,1.0432718006556982,1.047654474249878
2500,5000,1.0838639171039135,1.1,1.0730442454221611,1.0779288864248524
2500,5000,1.111152423354627,1.1,1.095067717378473,1.0998561368380069
2500,5000,1.0513228978743612,1.1,1.046552722162455,1.0489529552775272
2500,5000,1.136737425915067,1.1,1.1357050801020585,1.1362527583788038
2500,5000,1.1255545268597336,1.1,1.1254322871484903,1.125504219012995
2500,5000,1.132157871358524,1.1,1.1245613160821084,1.127923557453696
2500,5000,1.051006073749328,1.1,1.0361678849671316,1.0426307643236643
2500,5000,1.0947587122109292,1.1,1.0833727185984705,1.087273739546218
2500,5000,1.0770386773485168,1.1,1.0658665284780005,1.0704869515866289
2500,5000,1.102103396823258,1.1,1.0965221364576636,1.0996836249338535
2500,5000,1.0750513889901727,1.1,1.0577938145391077,1.064271129593114
2500,5000,1.0771139294840577,1.1,1.054762640382478,1.0557509253200783
2500,5000,1.1267243098771544,1.1,1.1244816555349857,1.1257954750585055
2500,5000,1.0985219613801556,1.1,1.093749499879846,1.095592124475475
2500,5000,1.128025913649744,1.1,1.1265209008222967,1.127211978363806
2500,5000,1.0764243235218145,1.1,1.0641030525745303,1.0693421774489416
2500,5000,1.0816684726001355,1.1,1.0789969278101013,1.080674112885241
2500,5000,1.0603199227501665,1.1,1.045521176876188,1.0515586458363584
2500,5000,1.0919920935067433,1.1,1.0829786493913642,1.0873385511023796
2500,5000,1.1273559800167057,1.1,1.1261299130485043,1.1267116138751234
2500,5000,1.105562576017272,1.1,1.1044602177181908,1.1050828498725809
2500,5000,1.11765713080556,1.1,1.1093471707333191,1.113313109651563
2500,5000,1.1036667924734995,1.1,1.1029701694237692,1.1031598309996116
2500,5000,1.112649293970983,1.1,1.1089015224669625,1.1112132343382912
2500,5000,1.0798053363831923,1.1,1.0719217757708668,1.0759917997933552
2500,5000,1.16905013611219,1.1,1.1688713021620296,1.1689329113961466
2500,5000,1.103634707107262,1.1,1.1033102595011477,1.1034917249729457
2500,5000,1.0498178974998265,1.1,1.0421216613606883,1.0455862128261193
2500,5000,1.1008105508056374,1.1,1.0930170416994651,1.0968994989346843
2500,5000,1.0596563426272674,1.1,1.0460087646139464,1.0518948644467945
2500,5000,1.116202383049107,1.0,1.0960301711724618,1.1010697052123228
2500,5000,1.1308578963467852,1.1,1.1307819345421066,1.1308013481007235
2500,5000,1.0411847010030968,1.1,1.028624621709816,1.034177181115399
2500,5000,1.1041244729714337,1.1,1.0847726691942836,1.0899553719687094
2500,5000,1.0322759071428258,1.1,1.021585115931939,1.026346037585094
2500,5000,1.1511430579239907,1.1,1.149764461677656,1.1504638384586936
2500,5000,1.098217176123688,1.1,1.0874229567351947,1.0917757793779688
2500,5000,1.1305000163396643,1.1,1.1302678890803857,1.1304235446489066
2500,5000,1.0933819065125214,1.1,1.0866239375909237,1.089948083387493
2500,5000,1.1632965050561137,1.1,1.1607569875631367,1.1619915060514767
2500,5000,1.107510591101248,1.1,1.1069343452456502,1.107270486139914
2500,5000,1.0519192658333307,1.1,1.041523451529395,1.0460053180227342
2500,5000,1.0883457995287984,1.1,1.0672524071091292,1.073046246614343
2500,5000,1.16307020665722,1.1,1.1584082193098464,1.1604847964416054
2500,5000,1.1263659734899327,1.1,1.124031937740981,1.124994741993823
2500,5000,1.0802652803114343,1.1,1.071294952724856,1.0752340499081887
2500,5000,1.0696263301722708,1.1,1.0653882897151945,1.0674120868704868
2500,5000,1.1080803160138923,1.1,1.1054717499610955,1.1067479609926687
2500,5000,1.0445476370580258,1.1,1.0319112870507827,1.0374998825747292
2500,5000,1.0842924025369691,1.1,1.079301808809567,1.081508357975323
2500,5000,1.116261417278829,1.1,1.111232042017822,1.1136095045099346
2500,5000,1.0890645539865698,1.1,1.087193676421852,1.088026591765285
2500,5000,1.0716666272266022,1.1,1.0622666840726704,1.0663465969319024
2500,5000,1.0483210831901288,1.1,1.0258042800891307,1.028684466041072
2500,5000,1.0857927359573138,1.1,1.082874143232924,1.0842445450250258
2500,5000,1.129208002134677,1.1,1.1129222061459234,1.119761319118557
2500,5000,1.0573293140555864,1.1,1.046864778162229,1.0516987120691763
2500,5000,1.129173484180608,1.1,1.1283482980796675,1.128777803940511
2500,5000,1.1288151464093237,1.1,1.125791510645464,1.1272102098374222
2500,5000,1.136947813161116,1.1,1.1352023825255182,1.1358444880980425
2500,5000,1.040396632044869,1.1,1.03069638735048,1.034542374018114
2500,5000,1.1449282913154075,1.1,1.14484936018799,1.1448834134180208
2500,5000,1.0827533654330397,1.0,1.0594628736721414,1.06025865136375
2500,5000,1.096022909761089,1.1,1.0921255524691753,1.0942418143242882
2500,5000,1.0577302552070564,1.1,1.0361858822554408,1.0385195086607757
2500,5000,1.079602709015612,1.1,1.0759213741990117,1.0777431961595767
2500,5000,1.158327383711823,1.1,1.1573066738716151,1.1578865801324747
2500,5000,1.1114493604133016,1.1,1.1063737643822469,1.1088933817784634
2500,5000,1.096615492311012,1.1,1.0844337958481494,1.0899184212341495
2500,5000,1.0622843234011732,1.1,1.0591900054910162,1.06054641480305
2500,5000,1.18123267245703,1.1,1.1808901355112007,1.181010878040374
2500,5000,1.1519894528597303,1.1,1.15198945285973,1.15198945285973
2500,5000,1.0940966002359531,1.1,1.0849680552528758,1.0886601658032171
2500,5000,1.0857030888497814,1.1,1.0748204968498123,1.0796704089227662
2500,5000,1.0488958647038702,1.0,1.0284717815267512,1.0338278148194424
2500,5000,1.0771525401057658,1.1,1.0768371548414852,1.0768678074133522
2500,5000,1.0872529010049554,1.1,1.081360492937424,1.0841383988652218
2500,5000,1.0670030522763871,1.1,1.0593995313844176,1.062008231081861
2500,5000,1.0802191064527762,1.1,1.0769607158058836,1.0783703420205717
2500,5000,1.095680419029279,1.0,1.09193832277503,1.0934696457231237
2500,5000,1.1307959091976714,1.1,1.1259018695576324,1.1281114157875138
2500,5000,1.139679461173194,1.1,1.1383378105068238,1.1392752414298464
2500,5000,1.0614723349617914,1.1,1.0429205430076394,1.0502002034331264
2500,5000,1.0757755349869953,1.1,1.0598645805450655,1.0660755509548294
2500,5000,1.0557021829869964,1.1,1.0403358011935548,1.045501171382096
2500,5000,1.0828419586284892,1.1,1.0618365934527936,1.0653465674497742
2500,5000,1.0800324977194289,1.1,1.0591480910638236,1.0653674115446097
2500,5000,1.0955153270505429,1.1,1.0942754555072474,1.094981827568843
2500,5000,1.1060162727364589,1.0,1.091256162340252,1.0978064565886485
2500,5000,1.167953740055673,1.1,1.1679537400556728,1.1679289820393417
2500,5000,1.1515829610942838,1.1,1.1514379130317005,1.1515374086448933
2500,5000,1.1540640954580434,1.1,1.1540640954580434,1.1539813919725903
2500,10000,1.1112882016087895,1.1,1.1086327743946054,1.1098852146189166
2500,10000,1.1361245581739847,1.1,1.135917326536154,1.1360301333977856
2500,10000,1.1443233358901548,1.1,1.1442814567655215,1.1443085924241372
2500,10000,1.0445011171594818,1.1,1.0354061047076593,1.0390453210614463
2500,10000,1.086025853399012,1.1,1.0810475605757164,1.083540070571039
2500,10000,1.05942040094473,1.1,1.0549385136609128,1.057112890824382
2500,10000,1.114891651065245,1.1,1.1002415250256714,1.1063811375228136
2500,10000,1.054377918352091,1.1,1.0434036379600249,1.0477853535276682
2500,10000,1.0838639171039135,1.1,1.07309915612438,1.077554111586018
2500,10000,1.111152423354627,1.1,1.094518411975198,1.0998824492945676
2500,10000,1.0513228978743612,1.1,1.0466376917631146,1.0490131493701602
2500,10000,1.136737425915067,1.1,1.1357689803325826,1.1361557377932332
2500,10000,1.1255545268597336,1.1,1.1254331138909033,1.1255003257375709
2500,10000,1.132157871358524,1.1,1.1246111787469313,1.1282057133350605
2500,10000,1.051006073749328,1.1,1.0365833326780691,1.0426301483770068
2500,10000,1.0947587122109292,1.1,1.0830568910484946,1.0879611866394017
2500,10000,1.0770386773485168,1.1,1.066122322327974,1.0703880729626736
2500,10000,1.102103396823258,1.1,1.096888939247359,1.0993417650462654
2500,10000,1.0750513889901727,1.1,1.0575730479391068,1.064471488096407
2500,10000,1.0771139294840577,1.1,1.0547498787379297,1.053757866435552
2500,10000,1.1267243098771544,1.1,1.1247187877543954,1.1254901250507543
2500,10000,1.0985219613801556,1.1,1.0935059513445875,1.0957012023706985
2500,10000,1.128025913649744,1.1,1.1265158555668668,1.1272360002709487
2500,10000,1.0764243235218145,1.1,1.0640694636567327,1.0698697475979724
2500,10000,1.0816684726001355,1.1,1.0793502141146798,1.0804863458722136
2500,10000,1.0603199227501665,1.1,1.0454758045762993,1.0510145806563336
2500,10000,1.0919920935067433,1.1,1.0832414798929073,1.0867913756956662
2500,10000,1.1273559800167057,1.1,1.1260139048625373,1.1269003077273991
2500,10000,1.105562576017272,1.1,1.1044725450980166,1.1049711381461182
2500,10000,1.11765713080556,1.1,1.1091704036997314,1.1135048037098234
2500,10000,1.1036667924734995,1.1,1.1028073960993194,1.1032516715133436
2500,10000,1.112649293970983,1.1,1.109354688550113,1.1109543241547473
2500,10000,1.0798053363831923,1.1,1.0722135026638702,1.07595553703452
2500,10000,1.16905013611219,1.1,1.1688463730810985,1.168920550455079
2500,10000,1.103634707107262,1.1,1.1033475348671475,1.1034925889024776
2500,10000,1.0498178974998265,1.1,1.0420292718324384,1.0454892749600555
2500,10000,1.1008105508056374,1.1,1.0929679201047495,1.0967557106345112
2500,10000,1.0596563426272674,1.1,1.046267725871468,1.0520578319171967
2500,10000,1.116202383049107,1.0,1.0961900161562963,1.1011356438834827
2500,10000,1.1308578963467852,1.1,1.1307621366417384,1.1308185975021017
2500,10000,1.0411847010030968,1.1,1.0286950519763438,1.0344309523120565
2500,10000,1.1041244729714337,1.1,1.0850019283730448,1.089456679703372
2500,10000,1.0322759071428258,1.1,1.0217156366352227,1.025995390641701
2500,10000,1.1511430579239907,1.1,1.1497295696009784,1.1504205569557004
2500,10000,1.098217176123688,1.1,1.0869660521430795,1.0918660404550893
2500,10000,1.1305000163396643,1.1,1.1303199034995282,1.1304288216117842
2500,10000,1.0933819065125214,1.1,1.0865595611907068,1.0899231437249866
2500,10000,1.1632965050561137,1.1,1.1606582125167493,1.1618491831704052
2500,10000,1.107510591101248,1.1,1.1069511586288043,1.1072687036050315
2500,10000,1.0519192658333307,1.1,1.0412455783979435,1.0463700220795027
2500,10000,1.0883457995287984,1.1,1.0674647229112222,1.0731848152509926
2500,10000,1.16307020665722,1.1,1.1584647295210937,1.16058698250601
2500,10000,1.1263659734899327,1.1,1.123793452624807,1.1252470918720288
2500,10000,1.0802652803114343,1.1,1.0709394623457835,1.0757872651670877
2500,10000,1.0696263301722708,1.1,1.0653018265330736,1.0673884563880849
2500,10000,1.1080803160138923,1.1,1.1054156704230695,1.1067367248852311
2500,10000,1.0445476370580258,1.1,1.0320338456073652,1.0374914660078949
2500,10000,1.0842924025369691,1.1,1.079264728471612,1.0813619006514206
2500,10000,1.116261417278829,1.1,1.111216894228121,1.1137530291618611
2500,10000,1.0890645539865698,1.1,1.0871312696893567,1.0880723720014065
2500,10000,1.0716666272266022,1.1,1.0623707419534667,1.0662656747374513
2500,10000,1.0483210831901288,1.1,1.0256976463545424,1.0294059128741622
2500,10000,1.0857927359573138,1.1,1.0828050358534949,1.0843613385081603
2500,10000,1.129208002134677,1.1,1.1131739508512957,1.1199360012116517
2500,10000,1.0573293140555864,1.1,1.0471437795777627,1.0516925418952026
2500,10000,1.129173484180608,1.1,1.1283420060617115,1.1287225710079056
2500,10000,1.1288151464093237,1.1,1.1257813897605955,1.127109324341758
2500,10000,1.136947813161116,1.1,1.1349371145041482,1.1360099459740671
2500,10000,1.040396632044869,1.1,1.030226091420808,1.0346212401206203
2500,10000,1.1449282913154075,1.1,1.1448280334395096,1.1449231334594836
2500,10000,1.0827533654330397,1.0,1.0595500303287992,1.0605674489244217
2500,10000,1.096022909761089,1.1,1.092208414027213,1.0941145921782192
2500,10000,1.0577302552070564,1.1,1.0360901846462869,1.038524112600569
2500,10000,1.079602709015612,1.1,1.0758783434262271,1.0775965603757651
2500,10000,1.158327383711823,1.1,1.1573681721745168,1.1577713378727843
2500,10000,1.1114493604133016,1.1,1.1063900689753925,1.1085282631332882
2500,10000,1.096615492311012,1.1,1.0844965086389442,1.0894445142435605
2500,10000,1.0622843234011732,1.1,1.0591500114381234,1.0606024517975867
2500,10000,1.18123267245703,1.1,1.1808560070606484,1.1811591069942222
2500,10000,1.1519894528597303,1.1,1.1519894528597303,1.15198945285973
2500,10000,1.0940966002359531,1.1,1.084981023698538,1.0889937844133564
2500,10000,1.0857030888497814,1.1,1.0749073334167505,1.079488215190727
2500,10000,1.0488958647038702,1.0,1.0284510663936666,1.0341566061712824
2500,10000,1.0771525401057658,1.1,1.076724043476445,1.0768966924561525
2500,10000,1.0872529010049554,1.1,1.0813293708630485,1.0842317713454694
2500,10000,1.0670030522763871,1.1,1.0587903718121554,1.0621281041862995
2500,10000,1.0802191064527762,1.1,1.0767933719423857,1.0784863537075415
2500,10000,1.095680419029279,1.0,1.0918296596305568,1.0935807761163765
2500,10000,1.1307959091976714,1.1,1.1257542919522263,1.1283686321604796
2500,10000,1.139679461173194,1.1,1.1385547241822294,1.1390100437369
2500,10000,1.0614723349617914,1.1,1.0434593991981946,1.0501794311426669
2500,10000,1.0757755349869953,1.1,1.0601399694395532,1.065511005258186
2500,10000,1.0557021829869964,1.1,1.0400564845982645,1.0466781638435894
2500,10000,1.0828419586284892,1.1,1.0617247572485835,1.0654941938003937
2500,10000,1.0800324977194289,1.1,1.0592005506846114,1.0657125753514924
2500,10000,1.0955153270505429,1.1,1.0943740987202064,1.0947339816148782
2500,10000,1.1060162727364589,1.0,1.0917632393244976,1.0977168541493902
2500,10000,1.167953740055673,1.1,1.167912220432994,1.16793880329933
2500,10000,1.1515829610942838,1.1,1.151432034787156,1.151448026707461
2500,10000,1.1540640954580434,1.1,1.1539861568599756,1.153972830151377
2500,15000,1.0570395113190512,1.0,1.0350228109804398,1.036341948099626
2500,15000,1.1361245581739847,1.1,1.1359260309374646,1.1360095691780976
2500,15000,1.1443233358901548,1.1,1.1442953540129943,1.1442935352041137
2500,15000,1.0445011171594818,1.1,1.0354704073841143,1.0389489991073269
2500,15000,1.086025853399012,1.1,1.0810433824540022,1.0835492283402373
2500,15000,1.05942040094473,1.1,1.0549663372204146,1.0570750040179933
2500,15000,1.114891651065245,1.1,1.1003122265565264,1.1064771182395348
2500,15000,1.054377918352091,1.1,1.0432933097913717,1.0477504637566115
2500,15000,1.0838639171039135,1.1,1.073144873575279,1.0775728511543463
2500,15000,1.111152423354627,1.1,1.0943379803477862,1.1003014106243836
2500,15000,1.0513228978743612,1.1,1.046705348536029,1.0488103205055554
2500,15000,1.136737425915067,1.1,1.1356766007824357,1.1362325862840412
2500,15000,1.1255545268597336,1.1,1.1254213491942204,1.1254803860863722
2500,15000,1.132157871358524,1.1,1.124674915124485,1.128121991727822
2500,15000,1.051006073749328,1.1,1.0367576169280202,1.0427872550203074
2500,15000,1.0947587122109292,1.1,1.0834127412717482,1.0876060695715004
2500,15000,1.0770386773485168,1.1,1.0661891444583826,1.0702443781183957
2500,15000,1.102103396823258,1.1,1.0966112286158094,1.0993949723919636
2500,15000,1.0750513889901727,1.1,1.0576962435071455,1.0644505180000758
2500,15000,1.0771139294840577,1.1,1.0548438986348574,1.053824385096847
2500,15000,1.1267243098771544,1.1,1.124609853067369,1.1255374070855353
2500,15000,1.0985219613801556,1.1,1.0934502920640972,1.0955937879772173
2500,15000,1.128025913649744,1.1,1.1265248219078048,1.127189291153632
2500,15000,1.0764243235218145,1.1,1.064471983900886,1.0696218451122497
2500,15000,1.0816684726001355,1.1,1.0793102202347575,1.0805338555088186
2500,15000,1.0603199227501665,1.1,1.045504516944848,1.0507252780869731
2500,15000,1.0919920935067433,1.1,1.083252599700642,1.086913646149949
2500,15000,1.1273559800167057,1.1,1.1261831360422756,1.1268141407970502
2500,15000,1.105562576017272,1.1,1.104435997747801,1.105009445994172
2500,15000,1.11765713080556,1.1,1.109219026356723,1.1135486371409633
2500,15000,1.1036667924734995,1.1,1.1028321581891785,1.1032598818834154
2500,15000,1.112649293970983,1.1,1.1094154908955929,1.11102614642587
2500,15000,1.0798053363831923,1.1,1.072088291399126,1.076044251223403
2500,15000,1.16905013611219,1.1,1.1688499945327857,1.168910075838433
2500,15000,1.103634707107262,1.1,1.1033750641080975,1.1034556771311743
2500,15000,1.0498178974998265,1.1,1.0420374544510749,1.045499368819538
2500,15000,1.1008105508056374,1.1,1.09305322514934,1.096476530596162
2500,15000,1.0596563426272674,1.1,1.0464013790386788,1.0518306292671842
2500,15000,1.116202383049107,1.0,1.0962422448308882,1.100894779801455
2500,15000,1.1308578963467852,1.1,1.130781110937629,1.1308071511072384
2500,15000,1.0411847010030968,1.1,1.028896584168635,1.0340060749662103
2500,15000,1.1041244729714337,1.1,1.0847349261944663,1.0892842451535307
2500,15000,1.0322759071428258,1.1,1.0216078710056575,1.0260946095774286
2500,15000,1.1511430579239907,1.1,1.1497657508007768,1.1503220790724484
2500,15000,1.098217176123688,1.1,1.0869840078288513,1.0920397737154617
2500,15000,1.1305000163396643,1.1,1.1303403827958465,1.130422022669966
2500,15000,1.0933819065125214,1.1,1.0865953875922998,1.089840930852429
2500,15000,1.1632965050561137,1.1,1.1606857736190477,1.1618086670521703
2500,15000,1.107510591101248,1.1,1.10701972699956,1.1073166925092606
2500,15000,1.0519192658333307,1.1,1.04146371859611,1.0463169124582286
2500,15000,1.0883457995287984,1.1,1.0676314535163534,1.072945380146541
2500,15000,1.16307020665722,1.1,1.1586506003707977,1.1606334740227753
2500,15000,1.1263659734899327,1.1,1.123824800540782,1.125241220389666
2500,15000,1.0802652803114343,1.1,1.071062363730194,1.0756675441212171
2500,15000,1.0696263301722708,1.1,1.0651908826834238,1.0674994920447247
2500,15000,1.1080803160138923,1.1,1.1054278841510203,1.106874830752848
2500,15000,1.0445476370580258,1.1,1.032129054095604,1.0376734085841517
2500,15000,1.0842924025369691,1.1,1.0792758071316852,1.0813952854010278
2500,15000,1.116261417278829,1.1,1.1111761792514758,1.1138670636898975
2500,15000,1.0890645539865698,1.1,1.0870254190624302,1.0881012239279326
2500,15000,1.0716666272266022,1.1,1.062220311463282,1.0665411918328078
2500,15000,1.0483210831901288,1.1,1.0257756741666193,1.0291520394037963
2500,15000,1.0857927359573138,1.1,1.0827086082208932,1.0844847468902292
2500,15000,1.129208002134677,1.1,1.1131153969770562,1.1197773396284474
2500,15000,1.0573293140555864,1.1,1.0472293474586267,1.0518202799831404
2500,15000,1.129173484180608,1.1,1.1283127677334646,1.1287307855088589
2500,15000,1.1288151464093237,1.1,1.1257927175499405,1.1272190222594594
2500,15000,1.136947813161116,1.1,1.135029581336197,1.1360526579735024
2500,15000,1.040396632044869,1.1,1.030362954999238,1.0345921220629042
2500,15000,1.1449282913154075,1.1,1.144861371197786,1.1448936497204532
2500,15000,1.0827533654330397,1.0,1.059666116084912,1.061277869795644
2500,15000,1.096022909761089,1.1,1.0921691650272187,1.0940795882408514
2500,15000,1.0577302552070564,1.1,1.0359084266385228,1.0384788975581014
2500,15000,1.079602709015612,1.1,1.0758461548451774,1.077833574805546
2500,15000,1.158327383711823,1.1,1.1573176848474347,1.157701956490644
2500,15000,1.1114493604133016,1.1,1.1062374226039098,1.108464814330387
2500,15000,1.096615492311012,1.1,1.0844813277587044,1.0890728790641682
2500,15000,1.0622843234011732,1.1,1.059289167455002,1.060647449888524
2500,15000,1.18123267245703,1.1,1.180957559787569,1.1811226899676104
2500,15000,1.1519894528597303,1.1,1.1519894528597303,1.151982189676771
2500,15000,1.0940966002359531,1.1,1.0849948254604422,1.0888157297847516
2500,15000,1.0857030888497814,1.1,1.0749356108675507,1.079279346623104
2500,15000,1.0488958647038702,1.0,1.0285844728758515,1.0338917805911123
2500,15000,1.0771525401057658,1.1,1.0767668502253285,1.076923137375089
2500,15000,1.0872529010049554,1.1,1.081427916738677,1.0841153899908071
2500,15000,1.0670030522763871,1.1,1.0585233931659623,1.062252603939614
2500,15000,1.0802191064527762,1.1,1.0767671249681574,1.0785601947307226
2500,15000,1.095680419029279,1.0,1.0918583970083595,1.0936489498014297
2500,15000,1.1307959091976714,1.1,1.1258274734262297,1.1283016801127737
2500,15000,1.139679461173194,1.1,1.1383734773763703,1.1391037390035312
2500,15000,1.0614723349617914,1.1,1.0437215788547984,1.049621085158238
2500,15000,1.0757755349869953,1.1,1.060173437627337,1.0651129884869148
2500,15000,1.0557021829869964,1.1,1.0404152849506476,1.0465157760707968
2500,15000,1.0828419586284892,1.1,1.0617294509165285,1.0654131829367215
2500,15000,1.0800324977194289,1.1,1.059207866180362,1.0655969888021606
2500,15000,1.0955153270505429,1.1,1.0942688893969303,1.0948075173472052
2500,15000,1.1060162727364589,1.0,1.0919152055961252,1.097446753128611
2500,15000,1.167953740055673,1.1,1.1679115322469706,1.1679500447948608
2500,15000,1.1515829610942838,1.1,1.1513737565643951,1.1514779793252643
2500,15000,1.1540640954580434,1.1,1.1539443161651708,1.154007652277704
2500,20000,1.0509424555903963,1.1,1.040145476596272,1.044633965372467
2500,20000,1.1361245581739847,1.1,1.1359090754964911,1.1360298053814006
2500,20000,1.1443233358901548,1.1,1.1442918795636896,1.1442935017560614
2500,20000,1.0445011171594818,1.1,1.035409923341197,1.0390797324937902
2500,20000,1.086025853399012,1.1,1.0809954168823073,1.0835078794742896
2500,20000,1.05942040094473,1.1,1.0550438464439258,1.057078674906366
2500,20000,1.114891651065245,1.1,1.1003169614067585,1.1064164488849588
2500,20000,1.054377918352091,1.1,1.0433208133328014,1.0475289189843455
2500,20000,1.0838639171039135,1.1,1.0731062008621923,1.0775021236596114
2500,20000,1.111152423354627,1.1,1.094161181401412,1.1003283699772048
2500,20000,1.0513228978743612,1.1,1.0467731007780663,1.0487120774065657
2500,20000,1.136737425915067,1.1,1.135728610197377,1.1361806140969282
2500,20000,1.1255545268597336,1.1,1.1254357710033984,1.1254946853698695
2500,20000,1.132157871358524,1.1,1.1247849978874749,1.1280388363269698
2500,20000,1.051006073749328,1.1,1.0368073458118756,1.0426484460724974
2500,20000,1.0947587122109292,1.1,1.083348156650887,1.0878224936378704
2500,20000,1.0770386773485168,1.1,1.0662198573997457,1.0702789052135129
2500,20000,1.102103396823258,1.1,1.096506725666835,1.0994519176383044
2500,20000,1.0750513889901727,1.1,1.0575672073980915,1.0647448395199477
2500,20000,1.0771139294840577,1.1,1.0546737775084236,1.0547651490655925
2500,20000,1.1267243098771544,1.1,1.124535560999023,1.125598065940924
2500,20000,1.0985219613801556,1.1,1.0933824041388265,1.0957147796508813
2500,20000,1.128025913649744,1.1,1.1265398609813797,1.1272626204100742
2500,20000,1.0764243235218145,1.1,1.0644464872464954,1.0697129282951745
2500,20000,1.0816684726001355,1.1,1.0793016892401712,1.0805222976851194
2500,20000,1.0603199227501665,1.1,1.0453062949788778,1.051212632029213
2500,20000,1.0919920935067433,1.1,1.0831168168353968,1.087099254965629
2500,20000,1.1273559800167057,1.1,1.1261395713527085,1.126877025164135
2500,20000,1.105562576017272,1.1,1.104388623768863,1.1050816883298566
2500,20000,1.11765713080556,1.1,1.109311732243612,1.1136150603445392
2500,20000,1.1036667924734995,1.1,1.102821029270612,1.1032486613140755
2500,20000,1.112649293970983,1.1,1.109355647800499,1.1110678975168171
2500,20000,1.0798053363831923,1.1,1.0722735636012155,1.07592945322703
2500,20000,1.16905013611219,1.1,1.168824712984594,1.1689284372246904
2500,20000,1.103634707107262,1.1,1.1033575522243044,1.1034880050640334
2500,20000,1.0498178974998265,1.1,1.0420552398623577,1.0456266897108908
2500,20000,1.1008105508056374,1.1,1.0928715705237424,1.0966632450105496
2500,20000,1.0596563426272674,1.1,1.0463646315971766,1.051809309404153
2500,20000,1.116202383049107,1.0,1.096216685438692,1.1010536338541297
2500,20000,1.1308578963467852,1.1,1.1307596902834651,1.130815411670434
2500,20000,1.0411847010030968,1.1,1.02901698325832,1.0339490382025414
2500,20000,1.1041244729714337,1.1,1.08473857971968,1.0893287529983602
2500,20000,1.0322759071428258,1.1,1.0214981765464448,1.0260170601611234
2500,20000,1.1511430579239907,1.1,1.149670286995447,1.1503984698164542
2500,20000,1.098217176123688,1.1,1.086942986966457,1.092083406836468
2500,20000,1.1305000163396643,1.1,1.1303517872534758,1.1304085049887345
2500,20000,1.0933819065125214,1.1,1.0863915817542258,1.0900020194221651
2500,20000,1.1632965050561137,1.1,1.160539546174987,1.161890410124215
2500,20000,1.107510591101248,1.1,1.106994191999035,1.107302212148478
2500,20000,1.0519192658333307,1.1,1.0414270737351838,1.0462211099300254
2500,20000,1.0883457995287984,1.1,1.0676151378723997,1.0728429992679998
2500,20000,1.16307020665722,1.1,1.1585134838125597,1.160567281340634
2500,20000,1.1263659734899327,1.1,1.1239323046999472,1.1251074304217612
2500,20000,1.0802652803114343,1.1,1.0713262082241912,1.075340575214656
2500,20000,1.0696263301722708,1.1,1.0651683921382555,1.0675867066618765
2500,20000,1.1080803160138923,1.1,1.1054669861740103,1.1068184389182645
2500,20000,1.0445476370580258,1.1,1.0320304481822309,1.0379596060235612
2500,20000,1.0842924025369691,1.1,1.0791304739477312,1.081295852271956
2500,20000,1.116261417278829,1.1,1.1112489427742465,1.1137069463369471
2500,20000,1.0890645539865698,1.1,1.0871124591616692,1.088075445932922
2500,20000,1.0716666272266022,1.1,1.0622168930371183,1.0665449741574018
2500,20000,1.0483210831901288,1.1,1.025734505798706,1.029327887626897
2500,20000,1.0857927359573138,1.1,1.0827776985013122,1.0845294194458
2500,20000,1.129208002134677,1.1,1.1131703250007103,1.1199334374639869
2500,20000,1.0573293140555864,1.1,1.0473043638070827,1.0518520274332188
2500,20000,1.129173484180608,1.1,1.1282741065021766,1.1287372226750845
2500,20000,1.1288151464093237,1.1,1.1257288669402858,1.1272496137568015
2500,20000,1.136947813161116,1.1,1.135021056631052,1.1361489358397194
2500,20000,1.040396632044869,1.1,1.0302906092983857,1.034622126366223
2500,20000,1.1449282913154075,1.1,1.144868092716162,1.1448975009950138
2500,20000,1.0827533654330397,1.0,1.0596561322875142,1.0609384558776906
2500,20000,1.096022909761089,1.1,1.0921491165036592,1.094036062925368
2500,20000,1.0577302552070564,1.1,1.0359278027184975,1.0383668823960543
2500,20000,1.079602709015612,1.1,1.0757652837079523,1.0779333250511856
2500,20000,1.158327383711823,1.1,1.1572806322937177,1.1577112464791472
2500,20000,1.1114493604133016,1.1,1.1062134456307384,1.1084929883974757
2500,20000,1.096615492311012,1.1,1.0843951431102716,1.0894314051177978
2500,20000,1.0622843234011732,1.1,1.05921285332437,1.0607156774965878
2500,20000,1.18123267245703,1.1,1.180970141455111,1.181126712899329
2500,20000,1.1519894528597303,1.1,1.15198945285973,1.151983989465573
2500,20000,1.0940966002359531,1.1,1.085065422623981,1.0886474315117036
2500,20000,1.0857030888497814,1.1,1.0748172142820187,1.0792122281726446
2500,20000,1.0488958647038702,1.0,1.0286817901592746,1.033579937731533
2500,20000,1.0771525401057658,1.1,1.0767368913373867,1.076934051898952
2500,20000,1.0872529010049554,1.1,1.0814505716432357,1.084057213899458
2500,20000,1.0670030522763871,1.1,1.0583951628089776,1.0622975029543202
2500,20000,1.0802191064527762,1.1,1.0768532664429686,1.0786021898976723
2500,20000,1.095680419029279,1.0,1.091812153801567,1.0935395341902416
2500,20000,1.1307959091976714,1.1,1.1258460197753823,1.1282654032764143
2500,20000,1.139679461173194,1.1,1.1384235705990642,1.139020050863203
2500,20000,1.0614723349617914,1.1,1.0436943457380592,1.0495820865833967
2500,20000,1.0757755349869953,1.1,1.0600243566717067,1.065482899025029
2500,20000,1.0557021829869964,1.1,1.0404727809711989,1.0464807327706087
2500,20000,1.0828419586284892,1.1,1.0618070758224498,1.0654878294124177
2500,20000,1.0800324977194289,1.1,1.059302011134721,1.065503269642476
2500,20000,1.0955153270505429,1.1,1.094143535133651,1.0948007769995414
2500,20000,1.1060162727364589,1.0,1.091969202707624,1.0974182753918025
2500,20000,1.167953740055673,1.1,1.1679113965666816,1.167953740055673
2500,20000,1.1515829610942838,1.1,1.151370125040675,1.1514676251913336
2500,20000,1.1540640954580434,1.1,1.1539456920280644,1.1540173567258118
5000,1000,1.071993802145969,1.1,1.0699094587768214,1.071186387502799
5000,1000,1.1236539908262402,1.1,1.1225381912752703,1.12295739653266
5000,1000,1.097891147944674,1.1,1.0956269613170777,1.0966596919165403
5000,1000,1.0711552580612582,1.1,1.064145649003817,1.0675652769160997
5000,1000,1.1100912511001044,1.1,1.109971342644292,1.1098088307016114
5000,1000,1.11316245399032,1.1,1.112428856349185,1.1129595842699214
5000,1000,1.1271121344010837,1.1,1.1271121344010837,1.1271121344010837
5000,1000,1.0757546747275526,1.1,1.0682374511510633,1.0721942717346402
5000,1000,1.0585631718826998,1.1,1.058327226247187,1.0582301944677313
5000,1000,1.039059629837123,1.0,1.0273469071140318,1.0316823712536882
5000,1000,1.164014213415736,1.1,1.1638733204588576,1.164014213415736
5000,1000,1.1163037414368189,1.1,1.1160190245104304,1.1162526277773803
5000,1000,1.0933623006894475,1.1,1.0915720966869509,1.0925964481376322
5000,1000,1.113858226493476,1.1,1.1133014172968465,1.1132730487731686
5000,1000,1.0775468155736307,1.1,1.0667128844366145,1.0711208325384918
5000,1000,1.0963434635630638,1.1,1.0962168308910911,1.0963434635630638
5000,1000,1.0739755790476988,1.1,1.0703876478448158,1.0720292253102512
5000,1000,1.0939535033482757,1.1,1.0938167210662533,1.093774798679036
5000,1000,1.055081363963632,1.1,1.051675277906886,1.0531803824234212
5000,1000,1.0808634612767236,1.1,1.0802256945403466,1.0806422851762458
5000,1000,1.0775662395048524,1.1,1.075392607376629,1.0763881127450123
5000,1000,1.1323481252240737,1.1,1.1323481252240737,1.1322351745290244
5000,1000,1.0792751825438638,1.1,1.076705328939938,1.078099976260707
5000,1000,1.0914512905690748,1.1,1.0900641012751775,1.0913159847865432
5000,1000,1.09740755992954,1.1,1.0961917007553696,1.0968237987693052
5000,1000,1.1282158283569754,1.1,1.1282158283569754,1.1282158283569754
5000,1000,1.117408373500219,1.1,1.115245939728447,1.1162943141140516
5000,1000,1.0456441982503264,1.1,1.0385719964360178,1.042004616103689
5000,1000,1.1118532432043031,1.1,1.1103250267093143,1.1111861402952363
5000,1000,1.1041976254328585,1.1,1.1032893665875414,1.1037028998824183
5000,1000,1.136022763053026,1.1,1.1360227630530255,1.136022763053026
5000,1000,1.1093712043229662,1.1,1.1092267737811494,1.1093712043229662
5000,1000,1.0924938279757954,1.1,1.08499246434961,1.0886307329350204
5000,1000,1.0735324700225926,1.1,1.0650124193418131,1.0692680235153205
5000,1000,1.0637320324702608,1.1,1.055019592616711,1.058765026422668
5000,1000,1.14159091203818,1.1,1.14159091203818,1.1415909120381798
5000,1000,1.1147747589810495,1.1,1.1142742087311193,1.114618552540128
5000,1000,1.0779559563199737,1.1,1.0775439823780526,1.0779559563199737
5000,1000,1.0947457227492434,1.1,1.0944958839104235,1.094370900349941
5000,1000,1.1407461168432291,1.1,1.1404721374908642,1.1406598754534796
5000,1000,1.102885940221313,1.1,1.1022975074288297,1.1024607261307793
5000,1000,1.0912393633730426,1.1,1.0899331411472772,1.0905410790976573
5000,1000,1.0677820151879058,1.1,1.059696433402067,1.063830190508576
5000,1000,1.0768978024251263,1.1,1.0716702827732203,1.0746000107672968
5000,1000,1.0521063646163515,1.1,1.047111700558044,1.0488505378213788
5000,1000,1.0522002515178488,1.1,1.042172093459442,1.045929492001682
5000,1000,1.1017407846141207,1.1,1.1016189729486066,1.1016069081245146
5000,1000,1.0620357316091706,1.1,1.0497233638031682,1.0543136820576635
5000,1000,1.1247857974823103,1.1,1.1246209714510458,1.1247338943838896
5000,1000,1.118265442826696,1.1,1.1182654428266965,1.1182654428266958
5000,1000,1.047685322211491,1.1,1.0438050379796755,1.0456898938021473
5000,1000,1.0780769902510494,1.1,1.0773062020705757,1.07787252197413
5000,1000,1.087181005077874,1.1,1.0848670884145473,1.086125568025723
5000,1000,1.1501181153885214,1.1,1.1501181153885214,1.1501181153885212
5000,1000,1.0713071492680384,1.1,1.0704254025827802,1.0708951184767517
5000,1000,1.1169295076948156,1.1,1.115349883449162,1.116455127756717
5000,1000,1.1348025109981,1.1,1.1348025109981,1.1348025109981
5000,1000,1.1422854422382356,1.1,1.1422854422382354,1.1422854422382354
5000,1000,1.0931399187461517,1.1,1.0922437965648972,1.0928440838777156
5000,1000,1.0831514170860257,1.1,1.0762200948844554,1.0784807616984995
5000,1000,1.069643724762827,1.1,1.0656461839721123,1.0680516001144345
5000,1000,1.10059061358375,1.1,1.0995702989360705,1.0998396107440689
5000,1000,1.0522879786961743,1.1,1.0421474375134891,1.0469536817310416
5000,1000,1.0964513866851746,1.1,1.0961483968274597,1.0963295638042332
5000,1000,1.104169064927886,1.1,1.1027053511398506,1.1039497195083388
5000,1000,1.1358533607776884,1.1,1.1358533607776884,1.1358533607776884
5000,1000,1.1397672910884418,1.1,1.139767291088442,1.139767291088442
5000,1000,1.094365178161408,1.1,1.090876148632672,1.093650765352751
5000,1000,1.0626462342453775,1.1,1.0626462342453775,1.0625788974203931
5000,1000,1.0225300789001146,1.0,1.009443943961249,1.0149100010252337
5000,1000,1.073686700561618,1.1,1.0671354414115757,1.0702119360414115
5000,1000,1.1324356509305322,1.1,1.1310948730797814,1.1318941841049606
5000,1000,1.1310926714447054,1.1,1.1310926714447054,1.1310926714447052
5000,1000,1.04346029012452,1.1,1.0376489957632098,1.0401275753217822
5000,1000,1.0619489340850392,1.1,1.0605836391348469,1.0612685616263229
5000,1000,1.1138802754170412,1.1,1.1138802754170414,1.113880275417041
5000,1000,1.1125067398629065,1.1,1.111388041961853,1.1122855229200728
5000,1000,1.0881153117053035,1.1,1.080514717228173,1.0841047371229249
5000,1000,1.1159008654976683,1.1,1.1151311673052244,1.1157085021512176
5000,1000,1.136006383812488,1.1,1.1357474992632366,1.136006383812488
5000,1000,1.0795454164316205,1.1,1.0770000413084777,1.0780492044853405
5000,1000,1.0264247797748685,1.1,1.0105430536670723,1.013599662962189
5000,1000,1.1460059093744404,1.1,1.1458589722902406,1.1458992763381808
5000,1000,1.054294452580239,1.1,1.044512722227522,1.0470470323548973
5000,1000,1.0662546886734403,1.1,1.052557087855629,1.0562489626674334
5000,1000,1.0865765876288462,1.1,1.0784179369073226,1.0813616549699434
5000,1000,1.118235644190228,1.1,1.1179733538329786,1.1180797290412745
5000,1000,1.0760690066020526,1.1,1.0735564774260882,1.0746008577366686
5000,1000,1.0911227607290752,1.1,1.0796280640637372,1.0834918076623974
5000,1000,1.1330277779883653,1.1,1.133027777988365,1.133027777988365
5000,1000,1.0771478575198874,1.1,1.0687820339527383,1.072377491881891
5000,1000,1.124621424519738,1.1,1.124478126127426,1.124621424519738
5000,1000,1.0765085617370964,1.1,1.075930178808305,1.0764248995606698
5000,1000,1.04875022274712,1.1,1.0394452179232794,1.044229269505058
5000,1000,1.145955364181704,1.1,1.1459553641817042,1.145955364181704
5000,1000,1.0980304156569072,1.1,1.0980304156569072,1.097867114367123
5000,1000,1.1021076837153936,1.1,1.1021076837153934,1.1021076837153936
5000,1000,1.071487453646255,1.1,1.071487453646255,1.071414796532233
5000,1000,1.123543469642624,1.1,1.1233962796220611,1.1234303629061897
5000,1000,1.1572865210404115,1.1,1.1572865210404115,1.1572865210404115
5000,5000,1.1266377926065705,1.1,1.1264202077774996,1.1264835610964523
5000,5000,1.1236539908262402,1.1,1.122514199988237,1.1229327520828931
5000,5000,1.097891147944674,1.1,1.0954855350687354,1.0966632401150769
5000,5000,1.0711552580612582,1.1,1.064014160423962,1.0670861184620717
5000,5000,1.1100912511001044,1.1,1.109748498498178,1.1098534713802153
5000,5000,1.11316245399032,1.1,1.1125484152551832,1.1128889962627675
5000,5000,1.1271121344010837,1.1,1.1271121344010837,1.127112134401084
5000,5000,1.0757546747275526,1.1,1.0687094644320472,1.0714553692664068
5000,5000,1.0585631718826998,1.1,1.0581994559220251,1.0584326730882012
5000,5000,1.039059629837123,1.0,1.0276313915745547,1.0310645724958334
5000,5000,1.164014213415736,1.1,1.1639860899988232,1.164014213415736
5000,5000,1.1163037414368189,1.1,1.1160611796021227,1.1162143024280478
5000,5000,1.0933623006894475,1.1,1.092053539032349,1.092840464797186
5000,5000,1.113858226493476,1.1,1.1131893811898634,1.1136338169482491
5000,5000,1.0775468155736307,1.1,1.066958914762103,1.071220521323479
5000,5000,1.0963434635630638,1.1,1.0961416732413742,1.0962502113115251
5000,5000,1.0739755790476988,1.1,1.0700369370251828,1.0721729811913696
5000,5000,1.0939535033482757,1.1,1.0938405089085423,1.0939062674888722
5000,5000,1.055081363963632,1.1,1.0521362048565042,1.0536536429314864
5000,5000,1.0808634612767236,1.1,1.080090175710371,1.0806448711193204
5000,5000,1.0775662395048524,1.1,1.0756741714793931,1.076885078288217
5000,5000,1.1323481252240737,1.1,1.1323163953634574,1.1323141264668473
5000,5000,1.0792751825438638,1.1,1.0767857983449576,1.0780108709563598
5000,5000,1.0914512905690748,1.1,1.0909215873164346,1.0911789193940176
5000,5000,1.09740755992954,1.1,1.0957222420404475,1.096656703441643
5000,5000,1.1282158283569754,1.1,1.1282158283569754,1.128201184140392
5000,5000,1.117408373500219,1.1,1.114816456720599,1.116281222013417
5000,5000,1.0456441982503264,1.1,1.038434535744491,1.041932250787201
5000,5000,1.1118532432043031,1.1,1.110590764831776,1.1110590118011816
5000,5000,1.1041976254328585,1.1,1.1033496386521984,1.1038741320895893
5000,5000,1.136022763053026,1.1,1.136022763053026,1.136022763053026
5000,5000,1.1093712043229662,1.1,1.1092526281073118,1.1092880854236398
5000,5000,1.0924938279757954,1.1,1.0850971016742117,1.0882004531028264
5000,5000,1.0735324700225926,1.1,1.0658104524992318,1.069034823354417
5000,5000,1.0637320324702608,1.1,1.0555990865684728,1.059104630255003
5000,5000,1.14159091203818,1.1,1.1415581394193903,1.141568826411251
5000,5000,1.1147747589810495,1.1,1.1145533910600434,1.114646666427516
5000,5000,1.0779559563199737,1.1,1.0776284976606785,1.0777780315917218
5000,5000,1.0947457227492434,1.1,1.094468515122572,1.0945444968785771
5000,5000,1.1407461168432291,1.1,1.1406121033505554,1.1406818092640458
5000,5000,1.102885940221313,1.1,1.102460622451992,1.1027177933011012
5000,5000,1.0912393633730426,1.1,1.0898459251481474,1.090472529708956
5000,5000,1.0677820151879058,1.1,1.0594747114598693,1.0630207036963928
5000,5000,1.0768978024251263,1.1,1.072450361792492,1.0745847465618363
5000,5000,1.0521063646163515,1.1,1.0468755105156802,1.0495705179570889
5000,5000,1.0522002515178488,1.1,1.042665475536129,1.0463220675058396
5000,5000,1.1017407846141207,1.1,1.1013014381080353,1.1016378883246962
5000,5000,1.0620357316091706,1.1,1.04980672643975,1.0539189081331608
5000,5000,1.1247857974823103,1.1,1.1247214140884745,1.1247681774118876
5000,5000,1.118265442826696,1.1,1.118265442826696,1.1182654428266958
5000,5000,1.047685322211491,1.1,1.0436871951237732,1.0458403247197776
5000,5000,1.0780769902510494,1.1,1.0775653750759495,1.077798641658795
5000,5000,1.087181005077874,1.1,1.084969549038801,1.0860757543302035
5000,5000,1.1501181153885214,1.1,1.1500862646918446,1.1501181153885216
5000,5000,1.0713071492680384,1.1,1.070345895951393,1.0708750544793593
5000,5000,1.1169295076948156,1.1,1.1157915057710617,1.1165221084718857
5000,5000,1.1348025109981,1.1,1.1348025109981,1.1348025109981
5000,5000,1.1422854422382356,1.1,1.1421470609449316,1.142239326579692
5000,5000,1.0931399187461517,1.1,1.0924021665028794,1.0928451290913717
5000,5000,1.0831514170860257,1.1,1.075062165851157,1.0787655277708916
5000,5000,1.069643724762827,1.1,1.066352140986571,1.0677931776271967
5000,5000,1.10059061358375,1.1,1.0991700656636751,1.09977996320236
5000,5000,1.0522879786961743,1.1,1.042402735000944,1.0464199902332545
5000,5000,1.0964513866851746,1.1,1.096257285830741,1.0963670676652264
5000,5000,1.104169064927886,1.1,1.1031044009541795,1.1038399813556905
5000,5000,1.1358533607776884,1.1,1.1358533607776884,1.1358533607776884
5000,5000,1.1397672910884418,1.1,1.1397359782977066,1.1397672910884418
5000,5000,1.094365178161408,1.1,1.0919642075651004,1.0933478739761795
5000,5000,1.0626462342453775,1.1,1.0624193533171216,1.062504680783229
5000,5000,1.0225300789001146,1.0,1.010059247023985,1.014465782662813
5000,5000,1.073686700561618,1.1,1.0673265208571252,1.0702518087968411
5000,5000,1.1324356509305322,1.1,1.1308944282850153,1.1314700886286948
5000,5000,1.1310926714447054,1.1,1.131010426658668,1.1310725898035143
5000,5000,1.04346029012452,1.1,1.0375491903122764,1.0400974214252
5000,5000,1.0619489340850392,1.1,1.0609096665886115,1.061391360058839
5000,5000,1.1138802754170412,1.1,1.1138286284551016,1.1138034802968122
5000,5000,1.1125067398629065,1.1,1.1116775781327044,1.1119950104602672
5000,5000,1.0881153117053035,1.1,1.0811466224169852,1.0843079932555535
5000,5000,1.1159008654976683,1.1,1.1152768619100135,1.1157387505200458
5000,5000,1.136006383812488,1.1,1.135900594823127,1.1359738386269926
5000,5000,1.0795454164316205,1.1,1.0768880242091663,1.0783410724374984
5000,5000,1.0264247797748685,1.1,1.0105443498379925,1.0124742180853208
5000,5000,1.1460059093744404,1.1,1.1457985180806465,1.1457238444476847
5000,5000,1.054294452580239,1.1,1.0435610421256527,1.047071249400262
5000,5000,1.0662546886734403,1.1,1.053139935277667,1.057311340298947
5000,5000,1.0865765876288462,1.1,1.0778423138753486,1.081714294852083
5000,5000,1.118235644190228,1.1,1.11786842390125,1.1180208132113592
5000,5000,1.0760690066020526,1.1,1.0731674771254391,1.073976285333146
5000,5000,1.0911227607290752,1.1,1.079747531773158,1.0839109330446222
5000,5000,1.1330277779883653,1.1,1.133027777988365,1.1330277779883653
5000,5000,1.0771478575198874,1.1,1.0684405651757067,1.071664706780767
5000,5000,1.124621424519738,1.1,1.1245927355357557,1.124607307519406
5000,5000,1.0765085617370964,1.1,1.0759147636368072,1.0760655734543354
5000,5000,1.04875022274712,1.1,1.0394157171964538,1.043486012710852
5000,5000,1.145955364181704,1.1,1.1459553641817035,1.1459553641817042
5000,5000,1.0980304156569072,1.1,1.0979280467263712,1.0979965735984265
5000,5000,1.1021076837153936,1.1,1.1021076837153936,1.102092283640982
5000,5000,1.071487453646255,1.1,1.0714601224259783,1.0713904190157162
5000,5000,1.123543469642624,1.1,1.1234798763566145,1.1235178198241345
5000,5000,1.1572865210404115,1.1,1.1571724157184795,1.1572427212308358
5000,10000,1.082532657451334,1.1,1.080694308020212,1.0811973437979037
5000,10000,1.1236539908262402,1.1,1.1223328737529643,1.1229200200627556
5000,10000,1.097891147944674,1.1,1.0955108021998088,1.096847618895437
5000,10000,1.0711552580612582,1.1,1.063996251939128,1.0673525926254457
5000,10000,1.1100912511001044,1.1,1.1096766698856255,1.1099399591224706
5000,10000,1.11316245399032,1.1,1.1125637058923643,1.1128448815621297
5000,10000,1.1271121344010837,1.1,1.1271121344010837,1.1271121344010837
5000,10000,1.0757546747275526,1.1,1.0683570121141277,1.071741547698894
5000,10000,1.0585631718826998,1.1,1.0582488498549227,1.0582634536743851
5000,10000,1.039059629837123,1.0,1.0273701962352306,1.0310936145139358
5000,10000,1.164014213415736,1.1,1.1640001449209068,1.1640041493751372
5000,10000,1.1163037414368189,1.1,1.1161047122704906,1.1161971782818485
5000,10000,1.0933623006894475,1.1,1.0921583698948094,1.0928804870605746
5000,10000,1.113858226493476,1.1,1.1133033981142169,1.113546096192634
5000,10000,1.0775468155736307,1.1,1.066984772415719,1.071557387482062
5000,10000,1.0963434635630638,1.1,1.0961548740952218,1.0963197864297092
5000,10000,1.0739755790476988,1.1,1.0702105863363238,1.0720770677003435
5000,10000,1.0939535033482757,1.1,1.0938435902526418,1.0939033360787256
5000,10000,1.055081363963632,1.1,1.0523354240127458,1.0536660437236691
5000,10000,1.0808634612767236,1.1,1.0802937742559031,1.0805585860475877
5000,10000,1.0775662395048524,1.1,1.0759492252198306,1.0768190142721827
5000,10000,1.1323481252240737,1.1,1.1323009035290887,1.132348125224074
5000,10000,1.0792751825438638,1.1,1.0768159414691676,1.0781903798670027
5000,10000,1.0914512905690748,1.1,1.0909254118773524,1.0912397894836654
5000,10000,1.09740755992954,1.1,1.0958759006426044,1.0966024145478332
5000,10000,1.1282158283569754,1.1,1.1282009374857054,1.1282158283569754
5000,10000,1.117408373500219,1.1,1.1150731068776831,1.1159864855040824
5000,10000,1.0456441982503264,1.1,1.0384686556180125,1.0418037219632506
5000,10000,1.1118532432043031,1.1,1.1104718480922386,1.1109631983612225
5000,10000,1.1041976254328585,1.1,1.1034714575359752,1.1038781882262838
5000,10000,1.136022763053026,1.1,1.136022763053026,1.136022763053026
5000,10000,1.1093712043229662,1.1,1.1092232968575595,1.109304328459041
5000,10000,1.0924938279757954,1.1,1.084933227674354,1.088521364614216
5000,10000,1.0735324700225926,1.1,1.065899460441395,1.0689071834006962
5000,10000,1.0637320324702608,1.1,1.0555791705827606,1.0593194535608117
5000,10000,1.14159091203818,1.1,1.141557308444738,1.1415773459081182
5000,10000,1.1147747589810495,1.1,1.1145374832649029,1.1146021911924506
5000,10000,1.0779559563199737,1.1,1.0775904314736449,1.077791362009246
5000,10000,1.0947457227492434,1.1,1.0944249719383246,1.0946508241394282
5000,10000,1.1407461168432291,1.1,1.1406125199903918,1.1407213015924855
5000,10000,1.102885940221313,1.1,1.1024919217549178,1.1027739131533922
5000,10000,1.0912393633730426,1.1,1.0898024125461274,1.090457687259938
5000,10000,1.0677820151879058,1.1,1.0593078675704717,1.063180358553522
5000,10000,1.0768978024251263,1.1,1.0724529594873708,1.0741488991132653
5000,10000,1.0521063646163515,1.1,1.0471723477112018,1.0494749613644097
5000,10000,1.0522002515178488,1.1,1.0427013943844847,1.046569222657238
5000,10000,1.1017407846141207,1.1,1.101421457771686,1.1015362838462337
5000,10000,1.0620357316091706,1.1,1.04971520729464,1.0540597409674315
5000,10000,1.1247857974823103,1.1,1.1247393918112685,1.1247373808867196
5000,10000,1.118265442826696,1.1,1.118265442826696,1.1182654428266965
5000,10000,1.047685322211491,1.1,1.043817745603835,1.0456747442781644
5000,10000,1.0780769902510494,1.1,1.0775236704052968,1.0778465230930616
5000,10000,1.087181005077874,1.1,1.0849973239249655,1.0860519278449527
5000,10000,1.1501181153885214,1.1,1.150102241016661,1.1501181153885216
5000,10000,1.0713071492680384,1.1,1.0704080369955455,1.070726482085691
5000,10000,1.1169295076948156,1.1,1.1159210571909155,1.1164007902823267
5000,10000,1.1348025109981,1.1,1.1348025109981004,1.134787549119151
5000,10000,1.1422854422382356,1.1,1.1421754373339823,1.1422539494702584
5000,10000,1.0931399187461517,1.1,1.0924427844506952,1.0928264075331586
5000,10000,1.0831514170860257,1.1,1.0750416139864207,1.0785088734354522
5000,10000,1.069643724762827,1.1,1.0660940056512307,1.067871402096802
5000,10000,1.10059061358375,1.1,1.0991619089214442,1.0997836555421132
5000,10000,1.0522879786961743,1.1,1.0424629801940963,1.0465133377287896
5000,10000,1.0964513866851746,1.1,1.0962729086096037,1.0963717854873043
5000,10000,1.104169064927886,1.1,1.1033206293766746,1.103736001450739
5000,10000,1.1358533607776884,1.1,1.1358533607776886,1.1358455412130872
5000,10000,1.1397672910884418,1.1,1.139751606837424,1.1397672910884418
5000,10000,1.094365178161408,1.1,1.0919717215716926,1.0932792036855767
5000,10000,1.0626462342453775,1.1,1.0623745328901324,1.062430612177394
5000,10000,1.0225300789001146,1.0,1.0097412125952214,1.0141638766129784
5000,10000,1.073686700561618,1.1,1.0674074395487818,1.0699746037675493
5000,10000,1.1324356509305322,1.1,1.1307396634612126,1.131555757493754
5000,10000,1.1310926714447054,1.1,1.131024717646286,1.1310555628954226
5000,10000,1.04346029012452,1.1,1.0373570809146366,1.0404995302188509
5000,10000,1.0619489340850392,1.1,1.060812156525727,1.0612584391850128
5000,10000,1.1138802754170412,1.1,1.1137748618158043,1.1138249828058446
5000,10000,1.1125067398629065,1.1,1.1115667322744598,1.1118973132269514
5000,10000,1.0881153117053035,1.1,1.0812135947216317,1.084035280212685
5000,10000,1.1159008654976683,1.1,1.1154148020219328,1.115584551518491
5000,10000,1.136006383812488,1.1,1.135915095170883,1.1359025189718257
5000,10000,1.0795454164316205,1.1,1.0770911062313488,1.0783978887377392
5000,10000,1.0264247797748685,1.1,1.0105431177611237,1.0125736070548106
5000,10000,1.1460059093744404,1.1,1.1456780513053886,1.1458889569951878
5000,10000,1.054294452580239,1.1,1.0434900656458146,1.0475255480162171
5000,10000,1.0662546886734403,1.1,1.0531555394238934,1.0576338156994294
5000,10000,1.0865765876288462,1.1,1.0780237092709593,1.0815020142182383
5000,10000,1.118235644190228,1.1,1.1178258557841598,1.1180482560254386
5000,10000,1.0760690066020526,1.1,1.0728095615770146,1.0742351214089194
5000,10000,1.0911227607290752,1.1,1.0799908575744568,1.0837461284886285
5000,10000,1.1330277779883653,1.1,1.1330277779883655,1.1330277779883653
5000,10000,1.0771478575198874,1.1,1.068075694160041,1.0719225317833012
5000,10000,1.124621424519738,1.1,1.1245917867487052,1.1246049942384682
5000,10000,1.0765085617370964,1.1,1.0757934544335483,1.0761449085072885
5000,10000,1.04875022274712,1.1,1.0396655763203664,1.0432688207956848
5000,10000,1.145955364181704,1.1,1.145955364181704,1.145955364181704
5000,10000,1.0980304156569072,1.1,1.0979491493810518,1.097974597469446
5000,10000,1.1021076837153936,1.1,1.1020936923979092,1.1020854940976883
5000,10000,1.071487453646255,1.1,1.0713861831866691,1.0714792285377088
5000,10000,1.123543469642624,1.1,1.123480060846758,1.123495354220972
5000,10000,1.1572865210404115,1.1,1.1571803921881103,1.157244176956289
5000,15000,1.0825015881642182,1.1,1.0801119732498057,1.081454005920039
5000,15000,1.1236539908262402,1.1,1.1222570060801929,1.1229881126356218
5000,15000,1.097891147944674,1.1,1.0956892301587455,1.0967786105848805
5000,15000,1.0711552580612582,1.1,1.0640245349230708,1.0674050945555535
5000,15000,1.1100912511001044,1.1,1.1097170621559274,1.1098991729764338
5000,15000,1.11316245399032,1.1,1.112565130215138,1.1128652355139026
5000,15000,1.1271121344010837,1.1,1.1271121344010837,1.1271121344010837
5000,15000,1.0757546747275526,1.1,1.0683277444033965,1.071622862264319
5000,15000,1.0585631718826998,1.1,1.0581831277625684,1.0582467477565285
5000,15000,1.039059629837123,1.0,1.0272544801444177,1.0312081525951688
5000,15000,1.164014213415736,1.1,1.1640048086699792,1.1640008388095675
5000,15000,1.1163037414368189,1.1,1.1160514601363496,1.116221393571903
5000,15000,1.0933623006894475,1.1,1.0922051097068222,1.0928069778732614
5000,15000,1.113858226493476,1.1,1.1132367264296978,1.113529846318772
5000,15000,1.0775468155736307,1.1,1.067154119233793,1.0714667819130297
5000,15000,1.0963434635630638,1.1,1.0962073459635289,1.096249518000392
5000,15000,1.0739755790476988,1.1,1.0702364384144682,1.072018037078103
5000,15000,1.0939535033482757,1.1,1.0938704692910768,1.0938921659283456
5000,15000,1.055081363963632,1.1,1.052439861233978,1.0535980241452156
5000,15000,1.0808634612767236,1.1,1.0803026774769038,1.0804615004012237
5000,15000,1.0775662395048524,1.1,1.0760453979965254,1.07676865862883
5000,15000,1.1323481252240737,1.1,1.132316715878012,1.132336160650914
5000,15000,1.0792751825438638,1.1,1.0770093175891584,1.078015445193529
5000,15000,1.0914512905690748,1.1,1.0909251874537,1.0912254594712445
5000,15000,1.09740755992954,1.1,1.095901925187971,1.0965679573725338
5000,15000,1.1282158283569754,1.1,1.128205901590721,1.1282123481735322
5000,15000,1.117408373500219,1.1,1.1149431385486548,1.1159699756837398
5000,15000,1.0456441982503264,1.1,1.038521656737171,1.0418797894769536
5000,15000,1.1118532432043031,1.1,1.110318102906377,1.11105297572023
5000,15000,1.1041976254328585,1.1,1.1035184055021154,1.1038802041413838
5000,15000,1.136022763053026,1.1,1.1360227630530255,1.1360227630530255
5000,15000,1.1093712043229662,1.1,1.1092172217028669,1.109276215231234
5000,15000,1.0924938279757954,1.1,1.0849245498464477,1.0885021829053645
5000,15000,1.0735324700225926,1.1,1.065943037980465,1.068826808627073
5000,15000,1.0637320324702608,1.1,1.055521145939336,1.0593758682114185
5000,15000,1.14159091203818,1.1,1.1415567019521442,1.1415768890261355
5000,15000,1.1147747589810495,1.1,1.114464745339797,1.1146344216109838
5000,15000,1.0779559563199737,1.1,1.0776053230914668,1.0777923434132153
5000,15000,1.0947457227492434,1.1,1.094472882580203,1.0945897660113963
5000,15000,1.1407461168432291,1.1,1.1406303575803112,1.1407235180231887
5000,15000,1.102885940221313,1.1,1.1025332172045763,1.1027142205919758
5000,15000,1.0912393633730426,1.1,1.0898333208285846,1.0904591174981817
5000,15000,1.0677820151879058,1.1,1.0594845471386691,1.063108637537418
5000,15000,1.0768978024251263,1.1,1.0721633573082925,1.0743499208765133
5000,15000,1.0521063646163515,1.1,1.047151914084463,1.0494162951701742
5000,15000,1.0522002515178488,1.1,1.0428466406574712,1.046293008007729
5000,15000,1.1017407846141207,1.1,1.1014567208804067,1.1015416211189
5000,15000,1.0620357316091706,1.1,1.049697821121872,1.0539896348862468
5000,15000,1.1247857974823103,1.1,1.124736383562019,1.1247589523675945
5000,15000,1.118265442826696,1.1,1.118265442826696,1.118265442826696
5000,15000,1.047685322211491,1.1,1.0438108753698003,1.0456674418893792
5000,15000,1.0780769902510494,1.1,1.0776052283430289,1.0777772492940811
5000,15000,1.087181005077874,1.1,1.0850147557261007,1.0861004305130542
5000,15000,1.1501181153885214,1.1,1.1501075323563683,1.1501139250156749
5000,15000,1.0713071492680384,1.1,1.070393306600168,1.0707426029067737
5000,15000,1.1169295076948156,1.1,1.115852505980376,1.116475605730455
5000,15000,1.1348025109981,1.1,1.1348025109981004,1.1347876605173963
5000,15000,1.1422854422382356,1.1,1.142176648361029,1.1422596032664731
5000,15000,1.0931399187461517,1.1,1.092460052367002,1.0928237442208992
5000,15000,1.0831514170860257,1.1,1.074931966189378,1.0787792069085047
5000,15000,1.069643724762827,1.1,1.0660531624220742,1.0678283492689131
5000,15000,1.10059061358375,1.1,1.0991336275432284,1.099781931094596
5000,15000,1.0522879786961743,1.1,1.042457818644699,1.046482566426578
5000,15000,1.0964513866851746,1.1,1.096273770987917,1.0963613374261618
5000,15000,1.104169064927886,1.1,1.1033101803917018,1.103718932250446
5000,15000,1.1358533607776884,1.1,1.1358533607776886,1.135843825356084
5000,15000,1.1397672910884418,1.1,1.1397568444072812,1.1397672910884418
5000,15000,1.094365178161408,1.1,1.091940997225323,1.0931615721955232
5000,15000,1.0626462342453775,1.1,1.062324414556959,1.0624219452818786
5000,15000,1.0225300789001146,1.0,1.009689922402703,1.0142984744244514
5000,15000,1.073686700561618,1.1,1.06734037490173,1.070120721641791
5000,15000,1.1324356509305322,1.1,1.130740585989794,1.1314113354743127
5000,15000,1.1310926714447054,1.1,1.1310185001053024,1.1310640821016231
5000,15000,1.04346029012452,1.1,1.037519300708752,1.0402693282098685
5000,15000,1.0619489340850392,1.1,1.0607662927038264,1.0613428130380391
5000,15000,1.1138802754170412,1.1,1.1137831809667535,1.1138086787407853
5000,15000,1.1125067398629065,1.1,1.1114227953756382,1.1119572235327573
5000,15000,1.0881153117053035,1.1,1.0811866694723014,1.0842460787832722
5000,15000,1.1159008654976683,1.1,1.1153183134303828,1.1155813842611113
5000,15000,1.136006383812488,1.1,1.1358622403200027,1.1359398415391542
5000,15000,1.0795454164316205,1.1,1.077151706332684,1.078386019832196
5000,15000,1.0264247797748685,1.1,1.0105334822830605,1.0120290733895556
5000,15000,1.1460059093744404,1.1,1.1457110377859072,1.145897584752268
5000,15000,1.054294452580239,1.1,1.0435800046985508,1.0476271938287007
5000,15000,1.0662546886734403,1.1,1.053244442713506,1.0575298168071907
5000,15000,1.0865765876288462,1.1,1.0779130595533164,1.0817186578722926
5000,15000,1.118235644190228,1.1,1.1178360005199,1.118046226482416
5000,15000,1.0760690066020526,1.1,1.0727513151138186,1.0743098707493275
5000,15000,1.0911227607290752,1.1,1.079935715900789,1.0838716021610175
5000,15000,1.1330277779883653,1.1,1.133027777988365,1.133027777988365
5000,15000,1.0771478575198874,1.1,1.068150539752727,1.0718674685412612
5000,15000,1.124621424519738,1.1,1.1245807434990696,1.124598723174875
5000,15000,1.0765085617370964,1.1,1.0757739108487896,1.076143935925857
5000,15000,1.04875022274712,1.1,1.039671253758833,1.0434339411498748
5000,15000,1.145955364181704,1.1,1.145955364181704,1.1459553641817035
5000,15000,1.0980304156569072,1.1,1.0979237990617792,1.0979916120566833
5000,15000,1.1021076837153936,1.1,1.102077985922446,1.1020595661182149
5000,15000,1.071487453646255,1.1,1.0714108827239794,1.071484607682612
5000,15000,1.123543469642624,1.1,1.12348242117504,1.123496389548445
5000,15000,1.1572865210404115,1.1,1.157194591105308,1.157254221013972
5000,20000,1.1415176991764824,1.1,1.1403658724133126,1.1410046108674572
5000,20000,1.1236539908262402,1.1,1.1222818724975303,1.12300412969498
5000,20000,1.097891147944674,1.1,1.0956727236777497,1.0967630938048658
5000,20000,1.0711552580612582,1.1,1.064033795118272,1.0673103381046207
5000,20000,1.1100912511001044,1.1,1.109744530451878,1.1098972203621436
5000,20000,1.11316245399032,1.1,1.1125773803032502,1.1128763495237377
5000,20000,1.1271121344010837,1.1,1.1271121344010837,1.1271121344010837
5000,20000,1.0757546747275526,1.1,1.0683200828600932,1.071438432370097
5000,20000,1.0585631718826998,1.1,1.0581193820277977,1.0582422359217742
5000,20000,1.039059629837123,1.0,1.0273170744162072,1.0310849966081213
5000,20000,1.164014213415736,1.1,1.1639929159105666,1.1640003320968095
5000,20000,1.1163037414368189,1.1,1.1160949437247982,1.1162200405547982
5000,20000,1.0933623006894475,1.1,1.0922333078185134,1.0927978815628514
5000,20000,1.113858226493476,1.1,1.1132537278775707,1.1135252395332549
5000,20000,1.0775468155736307,1.1,1.0672117868238828,1.071470252184472
5000,20000,1.0963434635630638,1.1,1.0962281919836847,1.096255702849994
5000,20000,1.0739755790476988,1.1,1.070156589802383,1.072116834368694
5000,20000,1.0939535033482757,1.1,1.093850298112247,1.0939070631512884
5000,20000,1.055081363963632,1.1,1.0524374148421956,1.0535884985920014
5000,20000,1.0808634612767236,1.1,1.0802858401549498,1.0804907114434497
5000,20000,1.0775662395048524,1.1,1.0760025859099331,1.0768185046307892
5000,20000,1.1323481252240737,1.1,1.1323245587832775,1.132334777849174
5000,20000,1.0792751825438638,1.1,1.0770095063382876,1.078038553150884
5000,20000,1.0914512905690748,1.1,1.0909488531396665,1.0912038083320572
5000,20000,1.09740755992954,1.1,1.0959046749777634,1.0965854313174044
5000,20000,1.1282158283569754,1.1,1.1282083879402962,1.1282132096330857
5000,20000,1.117408373500219,1.1,1.114857758654003,1.1160436469148944
5000,20000,1.0456441982503264,1.1,1.0385065039931822,1.0417523433667295
5000,20000,1.1118532432043031,1.1,1.1103391128436055,1.1110909317760849
5000,20000,1.1041976254328585,1.1,1.103473865466274,1.103855929340323
5000,20000,1.136022763053026,1.1,1.136022763053026,1.1360196916830785
5000,20000,1.1093712043229662,1.1,1.1092280237786292,1.1092750876728197
5000,20000,1.0924938279757954,1.1,1.085047168491348,1.088485125755987
5000,20000,1.0735324700225926,1.1,1.0659967874703749,1.0687522395310682
5000,20000,1.0637320324702608,1.1,1.0555633474728223,1.059377909671268
5000,20000,1.14159091203818,1.1,1.141565250765873,1.141575534558763
5000,20000,1.1147747589810495,1.1,1.1144823041333836,1.114604184140822
5000,20000,1.0779559563199737,1.1,1.0776074313977484,1.0778032922566458
5000,20000,1.0947457227492434,1.1,1.0944797307031031,1.0945941682785665
5000,20000,1.1407461168432291,1.1,1.1406443038038925,1.140705558835242
5000,20000,1.102885940221313,1.1,1.1025560240785326,1.1027144969326794
5000,20000,1.0912393633730426,1.1,1.089792542445818,1.090514714115127
5000,20000,1.0677820151879058,1.1,1.059373489873037,1.063261159438776
5000,20000,1.0768978024251263,1.1,1.0720738958267058,1.0744263466576234
5000,20000,1.0521063646163515,1.1,1.0471510806302948,1.0493022149110756
5000,20000,1.0522002515178488,1.1,1.0427819633907494,1.046109718856063
5000,20000,1.1017407846141207,1.1,1.1013927202894525,1.101558092318264
5000,20000,1.0620357316091706,1.1,1.0497313383929838,1.053814867793046
5000,20000,1.1247857974823103,1.1,1.1247262429306089,1.1247796595521398
5000,20000,1.118265442826696,1.1,1.118265442826696,1.118265442826696
5000,20000,1.047685322211491,1.1,1.043784155129045,1.0456377183183132
5000,20000,1.0780769902510494,1.1,1.077586002640013,1.0777878724721968
5000,20000,1.087181005077874,1.1,1.0849990086066992,1.08609957052018
5000,20000,1.1501181153885214,1.1,1.1501101746257834,1.1501116696053553
5000,20000,1.0713071492680384,1.1,1.0703072798186355,1.0707798303645428
5000,20000,1.1169295076948156,1.1,1.115879854907373,1.1164739895139304
5000,20000,1.1348025109981,1.1,1.13478650627279,1.1347925971526782
5000,20000,1.1422854422382356,1.1,1.142203771895516,1.1422582473156122
5000,20000,1.0931399187461517,1.1,1.0924932869026722,1.092827367199396
5000,20000,1.0831514170860257,1.1,1.0748623757145646,1.078771102306189
5000,20000,1.069643724762827,1.1,1.066074377142859,1.067835394440272
5000,20000,1.10059061358375,1.1,1.0990880013511786,1.0997754117012923
5000,20000,1.0522879786961743,1.1,1.042460661419787,1.046537978757141
5000,20000,1.0964513866851746,1.1,1.0962839153545494,1.0963914129197858
5000,20000,1.104169064927886,1.1,1.1032738438883904,1.1037287501998043
5000,20000,1.1358533607776884,1.1,1.1358446918338634,1.135845517119624
5000,20000,1.1397672910884418,1.1,1.139759457929465,1.1397672910884418
5000,20000,1.094365178161408,1.1,1.0919766656886172,1.0931357434744773
5000,20000,1.0626462342453775,1.1,1.06229783384863,1.062425663126645
5000,20000,1.0225300789001146,1.0,1.0096284678502334,1.014428584691763
5000,20000,1.073686700561618,1.1,1.067272852068008,1.070281783894344
5000,20000,1.1324356509305322,1.1,1.1307462101081278,1.1313810619066325
5000,20000,1.1310926714447054,1.1,1.1310236544122878,1.1310651580043878
5000,20000,1.04346029012452,1.1,1.0375598881422743,1.0402306453118144
5000,20000,1.0619489340850392,1.1,1.0606928374432405,1.0613911224285733
5000,20000,1.1138802754170412,1.1,1.113766840226912,1.1138123025407276
5000,20000,1.1125067398629065,1.1,1.1114051215513634,1.111966595054636
5000,20000,1.0881153117053035,1.1,1.0812014206440022,1.0841625215137751
5000,20000,1.1159008654976683,1.1,1.115300443593206,1.11560145119288
5000,20000,1.136006383812488,1.1,1.135860266097747,1.1359461563882691
5000,20000,1.0795454164316205,1.1,1.077166399445983,1.0783278053898688
5000,20000,1.0264247797748685,1.1,1.0105317259774702,1.0121425275263636
5000,20000,1.1460059093744404,1.1,1.1457299693611886,1.1458874682263294
5000,20000,1.054294452580239,1.1,1.043742970662244,1.0476180760432494
5000,20000,1.0662546886734403,1.1,1.0533246087731376,1.0573566939811734
5000,20000,1.0865765876288462,1.1,1.0779528692391542,1.0817750728413749
5000,20000,1.118235644190228,1.1,1.117826282630268,1.1180421101370095
5000,20000,1.0760690066020526,1.1,1.0727552062790806,1.0743190651251462
5000,20000,1.0911227607290752,1.1,1.0798921330059443,1.0838047349798872
5000,20000,1.1330277779883653,1.1,1.1330277779883655,1.1330277779883655
5000,20000,1.0771478575198874,1.1,1.0681145956293174,1.071857165796566
5000,20000,1.124621424519738,1.1,1.124590938806669,1.124597158496223
5000,20000,1.0765085617370964,1.1,1.075791542919453,1.0761331271208343
5000,20000,1.04875022274712,1.1,1.039725551376399,1.0433538026944336
5000,20000,1.145955364181704,1.1,1.1459553641817035,1.1459520379801007
5000,20000,1.0980304156569072,1.1,1.0979236049874228,1.0979877892538237
5000,20000,1.1021076837153936,1.1,1.1020783044888862,1.1020544994673702
5000,20000,1.071487453646255,1.1,1.0714230610549025,1.071468890572391
5000,20000,1.123543469642624,1.1,1.123467562289972,1.1235034934551982
5000,20000,1.1572865210404115,1.1,1.1571899106893857,1.1572574895933432
