sample_size,num_bootstrap,plugin_est,act_plugin_val,correction_est,adj_correction_est
100,5000,6.49085336750646,4.5,5.366732054454971,4.710128391041639
100,5000,7.88028050721312,5.0,7.09345383543511,7.006980866983732
100,5000,7.013814622740871,4.5,5.687543841947039,5.575426757275087
100,5000,9.05730702841065,5.5,8.657176958489543,8.466223363082648
100,5000,7.836718349015047,6.0,7.155535040762559,7.1289454853898695
100,5000,5.273319773983033,5.5,4.442863577349568,4.960662735811911
100,5000,7.907367183210189,6.0,6.971773750282015,6.9878527487182165
100,5000,6.025830934533285,6.0,4.595585483969623,5.215742265979842
100,5000,6.335268952973312,5.0,5.004705246530884,4.650123055286626
100,5000,6.249236320014336,5.800000000000001,5.480081971617252,5.876382176200675
100,5000,7.108340740470796,6.0,6.581278066262129,6.839493591904019
100,5000,6.057120203057304,5.9,5.570044848730605,5.71605802966351
100,5000,6.32873018092459,5.2,5.74659841364697,5.979797540590155
100,5000,6.333684087482872,6.0,5.674360962807513,5.692900735180227
100,5000,7.573002244181135,5.1,7.010850853660859,7.233745522931902
100,5000,6.726513778899468,5.8,5.957667170121856,6.614651145321403
100,5000,6.2673509199499495,4.5,5.518954269388912,5.375897136518562
100,5000,8.232218200562304,5.1,7.5735828385591155,7.760105674597127
100,5000,6.408814412083715,5.5,5.6163778360123775,5.952833907176358
100,5000,7.291631617159048,5.6000000000000005,6.654905551126363,7.177540580342016
100,5000,5.621160239749727,4.5,4.5104373521024375,4.474442456626699
100,5000,5.481079022830273,4.5,4.412238890390035,4.798029016120791
100,5000,7.249142839216427,5.4,5.877740612599839,6.11326172849215
100,5000,6.714862745142238,4.8,6.24837520576054,6.448693038172618
100,5000,6.234649668074891,5.5,5.640635555387164,6.01638288108644
100,5000,5.766185218342543,5.4,4.314627774450074,5.196250098778526
100,5000,6.643167444084823,6.0,5.661965593109869,6.155259687060627
100,5000,7.912829246526036,6.0,7.432952973449672,7.844779156055042
100,5000,7.229619074087418,6.0,6.124463605108743,6.067784507565049
100,5000,5.997477503966781,5.0,4.928342995506354,5.457303882969957
100,5000,6.701718024773438,5.4,5.795547441538902,6.059070983690637
100,5000,6.847388571912681,5.2,5.816835384595077,6.328596323688402
100,5000,7.154592762215262,6.0,6.07958531517307,5.844164967501861
100,5000,8.424656814158116,5.0,7.963470782707287,7.905228168464775
100,5000,6.924832534434172,6.0,5.930849728261398,6.616925649856958
100,5000,6.359419238009916,5.0,5.440045451905679,5.520286804421803
100,5000,6.799791096811047,5.6,5.612139160116357,5.625942589746575
100,5000,8.161098801386654,5.5,7.953664207206057,8.047566289453165
100,5000,7.347126337476743,5.9,6.385594203823481,6.442347232422885
100,5000,6.776037735595549,5.5,5.858928998061886,6.132987524632459
100,5000,5.646238762382769,6.0,4.605735162560782,5.078819247628409
100,5000,8.146207413650771,4.5,7.8745107001642625,7.717942774915579
100,5000,7.006498953966979,5.5,5.655828944343003,5.75714082934718
100,5000,7.266189985466513,5.9,6.628120414877518,6.838307395835267
100,5000,5.755844977584979,4.7,4.874674351025396,5.340282891845956
100,5000,6.008261302062763,4.6,4.604702212446767,4.796211590158379
100,5000,6.204182266067583,5.0,5.359067307700967,5.611120648319255
100,5000,5.501405578145196,5.8,3.866838723176193,5.210863187945609
100,5000,5.862783258753835,5.6,4.5450089474018425,4.664841346370585
100,5000,6.1231309424527725,5.0,5.083968822636835,5.058883959993094
100,10000,6.709262125219022,4.5,5.394148494982559,5.473027620103192
100,10000,7.88028050721312,5.0,7.08685999878723,6.996114817454421
100,10000,7.013814622740871,4.5,5.684589069056043,5.567708233995035
100,10000,9.05730702841065,5.5,8.655753020631233,8.446824781667333
100,10000,7.836718349015047,6.0,7.154618592703732,7.135838609409425
100,10000,5.273319773983033,5.5,4.448888144772341,4.974116992591302
100,10000,7.907367183210189,6.0,6.950117306408137,7.010630637459935
100,10000,6.025830934533285,6.0,4.596031359151473,5.220226858800045
100,10000,6.335268952973312,5.0,4.997589719470016,4.700822947846623
100,10000,6.249236320014336,5.800000000000001,5.468885929881584,5.871300965006985
100,10000,7.108340740470796,6.0,6.58748510800019,6.835180631029174
100,10000,6.057120203057304,5.9,5.565395585361737,5.731736699839579
100,10000,6.32873018092459,5.2,5.750487914649071,6.002396274326948
100,10000,6.333684087482872,6.0,5.677561739795055,5.651827470912965
100,10000,7.573002244181135,5.1,7.030278633132764,7.194303058308817
100,10000,6.726513778899468,5.8,5.951692458905985,6.6011624889264695
100,10000,6.2673509199499495,4.5,5.515676426900526,5.376841396985409
100,10000,8.232218200562304,5.1,7.58511918639313,7.750878000902111
100,10000,6.408814412083715,5.5,5.620687894175419,5.953556844591989
100,10000,7.291631617159048,5.6000000000000005,6.65293168748516,7.16915222470689
100,10000,5.621160239749727,4.5,4.503980469976008,4.494287845354835
100,10000,5.481079022830273,4.5,4.414519077467261,4.764697654764416
100,10000,7.249142839216427,5.4,5.874512636844866,6.133675909047433
100,10000,6.714862745142238,4.8,6.250685645397448,6.459007151059274
100,10000,6.234649668074891,5.5,5.64184946719711,5.999927253298018
100,10000,5.766185218342543,5.4,4.3151892398321925,5.227851391980948
100,10000,6.643167444084823,6.0,5.661879327714288,6.151460929083392
100,10000,7.912829246526036,6.0,7.445097913324435,7.842674392694889
100,10000,7.229619074087418,6.0,6.144882517308763,6.021142721342368
100,10000,5.997477503966781,5.0,4.928831232420808,5.462333779934314
100,10000,6.701718024773438,5.4,5.787924363575409,6.0611281309927385
100,10000,6.847388571912681,5.2,5.8129495934312585,6.319804979485374
100,10000,7.154592762215262,6.0,6.081254942242712,5.8549941125355645
100,10000,8.424656814158116,5.0,7.985423249511136,7.871473495022933
100,10000,6.924832534434172,6.0,5.911389923690684,6.6258127370303335
100,10000,6.359419238009916,5.0,5.44861094785167,5.535626741276242
100,10000,6.799791096811047,5.6,5.606757622841464,5.655676984361636
100,10000,8.161098801386654,5.5,7.958289980583909,8.057534460701628
100,10000,7.347126337476743,5.9,6.389166267225835,6.446692531070599
100,10000,6.776037735595549,5.5,5.859755316301208,6.13701951773584
100,10000,5.646238762382769,6.0,4.598113292485777,5.0847214915390015
100,10000,8.146207413650771,4.5,7.876674092727775,7.708287056788001
100,10000,7.006498953966979,5.5,5.648142762662,5.783371225378941
100,10000,7.266189985466513,5.9,6.62267019252684,6.858128048077868
100,10000,5.755844977584979,4.7,4.864375945677805,5.342607262448624
100,10000,6.008261302062763,4.6,4.606682155020354,4.752252925506747
100,10000,6.204182266067583,5.0,5.357145909569306,5.633006852636124
100,10000,5.501405578145196,5.8,3.85243049335452,5.2717454717180185
100,10000,5.862783258753835,5.6,4.560829249338787,4.641431286752165
100,10000,6.1231309424527725,5.0,5.087508972823344,5.021280618297949
100,15000,6.123898660908058,5.0,5.334419183602513,5.514880995605247
100,15000,7.88028050721312,5.0,7.08680260359912,7.013162714174303
100,15000,7.013814622740871,4.5,5.681330052056491,5.578483689472158
100,15000,9.05730702841065,5.5,8.660202465663776,8.44059955991655
100,15000,7.836718349015047,6.0,7.160982158632591,7.108917291834554
100,15000,5.273319773983033,5.5,4.453675897872003,4.964744847033171
100,15000,7.907367183210189,6.0,6.955445635472616,6.996690778816834
100,15000,6.025830934533285,6.0,4.60175169397141,5.210465927362429
100,15000,6.335268952973312,5.0,4.999146411690322,4.668331272033392
100,15000,6.249236320014336,5.800000000000001,5.471756899870103,5.869660644280603
100,15000,7.108340740470796,6.0,6.588825267581075,6.8191576805321565
100,15000,6.057120203057304,5.9,5.5676853934037,5.731162890431232
100,15000,6.32873018092459,5.2,5.7559627509313485,5.996709324595533
100,15000,6.333684087482872,6.0,5.67650915576892,5.663849660306901
100,15000,7.573002244181135,5.1,7.025418886740345,7.208916396258985
100,15000,6.726513778899468,5.8,5.952069778703154,6.605317134285663
100,15000,6.2673509199499495,4.5,5.516188617810761,5.3606038763984944
100,15000,8.232218200562304,5.1,7.579569664705359,7.758770068614833
100,15000,6.408814412083715,5.5,5.617139242380672,5.951159838460588
100,15000,7.291631617159048,5.6000000000000005,6.668152861654307,7.164712497186315
100,15000,5.621160239749727,4.5,4.506444658749998,4.479801560884068
100,15000,5.481079022830273,4.5,4.413106351141826,4.795310876682978
100,15000,7.249142839216427,5.4,5.87908525440853,6.166061188277694
100,15000,6.714862745142238,4.8,6.252439938613591,6.448391037547107
100,15000,6.234649668074891,5.5,5.641188447449796,6.002010515437512
100,15000,5.766185218342543,5.4,4.328501105136301,5.201999172577657
100,15000,6.643167444084823,6.0,5.661222200321026,6.157091623762872
100,15000,7.912829246526036,6.0,7.449092608928666,7.844287071339561
100,15000,7.229619074087418,6.0,6.134145397896828,6.056698522010479
100,15000,5.997477503966781,5.0,4.927385793303634,5.438668023777216
100,15000,6.701718024773438,5.4,5.794524583009289,6.062883535740292
100,15000,6.847388571912681,5.2,5.8170022902914695,6.327233039681966
100,15000,7.154592762215262,6.0,6.084118973225768,5.830569039009221
100,15000,8.424656814158116,5.0,7.983548727849911,7.879491312346698
100,15000,6.924832534434172,6.0,5.904286046971373,6.620678722738292
100,15000,6.359419238009916,5.0,5.448856923615979,5.534918753614663
100,15000,6.799791096811047,5.6,5.594039532983158,5.6766079767529325
100,15000,8.161098801386654,5.5,7.961110422413439,8.048256137735526
100,15000,7.347126337476743,5.9,6.390221404399333,6.462924834126074
100,15000,6.776037735595549,5.5,5.861551169695236,6.135695083331983
100,15000,5.646238762382769,6.0,4.591490231517074,5.062736203278855
100,15000,8.146207413650771,4.5,7.874534349220352,7.709569955782555
100,15000,7.006498953966979,5.5,5.656589413174981,5.773234241438463
100,15000,7.266189985466513,5.9,6.625409839738411,6.866488747751451
100,15000,5.755844977584979,4.7,4.852193518293474,5.329214958741818
100,15000,6.008261302062763,4.6,4.600972253198264,4.8168636601483685
100,15000,6.204182266067583,5.0,5.351031357027897,5.612149740948574
100,15000,5.501405578145196,5.8,3.8397549939248696,5.27556341725788
100,15000,5.862783258753835,5.6,4.557463774941904,4.638146409832643
100,15000,6.1231309424527725,5.0,5.075081600644353,5.028839714274216
100,20000,6.904481534603973,4.8,5.601212456911496,6.314202515375191
100,20000,7.88028050721312,5.0,7.081576706923274,7.001684677992495
100,20000,7.013814622740871,4.5,5.684919036974811,5.58095853611432
100,20000,9.05730702841065,5.5,8.657115007882096,8.444458514229892
100,20000,7.836718349015047,6.0,7.1589704132897145,7.131132202744053
100,20000,5.273319773983033,5.5,4.451206217433053,4.957559547150448
100,20000,7.907367183210189,6.0,6.95034608867452,6.996947672728948
100,20000,6.025830934533285,6.0,4.60339200134359,5.2207744001214
100,20000,6.335268952973312,5.0,4.999327626710504,4.648578742484229
100,20000,6.249236320014336,5.800000000000001,5.469711072805124,5.876988463218443
100,20000,7.108340740470796,6.0,6.59161030219648,6.826254782574323
100,20000,6.057120203057304,5.9,5.564271373833459,5.741129338919476
100,20000,6.32873018092459,5.2,5.755261611840401,6.004658936788209
100,20000,6.333684087482872,6.0,5.677815074052023,5.660622201054841
100,20000,7.573002244181135,5.1,7.019966289279084,7.214773067198693
100,20000,6.726513778899468,5.8,5.951496625377721,6.59769132737375
100,20000,6.2673509199499495,4.5,5.5161321926865154,5.359065178030174
100,20000,8.232218200562304,5.1,7.582960191963744,7.763341673242031
100,20000,6.408814412083715,5.5,5.617520955892768,5.957464862929503
100,20000,7.291631617159048,5.6000000000000005,6.669618914585088,7.170324525118881
100,20000,5.621160239749727,4.5,4.510200598004213,4.482537221208871
100,20000,5.481079022830273,4.5,4.413655532830454,4.793945933503942
100,20000,7.249142839216427,5.4,5.889538431162865,6.165913667101028
100,20000,6.714862745142238,4.8,6.252601333330437,6.453920486288754
100,20000,6.234649668074891,5.5,5.636731274761944,5.997516933082985
100,20000,5.766185218342543,5.4,4.330252211307294,5.198109508347477
100,20000,6.643167444084823,6.0,5.66407761396338,6.160663567475304
100,20000,7.912829246526036,6.0,7.436405896556296,7.842690037162653
100,20000,7.229619074087418,6.0,6.1314093038192095,6.04926061633082
100,20000,5.997477503966781,5.0,4.923238617403022,5.44904525655509
100,20000,6.701718024773438,5.4,5.790949328533169,6.08806549998081
100,20000,6.847388571912681,5.2,5.815294500740989,6.316188888415304
100,20000,7.154592762215262,6.0,6.0850479660777,5.810538474287354
100,20000,8.424656814158116,5.0,7.98204901256064,7.862510466481627
100,20000,6.924832534434172,6.0,5.903232567457576,6.6171810627530245
100,20000,6.359419238009916,5.0,5.452081344131586,5.520126253545016
100,20000,6.799791096811047,5.6,5.598128334900318,5.661072264125852
100,20000,8.161098801386654,5.5,7.960331480775588,8.049860476921285
100,20000,7.347126337476743,5.9,6.396723260059376,6.442866587598131
100,20000,6.776037735595549,5.5,5.865722576463136,6.135999250399698
100,20000,5.646238762382769,6.0,4.592285257182857,5.078964878995496
100,20000,8.146207413650771,4.5,7.873522633115423,7.713183564622212
100,20000,7.006498953966979,5.5,5.658285563911022,5.772390062937928
100,20000,7.266189985466513,5.9,6.622024762230021,6.860280991215879
100,20000,5.755844977584979,4.7,4.852885017716822,5.316262451130078
100,20000,6.008261302062763,4.6,4.60223577316449,4.830971301256396
100,20000,6.204182266067583,5.0,5.353263765304075,5.605662300460901
100,20000,5.501405578145196,5.8,3.839708878549946,5.2693269451412
100,20000,5.862783258753835,5.6,4.556855485929652,4.64559927246408
100,20000,6.1231309424527725,5.0,5.0730397902222295,5.029860853590774
500,5000,6.257936647004828,6.0,5.888054299232557,5.98493650509876
500,5000,5.452508990559182,5.2,5.1039155641401575,5.268654921440231
500,5000,5.730705012650521,5.800000000000001,5.330887356229757,5.519840917416092
500,5000,5.673177237653932,5.700000000000001,5.477540259324282,5.610761290680615
500,5000,6.171571641506571,5.6,5.790955909040071,5.904222657955838
500,5000,6.537276912085037,5.7,6.165743754215306,6.340481943525211
500,5000,5.8425244592541095,5.5,5.377421227234272,5.407259530510938
500,5000,6.266000941601701,5.6,5.898008612611672,6.028674173183695
500,5000,5.784191044420316,5.0,5.242082917323595,5.247094807198763
500,5000,5.635185411841155,5.800000000000001,5.271281059152687,5.475144744222239
500,5000,6.225482562420952,5.5,5.790023680307578,5.929996755020003
500,5000,5.79466820121239,5.9,5.372976781684687,5.455586790300929
500,5000,6.710141602493275,6.0,6.561649724007288,6.62794777421327
500,5000,6.745645639961539,6.0,6.6888288804121965,6.702793822415671
500,5000,7.524490960592486,5.5,7.219578768725514,7.308923533395896
500,5000,6.226036283085218,5.9,5.846997675223667,5.858884805099857
500,5000,5.685997068263065,5.6,5.332100040601078,5.5215319535140175
500,5000,5.176296320301246,5.800000000000001,4.600954808955518,4.65104241792715
500,5000,5.227447390752196,6.0,4.629843455658389,4.607231274863347
500,5000,6.0535879851711725,5.799999999999999,5.862689532378971,5.929439254885259
500,5000,6.333810296057331,5.5,6.018142962518639,6.111492634202428
500,5000,5.923697912392694,5.7,5.61688822673922,5.797518743110439
500,5000,6.686858897791566,6.0,6.397387787845601,6.518267707312239
500,5000,5.042611682544214,6.0,4.530616957038714,4.558500642095166
500,5000,5.437079360727164,6.0,4.963092330508727,5.009836837918831
500,5000,6.219657001505297,5.5,5.973843929868623,5.845926754923509
500,5000,6.607752588567988,6.0,6.538434829194252,6.567464794783666
500,5000,6.063772257663711,6.0,5.787305302943404,5.851155359852871
500,5000,7.001101062030449,6.0,6.901373763963062,6.941640037475777
500,5000,5.240855427324705,6.0,4.633080555323091,4.615222332945621
500,5000,5.723745916827795,6.0,5.257522804767084,5.221912113330092
500,5000,6.377838434810521,5.2,5.909404445346292,6.057923039324505
500,5000,5.485979559679434,5.2,5.040641631443652,5.233052123679728
500,5000,5.911128392157949,6.0,5.644712285796161,5.760761996776054
500,5000,6.20917025781826,6.0,5.862312088112656,5.9284919222392976
500,5000,6.0737039552666925,5.7,5.789612110243343,5.964892902371799
500,5000,6.267264200940326,5.8,6.017245934106935,6.105110238184902
500,5000,6.612597141200956,6.0,6.446982300363777,6.524914586498922
500,5000,5.593568909757943,5.5,5.1440629141954375,5.285827297186431
500,5000,6.209354314191896,5.5,5.828523001637111,5.766217551046789
500,5000,6.2580031121665805,6.0,5.815377526771254,5.958105655550293
500,5000,5.766520136307049,5.2,5.524808090389831,5.726608381216038
500,5000,6.566125509918286,5.5,6.112877965776012,6.167749537492308
500,5000,6.2468041376463095,5.8,5.950623137172303,6.058905831455284
500,5000,5.688915368370878,5.5,5.269845473962319,5.384330253399755
500,5000,6.113972048831773,5.5,5.787424306185873,5.905302819419608
500,5000,6.049611373602256,5.0,5.5720595912855,5.657637954983662
500,5000,5.777585521982366,5.6000000000000005,5.325716753340156,5.580776377833549
500,5000,6.26727082383979,5.0,5.74840931841999,5.799172269223469
500,5000,6.202100702315518,6.0,5.889216651983621,6.000472443753437
500,10000,5.994635635273656,5.6000000000000005,5.501659022570907,5.724161441359556
500,10000,5.452508990559182,5.2,5.101602146219925,5.276402499544005
500,10000,5.730705012650521,5.800000000000001,5.3331848911773525,5.504375606840589
500,10000,5.673177237653932,5.700000000000001,5.4742799414089545,5.612260042012363
500,10000,6.171571641506571,5.6,5.789042044529853,5.899411879969059
500,10000,6.537276912085037,5.7,6.169252769760959,6.340273014207868
500,10000,5.8425244592541095,5.5,5.375781114776158,5.417506039809475
500,10000,6.266000941601701,5.6,5.895970681774557,6.018489067218246
500,10000,5.784191044420316,5.0,5.239101849626694,5.263141519532384
500,10000,5.635185411841155,5.800000000000001,5.27367103731286,5.461729212455388
500,10000,6.225482562420952,5.5,5.789983120789322,5.921927760190775
500,10000,5.79466820121239,5.9,5.3737958247421895,5.443990931690525
500,10000,6.710141602493275,6.0,6.560446261263947,6.633625691579063
500,10000,6.745645639961539,6.0,6.684349782797885,6.707776959081926
500,10000,7.524490960592486,5.5,7.220005376944292,7.309184092446388
500,10000,6.226036283085218,5.9,5.846880602945777,5.84637176471202
500,10000,5.685997068263065,5.6,5.335085379326332,5.509848426129918
500,10000,5.176296320301246,5.800000000000001,4.601418447017181,4.676012223729934
500,10000,5.227447390752196,6.0,4.630849743033254,4.611175858920196
500,10000,6.0535879851711725,5.799999999999999,5.861777147765829,5.935258867984726
500,10000,6.333810296057331,5.5,6.020175021728677,6.099795820918337
500,10000,5.923697912392694,5.7,5.617124028106608,5.804311914630136
500,10000,6.686858897791566,6.0,6.399024795092321,6.517644696910166
500,10000,5.042611682544214,6.0,4.526698679896192,4.582116609939212
500,10000,5.437079360727164,6.0,4.965189596397127,5.008896986326977
500,10000,6.219657001505297,5.5,5.970884335134399,5.838708609612893
500,10000,6.607752588567988,6.0,6.536101316188239,6.568121045835518
500,10000,6.063772257663711,6.0,5.790807008706398,5.853765443027477
500,10000,7.001101062030449,6.0,6.900576532765512,6.916636781567348
500,10000,5.240855427324705,6.0,4.628256208718627,4.615384933849293
500,10000,5.723745916827795,6.0,5.255588761545206,5.209635634789766
500,10000,6.377838434810521,5.2,5.908653697860608,6.052314564355614
500,10000,5.485979559679434,5.2,5.03988754540464,5.213838610390704
500,10000,5.911128392157949,6.0,5.642451078247889,5.76199471543366
500,10000,6.20917025781826,6.0,5.858897442041085,5.939930413188929
500,10000,6.0737039552666925,5.7,5.79435259669132,5.952040272561479
500,10000,6.267264200940326,5.8,6.018937151031065,6.08847580720513
500,10000,6.612597141200956,6.0,6.441130973872784,6.527844271407719
500,10000,5.593568909757943,5.5,5.146160992203392,5.289448401330928
500,10000,6.209354314191896,5.5,5.829126800400589,5.7730923879028975
500,10000,6.2580031121665805,6.0,5.812478590715153,5.951673269602463
500,10000,5.766520136307049,5.2,5.526793744405904,5.716437057676799
500,10000,6.566125509918286,5.5,6.110785887002753,6.175140214233297
500,10000,6.2468041376463095,5.8,5.951121143839717,6.061251938564407
500,10000,5.688915368370878,5.5,5.270007460797358,5.373178510904918
500,10000,6.113972048831773,5.5,5.786667854912755,5.917708885014933
500,10000,6.049611373602256,5.0,5.567269177545024,5.678558532732778
500,10000,5.777585521982366,5.6000000000000005,5.323631653346152,5.595455536304969
500,10000,6.26727082383979,5.0,5.748366976704957,5.798084798237856
500,10000,6.202100702315518,6.0,5.887989759508256,5.995252195346547
500,15000,5.118188734110735,5.5,4.717521386687124,4.718032524232913
500,15000,5.452508990559182,5.2,5.100189466293045,5.278963436579063
500,15000,5.730705012650521,5.800000000000001,5.327743406720789,5.512133714042599
500,15000,5.673177237653932,5.700000000000001,5.478680974856312,5.616064212971128
500,15000,6.171571641506571,5.6,5.790206446961037,5.909827169789432
500,15000,6.537276912085037,5.7,6.171246737803266,6.33815744619033
500,15000,5.8425244592541095,5.5,5.377141069363598,5.432579320723921
500,15000,6.266000941601701,5.6,5.8955131617202,6.017175606666507
500,15000,5.784191044420316,5.0,5.23719994659245,5.252267182498018
500,15000,5.635185411841155,5.800000000000001,5.271556137526577,5.461462423015405
500,15000,6.225482562420952,5.5,5.785837648918975,5.93011367202736
500,15000,5.79466820121239,5.9,5.37298914576691,5.447662681807322
500,15000,6.710141602493275,6.0,6.564071979095799,6.628285818745527
500,15000,6.745645639961539,6.0,6.681579826340421,6.705128979728641
500,15000,7.524490960592486,5.5,7.223148114270956,7.310484697221218
500,15000,6.226036283085218,5.9,5.847271883922883,5.854931425815843
500,15000,5.685997068263065,5.6,5.330122457028646,5.513837580726528
500,15000,5.176296320301246,5.800000000000001,4.604151776569748,4.66324798122134
500,15000,5.227447390752196,6.0,4.631495150784065,4.605893260358665
500,15000,6.0535879851711725,5.799999999999999,5.860506514024319,5.931614438755334
500,15000,6.333810296057331,5.5,6.017474035168284,6.101191059753238
500,15000,5.923697912392694,5.7,5.619796568096999,5.8037603918098215
500,15000,6.686858897791566,6.0,6.401487419851853,6.512443385169535
500,15000,5.042611682544214,6.0,4.52678423914617,4.568370119512278
500,15000,5.437079360727164,6.0,4.964272297717743,5.011692383597609
500,15000,6.219657001505297,5.5,5.969608173896868,5.840739134602996
500,15000,6.607752588567988,6.0,6.533457979583639,6.565924689756741
500,15000,6.063772257663711,6.0,5.791961725836802,5.853971051588963
500,15000,7.001101062030449,6.0,6.89769332158785,6.913619142367978
500,15000,5.240855427324705,6.0,4.627469100344473,4.613921538261023
500,15000,5.723745916827795,6.0,5.253170221853692,5.236429938892886
500,15000,6.377838434810521,5.2,5.907239178424328,6.057782189748018
500,15000,5.485979559679434,5.2,5.038880273292773,5.211496586657996
500,15000,5.911128392157949,6.0,5.640082147816789,5.759689467476411
500,15000,6.20917025781826,6.0,5.857082574206575,5.945283033071926
500,15000,6.0737039552666925,5.7,5.79017638084877,5.958105449048208
500,15000,6.267264200940326,5.8,6.015619739676731,6.104746666413596
500,15000,6.612597141200956,6.0,6.440404664366297,6.527652483004816
500,15000,5.593568909757943,5.5,5.1510099891817145,5.286307523261636
500,15000,6.209354314191896,5.5,5.831853462843881,5.773971827772909
500,15000,6.2580031121665805,6.0,5.813036352965682,5.961809325274942
500,15000,5.766520136307049,5.2,5.525799778020152,5.72252204248423
500,15000,6.566125509918286,5.5,6.110671335297178,6.178848211044787
500,15000,6.2468041376463095,5.8,5.951351054597978,6.060937191524457
500,15000,5.688915368370878,5.5,5.266463353994608,5.384267244557604
500,15000,6.113972048831773,5.5,5.792948770897044,5.908139180474237
500,15000,6.049611373602256,5.0,5.57239498245114,5.672825497962428
500,15000,5.777585521982366,5.6000000000000005,5.319584513435645,5.590328538209825
500,15000,6.26727082383979,5.0,5.746287673029695,5.79272727109972
500,15000,6.202100702315518,6.0,5.887130648513328,5.99952062743507
500,20000,6.159266941258353,5.6,5.817435572797874,5.972514653891707
500,20000,5.452508990559182,5.2,5.103250565473288,5.276853076297531
500,20000,5.730705012650521,5.800000000000001,5.327829584940552,5.516061496007605
500,20000,5.673177237653932,5.700000000000001,5.478944495621371,5.61913217038892
500,20000,6.171571641506571,5.6,5.788311641233074,5.910640561875483
500,20000,6.537276912085037,5.7,6.172652813913301,6.336659717793552
500,20000,5.8425244592541095,5.5,5.38018720269047,5.410334042493016
500,20000,6.266000941601701,5.6,5.89497162514133,6.024424406053337
500,20000,5.784191044420316,5.0,5.236859605907722,5.246233962581268
500,20000,5.635185411841155,5.800000000000001,5.269292014475613,5.461778898104818
500,20000,6.225482562420952,5.5,5.783787074617607,5.9255927812455145
500,20000,5.79466820121239,5.9,5.371505919536974,5.443454530468186
500,20000,6.710141602493275,6.0,6.566811927629746,6.630372997547124
500,20000,6.745645639961539,6.0,6.682610805012212,6.702831990163689
500,20000,7.524490960592486,5.5,7.220131463320808,7.321290490607732
500,20000,6.226036283085218,5.9,5.8461564129831896,5.853912955487803
500,20000,5.685997068263065,5.6,5.330302145822848,5.5103072562212425
500,20000,5.176296320301246,5.800000000000001,4.604963687136694,4.657942094990704
500,20000,5.227447390752196,6.0,4.635016592142599,4.601415232106303
500,20000,6.0535879851711725,5.799999999999999,5.861824241375944,5.927123512902396
500,20000,6.333810296057331,5.5,6.015835788084222,6.102766998838974
500,20000,5.923697912392694,5.7,5.620926134001937,5.799951998587865
500,20000,6.686858897791566,6.0,6.403093093971683,6.514947121691754
500,20000,5.042611682544214,6.0,4.530328810303003,4.553221938169072
500,20000,5.437079360727164,6.0,4.965293530498786,5.006754607314417
500,20000,6.219657001505297,5.5,5.970338412857917,5.841185584164225
500,20000,6.607752588567988,6.0,6.535594451325192,6.564132239008552
500,20000,6.063772257663711,6.0,5.793655705773415,5.854281286798639
500,20000,7.001101062030449,6.0,6.897435891090904,6.937604055719575
500,20000,5.240855427324705,6.0,4.627920053492213,4.619247150729185
500,20000,5.723745916827795,6.0,5.253468846076169,5.231221967803549
500,20000,6.377838434810521,5.2,5.909094185542049,6.051934616339398
500,20000,5.485979559679434,5.2,5.037355714012731,5.208817828879595
500,20000,5.911128392157949,6.0,5.641765158014743,5.758775466900501
500,20000,6.20917025781826,6.0,5.857364132705831,5.9434999098667465
500,20000,6.0737039552666925,5.7,5.791087670956442,5.960495847126149
500,20000,6.267264200940326,5.8,6.018468741871437,6.109352608440929
500,20000,6.612597141200956,6.0,6.438082328659708,6.531534933477395
500,20000,5.593568909757943,5.5,5.150689543183801,5.290508299032675
500,20000,6.209354314191896,5.5,5.831907247530904,5.773415066437281
500,20000,6.2580031121665805,6.0,5.81418674859668,5.96749217102264
500,20000,5.766520136307049,5.2,5.522837568175359,5.728320037225796
500,20000,6.566125509918286,5.5,6.110841640790538,6.17952883578818
500,20000,6.2468041376463095,5.8,5.951354690260789,6.057398929467699
500,20000,5.688915368370878,5.5,5.264022837947219,5.381022713796072
500,20000,6.113972048831773,5.5,5.792355471174602,5.9104233446646575
500,20000,6.049611373602256,5.0,5.569831333796738,5.679714165961729
500,20000,5.777585521982366,5.6000000000000005,5.320018068336418,5.5898136419179965
500,20000,6.26727082383979,5.0,5.745546200143303,5.80024050683956
500,20000,6.202100702315518,6.0,5.888595442133746,6.003023824402138
1000,5000,5.948408948967612,6.0,5.720958157096857,5.709604652586406
1000,5000,5.402938837816385,5.2,5.216055274874901,5.291734632482422
1000,5000,5.60224457780154,5.5,5.2581165141081625,5.28492511398023
1000,5000,5.787861363747183,5.5,5.58998471817317,5.653642386282612
1000,5000,6.205297408922323,6.0,6.136318899747142,6.162635123976433
1000,5000,5.340742910991387,5.8,5.047595492906377,5.174854375650374
1000,5000,5.992723026483061,5.5,5.693193571157399,5.741501847226923
1000,5000,5.624408076501551,5.0,5.314608763034751,5.368815899794231
1000,5000,6.2388932527094685,5.5,6.050145867265666,6.122915986218241
1000,5000,5.732911698909432,5.199999999999999,5.451608728988373,5.542500941229497
1000,5000,5.993669715279881,6.0,5.819507288583659,5.863027584076391
1000,5000,5.862805506543376,5.9,5.616120938663104,5.680662914873906
1000,5000,5.79135165063652,6.0,5.630262781819708,5.57500181674254
1000,5000,5.817715298480431,5.4,5.48952793796129,5.588100653105673
1000,5000,5.991460233804111,6.0,5.820322452130173,5.89838316036431
1000,5000,6.008127189251463,5.8,5.925022434795919,6.036988078482393
1000,5000,5.752345999186696,5.5,5.498223635485364,5.525908857431674
1000,5000,6.233207636082093,5.9,6.146229541216731,6.176717778775085
1000,5000,6.129363240600063,6.0,5.866017993488836,5.900148885261218
1000,5000,5.79442964349727,5.799999999999999,5.441937232307933,5.518656123058908
1000,5000,6.563303637973712,6.0,6.510776778018091,6.532268252718782
1000,5000,6.106637804309426,6.0,5.928575265282914,5.9895484717892495
1000,5000,5.953412987942164,6.0,5.836228363479266,5.865245964246679
1000,5000,6.394503908572766,6.0,6.339873794895304,6.362729645298148
1000,5000,6.648225328271811,6.0,6.60911667175912,6.630592564975843
1000,5000,5.35622635413144,5.7,5.056848853335171,5.305856685680196
1000,5000,6.099451789629844,6.0,5.844589003286619,5.904806342891416
1000,5000,6.857464164632594,6.0,6.7235487650523735,6.762150319338932
1000,5000,6.044948957281831,6.0,5.93189619374012,5.956667283050729
1000,5000,5.743674408499358,6.0,5.508292992335953,5.596752410445268
1000,5000,5.811954024532663,5.5,5.506269084770364,5.463792686195045
1000,5000,5.472363833925082,6.0,5.206022078304514,5.19282653998212
1000,5000,5.948185528926294,6.0,5.8462421267255165,5.900731380841662
1000,5000,5.434988544770355,5.1,5.161452048824841,5.284909559944737
1000,5000,6.266947415935935,6.0,6.177117894873476,6.21823884199472
1000,5000,6.692614436792295,6.0,6.682479087661643,6.684298056941918
1000,5000,5.884838653229002,5.8,5.748544614079898,5.789846634921833
1000,5000,5.90174646530803,6.0,5.658418339523474,5.71680623641649
1000,5000,6.106980883777931,5.5,5.9316081653148105,5.970595835418255
1000,5000,5.951135994764856,6.0,5.772365035881108,5.842140236641538
1000,5000,5.503518009081926,5.5,5.223959565329986,5.303993575204153
1000,5000,5.483339748146716,5.5,5.217354881773182,5.222736365463009
1000,5000,5.543519610625522,5.9,5.197690365674093,5.279050759483953
1000,5000,5.740773570181285,5.7,5.387784388213228,5.516950876813952
1000,5000,5.907664473354352,6.0,5.625034891127985,5.706592167911834
1000,5000,5.628229496006902,5.9,5.436396007153074,5.546562745623863
1000,5000,6.481872157202716,6.0,6.387924976473042,6.435987083053689
1000,5000,5.729924236935212,5.8,5.511901253942617,5.64736006732211
1000,5000,5.574850555988179,5.1000000000000005,5.362409937916833,5.406357675775434
1000,5000,6.413733554836048,6.0,6.235164641703728,6.3204652925777705
1000,10000,6.03772044697976,6.0,5.843370569063773,5.815649335244219
1000,10000,5.402938837816385,5.2,5.213577361065817,5.286190043305943
1000,10000,5.60224457780154,5.5,5.260385044695465,5.286663081050646
1000,10000,5.787861363747183,5.5,5.586673806914127,5.660913459782678
1000,10000,6.205297408922323,6.0,6.137082781499053,6.161947350579648
1000,10000,5.340742910991387,5.8,5.0461152970411485,5.187551456924515
1000,10000,5.992723026483061,5.5,5.692346603397247,5.741216755653747
1000,10000,5.624408076501551,5.0,5.3167855386582605,5.364499143518718
1000,10000,6.2388932527094685,5.5,6.052709860498109,6.114465728169767
1000,10000,5.732911698909432,5.199999999999999,5.449959315302052,5.535956342408085
1000,10000,5.993669715279881,6.0,5.817126906070568,5.870919340124354
1000,10000,5.862805506543376,5.9,5.61356422596216,5.675245115602675
1000,10000,5.79135165063652,6.0,5.628824599510333,5.548313005506532
1000,10000,5.817715298480431,5.4,5.489269264352198,5.594894002590356
1000,10000,5.991460233804111,6.0,5.820915528575344,5.898615873519106
1000,10000,6.008127189251463,5.8,5.928752357736944,6.04222917174398
1000,10000,5.752345999186696,5.5,5.501586000502501,5.520478174451427
1000,10000,6.233207636082093,5.9,6.14141265837266,6.180487538746922
1000,10000,6.129363240600063,6.0,5.866066040503818,5.912102096750424
1000,10000,5.79442964349727,5.799999999999999,5.44011847142969,5.531788441625452
1000,10000,6.563303637973712,6.0,6.514166916310079,6.528770204287604
1000,10000,6.106637804309426,6.0,5.924983689672429,5.996674213277029
1000,10000,5.953412987942164,6.0,5.839559637114806,5.865066022797691
1000,10000,6.394503908572766,6.0,6.337727079657099,6.356522969200635
1000,10000,6.648225328271811,6.0,6.608217513284099,6.630075860615205
1000,10000,5.35622635413144,5.7,5.057871301984418,5.304413752375485
1000,10000,6.099451789629844,6.0,5.846692151399939,5.905083684887884
1000,10000,6.857464164632594,6.0,6.726757209907392,6.761648406942673
1000,10000,6.044948957281831,6.0,5.932791341599572,5.954251058108169
1000,10000,5.743674408499358,6.0,5.506869761823585,5.601084254206856
1000,10000,5.811954024532663,5.5,5.502832092292058,5.457863881733586
1000,10000,5.472363833925082,6.0,5.204800973197056,5.190765871296179
1000,10000,5.948185528926294,6.0,5.848504369374655,5.902417641233376
1000,10000,5.434988544770355,5.1,5.160930928432689,5.281292121582622
1000,10000,6.266947415935935,6.0,6.18318933835104,6.219425346713852
1000,10000,6.692614436792295,6.0,6.681306989464767,6.680334269598521
1000,10000,5.884838653229002,5.8,5.7498737108994336,5.791801050145598
1000,10000,5.90174646530803,6.0,5.658410184671314,5.715865807449588
1000,10000,6.106980883777931,5.5,5.93042277658788,5.98034245744025
1000,10000,5.951135994764856,6.0,5.764592258779807,5.848772915642714
1000,10000,5.503518009081926,5.5,5.223679809985741,5.308587298584347
1000,10000,5.483339748146716,5.5,5.220343234666922,5.228227240326653
1000,10000,5.543519610625522,5.9,5.1986773759324905,5.283805623981761
1000,10000,5.740773570181285,5.7,5.387431534270126,5.529294998679183
1000,10000,5.907664473354352,6.0,5.62400583930789,5.707391917499285
1000,10000,5.628229496006902,5.9,5.434900400925028,5.5402050770008096
1000,10000,6.481872157202716,6.0,6.388149305127585,6.436057104276896
1000,10000,5.729924236935212,5.8,5.511356104358748,5.652411810246623
1000,10000,5.574850555988179,5.1000000000000005,5.363329203099727,5.416763312487876
1000,10000,6.413733554836048,6.0,6.234647435020589,6.319846739127847
1000,15000,6.54956592608684,5.5,6.301450993300885,6.3086858997320725
1000,15000,5.402938837816385,5.2,5.211216280927077,5.295228016345425
1000,15000,5.60224457780154,5.5,5.261630351502391,5.291235607967282
1000,15000,5.787861363747183,5.5,5.58689104150581,5.662070747710673
1000,15000,6.205297408922323,6.0,6.137187744750616,6.160366863066703
1000,15000,5.340742910991387,5.8,5.048295079473496,5.175951290693368
1000,15000,5.992723026483061,5.5,5.690129342900959,5.741193631068638
1000,15000,5.624408076501551,5.0,5.3190419203067725,5.3556661728391255
1000,15000,6.2388932527094685,5.5,6.051696597869691,6.112018687882161
1000,15000,5.732911698909432,5.199999999999999,5.450378363872603,5.528695210366851
1000,15000,5.993669715279881,6.0,5.820803771173392,5.871725875869916
1000,15000,5.862805506543376,5.9,5.613049323129882,5.68453382401734
1000,15000,5.79135165063652,6.0,5.626740789238867,5.554553860141749
1000,15000,5.817715298480431,5.4,5.489889772975993,5.588942517757042
1000,15000,5.991460233804111,6.0,5.821602289250556,5.899115665096964
1000,15000,6.008127189251463,5.8,5.927601119440616,6.037709938874267
1000,15000,5.752345999186696,5.5,5.503392706204661,5.520342383487852
1000,15000,6.233207636082093,5.9,6.140707623309584,6.1738628928757135
1000,15000,6.129363240600063,6.0,5.865731566128408,5.907508996662463
1000,15000,5.79442964349727,5.799999999999999,5.439377414472005,5.53180728357332
1000,15000,6.563303637973712,6.0,6.51468183843587,6.527317295432931
1000,15000,6.106637804309426,6.0,5.926900070063776,5.990742780919184
1000,15000,5.953412987942164,6.0,5.840410884394809,5.86319159292505
1000,15000,6.394503908572766,6.0,6.337226847564253,6.363082220831415
1000,15000,6.648225328271811,6.0,6.608306317839205,6.629712642411064
1000,15000,5.35622635413144,5.7,5.058123702030608,5.301757912830273
1000,15000,6.099451789629844,6.0,5.845972186036403,5.901462443193973
1000,15000,6.857464164632594,6.0,6.726084944306475,6.763046940242242
1000,15000,6.044948957281831,6.0,5.935770835023415,5.954445036264172
1000,15000,5.743674408499358,6.0,5.509752889800939,5.600703326593206
1000,15000,5.811954024532663,5.5,5.502517886559971,5.462406784400281
1000,15000,5.472363833925082,6.0,5.204271332292802,5.190795925130969
1000,15000,5.948185528926294,6.0,5.850443686305326,5.903589612770994
1000,15000,5.434988544770355,5.1,5.1618257766443625,5.27855825935971
1000,15000,6.266947415935935,6.0,6.186584989506786,6.218572232938299
1000,15000,6.692614436792295,6.0,6.682507770549573,6.679718369914167
1000,15000,5.884838653229002,5.8,5.7503127696523,5.78996581063204
1000,15000,5.90174646530803,6.0,5.658712177937068,5.715539968254951
1000,15000,6.106980883777931,5.5,5.932208592682377,5.9749741788492265
1000,15000,5.951135994764856,6.0,5.766768623218256,5.845756066630597
1000,15000,5.503518009081926,5.5,5.224108566358846,5.309518224455233
1000,15000,5.483339748146716,5.5,5.221043673850284,5.224818089711667
1000,15000,5.543519610625522,5.9,5.199317214770815,5.28770777740164
1000,15000,5.740773570181285,5.7,5.389135440156888,5.521962523701889
1000,15000,5.907664473354352,6.0,5.62118401062903,5.706275234286744
1000,15000,5.628229496006902,5.9,5.434386586275606,5.54231082916595
1000,15000,6.481872157202716,6.0,6.388988678167936,6.436448997557956
1000,15000,5.729924236935212,5.8,5.510527642091983,5.652892174234919
1000,15000,5.574850555988179,5.1000000000000005,5.3629497041214576,5.4110829250399535
1000,15000,6.413733554836048,6.0,6.234656444846896,6.321851268860283
1000,20000,5.4998262688172055,5.4,5.213134011177374,5.352422614013216
1000,20000,5.402938837816385,5.2,5.210066265261228,5.29783068954325
1000,20000,5.60224457780154,5.5,5.262933315886023,5.292821277228279
1000,20000,5.787861363747183,5.5,5.5872174765519125,5.659068116424681
1000,20000,6.205297408922323,6.0,6.138385886769555,6.160924652890833
1000,20000,5.340742910991387,5.8,5.050165380650626,5.174432985919276
1000,20000,5.992723026483061,5.5,5.689805898288728,5.741094057843411
1000,20000,5.624408076501551,5.0,5.317144800964681,5.361260904257302
1000,20000,6.2388932527094685,5.5,6.049354634678588,6.1180682984247285
1000,20000,5.732911698909432,5.199999999999999,5.450053032916416,5.526097586120702
1000,20000,5.993669715279881,6.0,5.820890650429109,5.872554457961671
1000,20000,5.862805506543376,5.9,5.612022243620226,5.690866072571934
1000,20000,5.79135165063652,6.0,5.6261359195700855,5.554265627036352
1000,20000,5.817715298480431,5.4,5.489349974853917,5.590063420939028
1000,20000,5.991460233804111,6.0,5.819925837038463,5.901873877270103
1000,20000,6.008127189251463,5.8,5.927977008896228,6.036201894299581
1000,20000,5.752345999186696,5.5,5.503011627081864,5.52139663744733
1000,20000,6.233207636082093,5.9,6.1416454021321,6.1728652365435135
1000,20000,6.129363240600063,6.0,5.8664393403028665,5.905688440960401
1000,20000,5.79442964349727,5.799999999999999,5.438745817814967,5.523309788411984
1000,20000,6.563303637973712,6.0,6.51341110116315,6.529804919142709
1000,20000,6.106637804309426,6.0,5.926266462566556,5.988663401928913
1000,20000,5.953412987942164,6.0,5.840227918228955,5.862344898955171
1000,20000,6.394503908572766,6.0,6.335723406669204,6.363770969200532
1000,20000,6.648225328271811,6.0,6.608635790647117,6.630471397515061
1000,20000,5.35622635413144,5.7,5.059210414971656,5.306103349566094
1000,20000,6.099451789629844,6.0,5.84537616314866,5.90227733327116
1000,20000,6.857464164632594,6.0,6.728321034488836,6.759935668656213
1000,20000,6.044948957281831,6.0,5.934848875040555,5.958132067300927
1000,20000,5.743674408499358,6.0,5.508233776277876,5.601831738401776
1000,20000,5.811954024532663,5.5,5.5015884727385576,5.468477595639654
1000,20000,5.472363833925082,6.0,5.204881710508078,5.189621722453952
1000,20000,5.948185528926294,6.0,5.849119806091348,5.902866358978101
1000,20000,5.434988544770355,5.1,5.163190559827542,5.280448292548821
1000,20000,6.266947415935935,6.0,6.186991419292777,6.2198008110423455
1000,20000,6.692614436792295,6.0,6.683109343441758,6.679627968137304
1000,20000,5.884838653229002,5.8,5.7504247981783605,5.793252697154704
1000,20000,5.90174646530803,6.0,5.656953711138844,5.716107752526352
1000,20000,6.106980883777931,5.5,5.93253941698486,5.975347246299062
1000,20000,5.951135994764856,6.0,5.768027694622469,5.844707000160699
1000,20000,5.503518009081926,5.5,5.226176787698903,5.304704612304599
1000,20000,5.483339748146716,5.5,5.220400885947387,5.226031325083348
1000,20000,5.543519610625522,5.9,5.200368086102324,5.289384639860531
1000,20000,5.740773570181285,5.7,5.39059292301951,5.515552442861587
1000,20000,5.907664473354352,6.0,5.6201596976005375,5.704905738934303
1000,20000,5.628229496006902,5.9,5.435015849578398,5.545253265619167
1000,20000,6.481872157202716,6.0,6.387921396758036,6.437640184421799
1000,20000,5.729924236935212,5.8,5.511445167078802,5.65253551556333
1000,20000,5.574850555988179,5.1000000000000005,5.364398651729887,5.405104760091412
1000,20000,6.413733554836048,6.0,6.235111356139555,6.319316033717119
1500,5000,5.568434048391689,5.699999999999999,5.320172590244271,5.485916509607889
1500,5000,5.658398490978172,5.2,5.509632149694562,5.641595332665722
1500,5000,6.056582028595093,5.800000000000001,5.949239690985974,6.032215169766831
1500,5000,5.865333847513684,5.5,5.772119895060875,5.751503443388831
1500,5000,6.133797673185383,6.0,6.113073318864523,6.121693632892874
1500,5000,5.862387036824892,5.9,5.733199067563133,5.7841940271968895
1500,5000,6.35889399059913,6.0,6.347329368997502,6.352949602344905
1500,5000,6.300838200696691,6.0,6.249734601097936,6.257061696238174
1500,5000,5.940900836950091,6.0,5.751552321882674,5.769469762852929
1500,5000,5.553198753664993,5.5,5.3503579754131465,5.361702892312778
1500,5000,5.377477885860287,5.5,5.217346046844229,5.254171434484404
1500,5000,5.800608787117337,5.9,5.681108463956656,5.699851018453172
1500,5000,5.897540250663587,6.0,5.662682995703859,5.674637984409566
1500,5000,5.763311381635488,5.0,5.505366141672667,5.553341427857097
1500,5000,6.597638102402772,6.0,6.575989739382756,6.586490834238671
1500,5000,6.44482926470721,5.9,6.404980179909075,6.411336845801713
1500,5000,5.52884015326957,4.8,5.228550443077401,5.354685070932652
1500,5000,5.8305765794576425,5.9,5.751923885584622,5.782514718747711
1500,5000,6.180605124662778,6.0,6.16201586160523,6.169428282641071
1500,5000,5.760225029903037,5.799999999999999,5.602376294573325,5.729626990303439
1500,5000,5.959422733391614,6.0,5.897325285117617,5.92496020405202
1500,5000,6.014870527397392,6.0,5.797022551019625,5.8711091132994415
1500,5000,6.199700681103508,6.0,6.107864602032153,6.1257739881651565
1500,5000,5.942179115363495,6.0,5.848511523803591,5.88285426608758
1500,5000,6.00763391449239,5.5,5.771047699343958,5.847725037256302
1500,5000,5.685727577422936,5.4,5.539816244629499,5.583534117150412
1500,5000,5.76023604067225,6.0,5.582307463087004,5.643705630558303
1500,5000,6.657460627065721,6.0,6.603130124787898,6.620485430847485
1500,5000,5.808655011312085,6.0,5.726690814847944,5.750077628709018
1500,5000,5.749505453997036,6.0,5.502149763902946,5.55842739243124
1500,5000,5.995466037854712,6.0,5.786414866946145,5.8393194578040335
1500,5000,5.646707385515649,5.8,5.506173748116705,5.623878836167194
1500,5000,6.411139255122831,6.0,6.398708760159623,6.400498431919677
1500,5000,5.791489506754596,6.0,5.733454328162496,5.676448351635315
1500,5000,6.229274293090449,6.0,6.097027918789316,6.135199604759555
1500,5000,6.157749597392503,6.0,6.102787438394101,6.11546274047785
1500,5000,5.803791669684286,5.9,5.670596039020827,5.697641559825683
1500,5000,6.0262960981188005,6.0,5.809031208200608,5.830480255097861
1500,5000,5.8731184756810935,5.8,5.695265736900942,5.786861190838939
1500,5000,6.713429520263563,6.0,6.664593607368765,6.685489050120766
1500,5000,5.893994120491533,5.5,5.681535373151292,5.67580676578681
1500,5000,5.80519719858736,5.6,5.703758280175805,5.799495386136488
1500,5000,5.893897470137613,5.9,5.771337697140862,5.842602859344393
1500,5000,5.793511519585607,5.9,5.658242066065046,5.706614613968886
1500,5000,5.870479096941056,6.0,5.680786190386632,5.748194837186452
1500,5000,6.1899383226572775,5.9,6.038628000085228,6.107863421726494
1500,5000,5.944126133122549,6.0,5.799599289607246,5.856519514337932
1500,5000,5.431303566439326,5.8,5.282597690903902,5.35743037772539
1500,5000,6.0238872784559945,5.799999999999999,5.9578101911536585,5.992999682961632
1500,5000,6.150389004401507,6.0,6.054949379970406,6.08155574851644
1500,10000,6.2283792321875975,6.0,6.181039282428882,6.204788852203534
1500,10000,5.658398490978172,5.2,5.509219351194725,5.640688596637547
1500,10000,6.056582028595093,5.800000000000001,5.949624104148425,6.029941578193129
1500,10000,5.865333847513684,5.5,5.771649363880623,5.749961900901437
1500,10000,6.133797673185383,6.0,6.11372241000601,6.12174202867235
1500,10000,5.862387036824892,5.9,5.734680713270131,5.785196900856445
1500,10000,6.35889399059913,6.0,6.347732803018908,6.353466903446667
1500,10000,6.300838200696691,6.0,6.244335231857608,6.261668860813238
1500,10000,5.940900836950091,6.0,5.750179203845399,5.769143508419646
1500,10000,5.553198753664993,5.5,5.35414264570779,5.363613297314704
1500,10000,5.377477885860287,5.5,5.21917789654318,5.250489836656575
1500,10000,5.800608787117337,5.9,5.683746462056472,5.699167542833255
1500,10000,5.897540250663587,6.0,5.659357766858078,5.678200135566084
1500,10000,5.763311381635488,5.0,5.506513574263402,5.545775514581274
1500,10000,6.597638102402772,6.0,6.575452716296507,6.585015438929999
1500,10000,6.44482926470721,5.9,6.4047479751906,6.414831040971325
1500,10000,5.52884015326957,4.8,5.230554177410367,5.347735452962591
1500,10000,5.8305765794576425,5.9,5.750694305357468,5.771512141940321
1500,10000,6.180605124662778,6.0,6.161061340602656,6.171530205177607
1500,10000,5.760225029903037,5.799999999999999,5.602023111963223,5.733477934131234
1500,10000,5.959422733391614,6.0,5.899559645560164,5.925414281138291
1500,10000,6.014870527397392,6.0,5.794488090217838,5.874037525681289
1500,10000,6.199700681103508,6.0,6.104892856753776,6.126389088442284
1500,10000,5.942179115363495,6.0,5.846872563898289,5.885167874566853
1500,10000,6.00763391449239,5.5,5.773864625298406,5.84697160584062
1500,10000,5.685727577422936,5.4,5.53994858380992,5.582537328322031
1500,10000,5.76023604067225,6.0,5.583078840435042,5.6391072560009095
1500,10000,6.657460627065721,6.0,6.604824110811952,6.616882125948803
1500,10000,5.808655011312085,6.0,5.727438075860526,5.753029050655012
1500,10000,5.749505453997036,6.0,5.505239449435336,5.553000572538333
1500,10000,5.995466037854712,6.0,5.787409182959894,5.837210728411222
1500,10000,5.646707385515649,5.8,5.50068647974406,5.618044767210471
1500,10000,6.411139255122831,6.0,6.399105377251865,6.400267088503177
1500,10000,5.791489506754596,6.0,5.733055853918479,5.673933255285869
1500,10000,6.229274293090449,6.0,6.099103459654324,6.140132804245558
1500,10000,6.157749597392503,6.0,6.101788319946108,6.117124022794073
1500,10000,5.803791669684286,5.9,5.669200382449869,5.7005600458821135
1500,10000,6.0262960981188005,6.0,5.806313365957603,5.833772452645087
1500,10000,5.8731184756810935,5.8,5.693164221430623,5.784387562212673
1500,10000,6.713429520263563,6.0,6.662877909018441,6.68679104635314
1500,10000,5.893994120491533,5.5,5.679151580445548,5.6847087697230325
1500,10000,5.80519719858736,5.6,5.705620689680789,5.7928309879615
1500,10000,5.893897470137613,5.9,5.773040595483615,5.841254042089311
1500,10000,5.793511519585607,5.9,5.660117506043383,5.701373677108665
1500,10000,5.870479096941056,6.0,5.680641332870584,5.747635351743928
1500,10000,6.1899383226572775,5.9,6.03772766954785,6.109557495249781
1500,10000,5.944126133122549,6.0,5.799748527303918,5.8543242602745655
1500,10000,5.431303566439326,5.8,5.284640392675005,5.358036776259198
1500,10000,6.0238872784559945,5.799999999999999,5.956663000773976,5.989096468050841
1500,10000,6.150389004401507,6.0,6.054834259080993,6.083738882291012
1500,15000,6.405750545638867,6.0,6.366514178056397,6.38152336819886
1500,15000,5.658398490978172,5.2,5.510292829836243,5.642992160426376
1500,15000,6.056582028595093,5.800000000000001,5.949600850129579,6.03337667262509
1500,15000,5.865333847513684,5.5,5.771762288379714,5.749054237219195
1500,15000,6.133797673185383,6.0,6.1147492401376855,6.121672441212756
1500,15000,5.862387036824892,5.9,5.733937687080888,5.78261918341119
1500,15000,6.35889399059913,6.0,6.348305518811973,6.353203255737507
1500,15000,6.300838200696691,6.0,6.246496472703537,6.25793916863852
1500,15000,5.940900836950091,6.0,5.749966995907455,5.764707580689989
1500,15000,5.553198753664993,5.5,5.35541063372758,5.364970697594275
1500,15000,5.377477885860287,5.5,5.221106264855871,5.251454749749558
1500,15000,5.800608787117337,5.9,5.684320627387359,5.701667372995018
1500,15000,5.897540250663587,6.0,5.658982766883207,5.676196854502852
1500,15000,5.763311381635488,5.0,5.504269523193535,5.544623253995926
1500,15000,6.597638102402772,6.0,6.574062843630327,6.585544353318222
1500,15000,6.44482926470721,5.9,6.405021636219687,6.413890717545272
1500,15000,5.52884015326957,4.8,5.230424554842145,5.352706032850492
1500,15000,5.8305765794576425,5.9,5.75036579650474,5.771414435611601
1500,15000,6.180605124662778,6.0,6.1619197497798615,6.172707861622117
1500,15000,5.760225029903037,5.799999999999999,5.603659121325839,5.735880762236012
1500,15000,5.959422733391614,6.0,5.899452646907977,5.92583300244578
1500,15000,6.014870527397392,6.0,5.796816930823105,5.870308599314172
1500,15000,6.199700681103508,6.0,6.104259842353097,6.125029776141106
1500,15000,5.942179115363495,6.0,5.846279382100749,5.888357425587644
1500,15000,6.00763391449239,5.5,5.772733416565009,5.844449094273536
1500,15000,5.685727577422936,5.4,5.540047016887368,5.58355809676627
1500,15000,5.76023604067225,6.0,5.5836639432973225,5.638848366914188
1500,15000,6.657460627065721,6.0,6.605747659119445,6.6164685286516445
1500,15000,5.808655011312085,6.0,5.727627924398321,5.750442852693877
1500,15000,5.749505453997036,6.0,5.506492546590776,5.553384742160011
1500,15000,5.995466037854712,6.0,5.786716049664641,5.836886152270039
1500,15000,5.646707385515649,5.8,5.499520755951029,5.624206819654634
1500,15000,6.411139255122831,6.0,6.399234130570321,6.398291479824961
1500,15000,5.791489506754596,6.0,5.730667684454405,5.671554099892841
1500,15000,6.229274293090449,6.0,6.100648501256272,6.140921069053456
1500,15000,6.157749597392503,6.0,6.102138666281514,6.1147569650467295
1500,15000,5.803791669684286,5.9,5.669121500589313,5.699414147185039
1500,15000,6.0262960981188005,6.0,5.806979662786791,5.830909679447387
1500,15000,5.8731184756810935,5.8,5.693747203951227,5.787367666787873
1500,15000,6.713429520263563,6.0,6.662204490296473,6.689876517942301
1500,15000,5.893994120491533,5.5,5.677967740250149,5.682897878901233
1500,15000,5.80519719858736,5.6,5.704561613274631,5.79754205307395
1500,15000,5.893897470137613,5.9,5.771886031402089,5.841900819058929
1500,15000,5.793511519585607,5.9,5.6603280322235126,5.704798591454325
1500,15000,5.870479096941056,6.0,5.681019146844993,5.748100271469864
1500,15000,6.1899383226572775,5.9,6.039734303772342,6.108931699436664
1500,15000,5.944126133122549,6.0,5.798383960069597,5.856771538341613
1500,15000,5.431303566439326,5.8,5.284524713053297,5.355876887517258
1500,15000,6.0238872784559945,5.799999999999999,5.955943979378885,5.993214686722478
1500,15000,6.150389004401507,6.0,6.055188723127637,6.083059926338615
1500,20000,6.4058608271336,6.0,6.325374748783018,6.367271479333426
1500,20000,5.658398490978172,5.2,5.510421631065685,5.643351182665876
1500,20000,6.056582028595093,5.800000000000001,5.948482539126021,6.030423575534749
1500,20000,5.865333847513684,5.5,5.7711253580953805,5.747811774677357
1500,20000,6.133797673185383,6.0,6.11391799560581,6.122064305332562
1500,20000,5.862387036824892,5.9,5.731894690888829,5.784616802324708
1500,20000,6.35889399059913,6.0,6.3486022965528175,6.353212133315382
1500,20000,6.300838200696691,6.0,6.245412671248082,6.259646736082994
1500,20000,5.940900836950091,6.0,5.750358789817908,5.764045825562227
1500,20000,5.553198753664993,5.5,5.355784051241309,5.365441436337945
1500,20000,5.377477885860287,5.5,5.220677159832753,5.249348399610303
1500,20000,5.800608787117337,5.9,5.684950509148718,5.699444107867159
1500,20000,5.897540250663587,6.0,5.6589230850808105,5.679326910443274
1500,20000,5.763311381635488,5.0,5.503737350567458,5.54408648030585
1500,20000,6.597638102402772,6.0,6.573255736276106,6.58646472994416
1500,20000,6.44482926470721,5.9,6.405295749984052,6.414463570973073
1500,20000,5.52884015326957,4.8,5.231304271024903,5.3511500245913535
1500,20000,5.8305765794576425,5.9,5.7501151916487725,5.773215356624791
1500,20000,6.180605124662778,6.0,6.1619522165297695,6.173051136779804
1500,20000,5.760225029903037,5.799999999999999,5.602872997428127,5.7357117629061465
1500,20000,5.959422733391614,6.0,5.900244983255769,5.925469419749132
1500,20000,6.014870527397392,6.0,5.797033013010316,5.869200506042416
1500,20000,6.199700681103508,6.0,6.103494608595679,6.127346047217603
1500,20000,5.942179115363495,6.0,5.84634861175233,5.881764551089367
1500,20000,6.00763391449239,5.5,5.773626973648831,5.843955409172952
1500,20000,5.685727577422936,5.4,5.540012458346526,5.583615975561203
1500,20000,5.76023604067225,6.0,5.583431142076582,5.640480254691237
1500,20000,6.657460627065721,6.0,6.603852611851415,6.6182389639277
1500,20000,5.808655011312085,6.0,5.727732219583596,5.747396486038263
1500,20000,5.749505453997036,6.0,5.505910497420919,5.547779825957054
1500,20000,5.995466037854712,6.0,5.78648969004076,5.836728288549546
1500,20000,5.646707385515649,5.8,5.498536397382117,5.623362565963521
1500,20000,6.411139255122831,6.0,6.398708640992909,6.397943881921532
1500,20000,5.791489506754596,6.0,5.730191799475675,5.670307485264456
1500,20000,6.229274293090449,6.0,6.1019276065540495,6.138423350356069
1500,20000,6.157749597392503,6.0,6.101262952003664,6.117067163290601
1500,20000,5.803791669684286,5.9,5.669455641948058,5.701745680970822
1500,20000,6.0262960981188005,6.0,5.806145163073229,5.834916660719894
1500,20000,5.8731184756810935,5.8,5.694242392265529,5.78552388061623
1500,20000,6.713429520263563,6.0,6.6631965487096885,6.689722256389771
1500,20000,5.893994120491533,5.5,5.67812458946546,5.685148752038047
1500,20000,5.80519719858736,5.6,5.704200538659938,5.797638137879349
1500,20000,5.893897470137613,5.9,5.773674698155412,5.842015456277143
1500,20000,5.793511519585607,5.9,5.66006714442811,5.704578378280941
1500,20000,5.870479096941056,6.0,5.681566776754959,5.748549361355477
1500,20000,6.1899383226572775,5.9,6.0380360028526185,6.109461850369991
1500,20000,5.944126133122549,6.0,5.79839712470107,5.8589038843372485
1500,20000,5.431303566439326,5.8,5.283699221096414,5.35809303462585
1500,20000,6.0238872784559945,5.799999999999999,5.956222547075806,5.995046949443716
1500,20000,6.150389004401507,6.0,6.055406507191163,6.079305078465543
2000,5000,6.011013687688717,5.6,5.879252299139093,5.946182040792115
2000,5000,5.704237051491266,5.6,5.622856679516028,5.675258832395104
2000,5000,5.384244644991016,5.6000000000000005,5.242101201217197,5.314057960055713
2000,5000,5.791422430537786,5.700000000000001,5.774444796794511,5.792317285251922
2000,5000,5.765732855976324,6.0,5.626122863601767,5.615897691143604
2000,5000,5.759895652874775,5.9,5.591275038994386,5.628563657100632
2000,5000,6.705324352235031,6.0,6.606325951474465,6.650260534044889
2000,5000,6.466488113682312,6.0,6.453207681699003,6.45723367391823
2000,5000,5.751795029007601,6.0,5.580413441770338,5.644890621242624
2000,5000,5.667033182932777,5.800000000000001,5.485649258490013,5.547391922365595
2000,5000,5.664964216857749,6.0,5.533570678010559,5.591611068161982
2000,5000,6.009782107449475,5.9,5.956361282763277,5.982854387908785
2000,5000,5.828613251607008,6.0,5.647371870525049,5.666328150402983
2000,5000,6.619751095933059,6.0,6.587209682296588,6.597765122225509
2000,5000,5.498442537429376,6.0,5.294495220800916,5.3524783603139685
2000,5000,5.776696625274713,5.9,5.669586154032431,5.686587890532538
2000,5000,5.520720542382605,5.6,5.479266579856229,5.5612321373619045
2000,5000,5.93082389369776,5.800000000000001,5.83464404966762,5.874992306263021
2000,5000,6.444686309469815,6.0,6.442966676488555,6.44261591985795
2000,5000,5.546092316123995,5.5,5.386372426632805,5.403387340881581
2000,5000,5.769780131352561,6.0,5.713962911513048,5.7274676146031
2000,5000,5.951783323921889,6.0,5.862324040674438,5.8826761401737375
2000,5000,5.967598057171848,6.0,5.89960473963605,5.930672852930258
2000,5000,5.804546117324067,6.0,5.584954239879828,5.648377586842416
2000,5000,6.484403351886645,6.0,6.463276461015801,6.473320528813678
2000,5000,5.192674845743072,5.7,4.978445143399431,5.085602559445527
2000,5000,5.590661150461256,6.0,5.4056469585786,5.443815586512259
2000,5000,5.820398083086227,6.0,5.696803876886996,5.731102450166709
2000,5000,6.215918604101445,6.0,6.199962584361292,6.201827217730621
2000,5000,5.968210289408729,5.5,5.778730233463,5.806145338899091
2000,5000,5.993056933923119,6.0,5.877177306543016,5.920434328185558
2000,5000,6.213054981056496,6.0,6.188863785959729,6.192151228527329
2000,5000,6.178699012000235,6.0,6.132111170374832,6.152050686722889
2000,5000,5.889369691482141,5.9,5.794546181006486,5.897021027584715
2000,5000,6.064629743301603,5.7,5.935661044165606,6.01407026347937
2000,5000,5.669132563392542,5.7,5.487862884023135,5.590124217925631
2000,5000,6.036343154541086,5.9,5.996877568740844,6.010097888098825
2000,5000,5.754415946490559,5.5,5.567418103577396,5.617002707714951
2000,5000,5.841477596137903,5.9,5.7106703267691525,5.764514278742721
2000,5000,5.675241775395287,6.0,5.454497732849011,5.492239242937867
2000,5000,5.860709885120374,6.0,5.698353380910387,5.744554287760677
2000,5000,6.085158534442487,5.5,6.052641722153223,6.013672442986464
2000,5000,5.728907434976561,5.9,5.5688252398569205,5.603095885608597
2000,5000,6.002138173011848,5.8,5.936435708368066,5.965707040791117
2000,5000,6.502521273851411,6.0,6.492560610635893,6.496953847949992
2000,5000,6.17695352232314,5.9,6.102214315399348,6.1330388634570365
2000,5000,6.435544385681595,6.0,6.405365247562793,6.42316496577085
2000,5000,5.483102008017991,5.8,5.337855610610486,5.421078225113945
2000,5000,6.021317125277594,5.799999999999999,5.946495166461284,5.975384950322633
2000,5000,5.977564632721366,6.0,5.86894319543538,5.891647373686922
2000,10000,6.473813681489514,6.0,6.448787812290486,6.457467875189846
2000,10000,5.704237051491266,5.6,5.62074972624256,5.674484922914823
2000,10000,5.384244644991016,5.6000000000000005,5.244194697167254,5.313295890552578
2000,10000,5.791422430537786,5.700000000000001,5.774807474488273,5.791694134278612
2000,10000,5.765732855976324,6.0,5.626437579705457,5.612287150528249
2000,10000,5.759895652874775,5.9,5.590209866306244,5.625816971282986
2000,10000,6.705324352235031,6.0,6.610381453398285,6.6480002480688425
2000,10000,6.466488113682312,6.0,6.453359667021969,6.455586333823827
2000,10000,5.751795029007601,6.0,5.579984515780516,5.644463594578848
2000,10000,5.667033182932777,5.800000000000001,5.483696034969751,5.556157964458561
2000,10000,5.664964216857749,6.0,5.532161922289249,5.593732720928589
2000,10000,6.009782107449475,5.9,5.958419750943771,5.971429168624324
2000,10000,5.828613251607008,6.0,5.647425264979047,5.665854962457464
2000,10000,6.619751095933059,6.0,6.58592479124376,6.59857170821248
2000,10000,5.498442537429376,6.0,5.294901143622047,5.349929166582077
2000,10000,5.776696625274713,5.9,5.668341762181791,5.687156200260062
2000,10000,5.520720542382605,5.6,5.479033452895995,5.5545452337435215
2000,10000,5.93082389369776,5.800000000000001,5.833970605060446,5.876185365634712
2000,10000,6.444686309469815,6.0,6.442761580888141,6.442742638760876
2000,10000,5.546092316123995,5.5,5.384097866231005,5.409613168852139
2000,10000,5.769780131352561,6.0,5.713442019787922,5.727687478839731
2000,10000,5.951783323921889,6.0,5.862329987882212,5.886832883203287
2000,10000,5.967598057171848,6.0,5.900144192600991,5.929312307100913
2000,10000,5.804546117324067,6.0,5.586090135503397,5.651440090066302
2000,10000,6.484403351886645,6.0,6.463262910924538,6.47270745524914
2000,10000,5.192674845743072,5.7,4.979680112941243,5.089394350181232
2000,10000,5.590661150461256,6.0,5.406324135435094,5.440770411996768
2000,10000,5.820398083086227,6.0,5.69617271221614,5.73754888207264
2000,10000,6.215918604101445,6.0,6.1984584378100624,6.201315455398521
2000,10000,5.968210289408729,5.5,5.777586143554642,5.810675936816756
2000,10000,5.993056933923119,6.0,5.877917308154307,5.91233982509842
2000,10000,6.213054981056496,6.0,6.18934910530682,6.1931083939957015
2000,10000,6.178699012000235,6.0,6.1284854282262105,6.151684370896627
2000,10000,5.889369691482141,5.9,5.793494986136926,5.90215584406024
2000,10000,6.064629743301603,5.7,5.934783096211666,6.014207053531748
2000,10000,5.669132563392542,5.7,5.488154121371218,5.589022651172921
2000,10000,6.036343154541086,5.9,5.996995497387708,6.013051488439237
2000,10000,5.754415946490559,5.5,5.567790318615879,5.613302782964758
2000,10000,5.841477596137903,5.9,5.713869808612452,5.760532727665487
2000,10000,5.675241775395287,6.0,5.4535491452345966,5.502433361425535
2000,10000,5.860709885120374,6.0,5.699329320065914,5.743111380309772
2000,10000,6.085158534442487,5.5,6.050639571140321,6.0134943270996
2000,10000,5.728907434976561,5.9,5.569229271940181,5.6001982427435735
2000,10000,6.002138173011848,5.8,5.934728119251801,5.965473920476225
2000,10000,6.502521273851411,6.0,6.49158217126304,6.49794309110555
2000,10000,6.17695352232314,5.9,6.099650921311402,6.130567870990453
2000,10000,6.435544385681595,6.0,6.408335878559396,6.422847113059108
2000,10000,5.483102008017991,5.8,5.337592921061259,5.4250840174299935
2000,10000,6.021317125277594,5.799999999999999,5.945899861890815,5.972889492298041
2000,10000,5.977564632721366,6.0,5.8730434192287655,5.884553902214518
2000,15000,6.456622417317689,6.0,6.401840690204293,6.398845618781495
2000,15000,5.704237051491266,5.6,5.619971220121754,5.675904032107779
2000,15000,5.384244644991016,5.6000000000000005,5.2450441357394695,5.313212319387075
2000,15000,5.791422430537786,5.700000000000001,5.775630578879794,5.791506292573312
2000,15000,5.765732855976324,6.0,5.625777994963629,5.61401194158783
2000,15000,5.759895652874775,5.9,5.5900438230811735,5.62606853840062
2000,15000,6.705324352235031,6.0,6.610508291368112,6.64859012094548
2000,15000,6.466488113682312,6.0,6.452698421131755,6.455523552141298
2000,15000,5.751795029007601,6.0,5.57944625675234,5.644065856332842
2000,15000,5.667033182932777,5.800000000000001,5.4847902391434245,5.552696551720547
2000,15000,5.664964216857749,6.0,5.53319636016216,5.595277398835009
2000,15000,6.009782107449475,5.9,5.957131567656455,5.974101175531774
2000,15000,5.828613251607008,6.0,5.647780079485018,5.666302140368173
2000,15000,6.619751095933059,6.0,6.585129423955141,6.597317312832551
2000,15000,5.498442537429376,6.0,5.294784332765106,5.35342818472936
2000,15000,5.776696625274713,5.9,5.667675540339706,5.6884693920379945
2000,15000,5.520720542382605,5.6,5.478998035770362,5.558110233073401
2000,15000,5.93082389369776,5.800000000000001,5.834537997169387,5.875645199123608
2000,15000,6.444686309469815,6.0,6.442732374024299,6.442996453980474
2000,15000,5.546092316123995,5.5,5.385360427691871,5.409520961261891
2000,15000,5.769780131352561,6.0,5.712680410875623,5.729758429039711
2000,15000,5.951783323921889,6.0,5.863318292398132,5.886465435232309
2000,15000,5.967598057171848,6.0,5.901017400240555,5.927485353824164
2000,15000,5.804546117324067,6.0,5.587164540532919,5.650792061707004
2000,15000,6.484403351886645,6.0,6.463475099644897,6.473162520018088
2000,15000,5.192674845743072,5.7,4.982118874167676,5.085321941909954
2000,15000,5.590661150461256,6.0,5.405958823517748,5.441946406939596
2000,15000,5.820398083086227,6.0,5.696548775904418,5.732089379445135
2000,15000,6.215918604101445,6.0,6.198069430699701,6.201455092597591
2000,15000,5.968210289408729,5.5,5.778373852418544,5.811413593095808
2000,15000,5.993056933923119,6.0,5.875846701515954,5.914747518643663
2000,15000,6.213054981056496,6.0,6.189626874959516,6.191450582459753
2000,15000,6.178699012000235,6.0,6.127645663658671,6.153408390446018
2000,15000,5.889369691482141,5.9,5.794014736454511,5.903676298433637
2000,15000,6.064629743301603,5.7,5.934301460769467,6.01379105893584
2000,15000,5.669132563392542,5.7,5.487893339256962,5.588386238981502
2000,15000,6.036343154541086,5.9,5.996968491581632,6.010807996646607
2000,15000,5.754415946490559,5.5,5.567518182014637,5.614033011837509
2000,15000,5.841477596137903,5.9,5.714006819883903,5.760365253652896
2000,15000,5.675241775395287,6.0,5.453729257199885,5.496643460845621
2000,15000,5.860709885120374,6.0,5.697806654220814,5.74680312507637
2000,15000,6.085158534442487,5.5,6.0498109400962585,6.014551760074672
2000,15000,5.728907434976561,5.9,5.569241045624864,5.603624957258002
2000,15000,6.002138173011848,5.8,5.935052304283977,5.967113845589482
2000,15000,6.502521273851411,6.0,6.4912780160273575,6.49815310793057
2000,15000,6.17695352232314,5.9,6.097624332528116,6.131164272253567
2000,15000,6.435544385681595,6.0,6.40885554850319,6.422019849705131
2000,15000,5.483102008017991,5.8,5.338148146363636,5.42754717045122
2000,15000,6.021317125277594,5.799999999999999,5.945144696631594,5.974088607965679
2000,15000,5.977564632721366,6.0,5.871998178451779,5.886486415050103
2000,20000,6.066820799343143,5.699999999999999,5.9917556460915655,6.073809013349219
2000,20000,5.704237051491266,5.6,5.619335974953194,5.676113086026882
2000,20000,5.384244644991016,5.6000000000000005,5.245245522901657,5.310191964598579
2000,20000,5.791422430537786,5.700000000000001,5.77513992566499,5.791039571703745
2000,20000,5.765732855976324,6.0,5.626109612982512,5.614323653878518
2000,20000,5.759895652874775,5.9,5.589162231973582,5.628067155509234
2000,20000,6.705324352235031,6.0,6.609758830160479,6.650637774630146
2000,20000,6.466488113682312,6.0,6.452299931768121,6.455930541436343
2000,20000,5.751795029007601,6.0,5.5790555010588365,5.6428839123350585
2000,20000,5.667033182932777,5.800000000000001,5.484195725894813,5.551180358737812
2000,20000,5.664964216857749,6.0,5.532795553717559,5.593876934864048
2000,20000,6.009782107449475,5.9,5.956883925861063,5.9746965220470845
2000,20000,5.828613251607008,6.0,5.647888582497193,5.666628200538034
2000,20000,6.619751095933059,6.0,6.586578328822676,6.597147367574589
2000,20000,5.498442537429376,6.0,5.294740312009249,5.352136767341339
2000,20000,5.776696625274713,5.9,5.667773632889947,5.6872736479655375
2000,20000,5.520720542382605,5.6,5.479785613481937,5.558050273631135
2000,20000,5.93082389369776,5.800000000000001,5.834779387154178,5.875004691472092
2000,20000,6.444686309469815,6.0,6.442790309466463,6.442829911266045
2000,20000,5.546092316123995,5.5,5.385771624264311,5.407099539533466
2000,20000,5.769780131352561,6.0,5.713131912461079,5.730256910183996
2000,20000,5.951783323921889,6.0,5.864239234292537,5.884306733044113
2000,20000,5.967598057171848,6.0,5.900474963640041,5.927433962031563
2000,20000,5.804546117324067,6.0,5.586430249932097,5.649984516315502
2000,20000,6.484403351886645,6.0,6.462250117771464,6.4739055467062085
2000,20000,5.192674845743072,5.7,4.982187451087485,5.083004910432197
2000,20000,5.590661150461256,6.0,5.405949579525054,5.442178529776762
2000,20000,5.820398083086227,6.0,5.696689535188527,5.732214919365988
2000,20000,6.215918604101445,6.0,6.197490727102235,6.20307328278339
2000,20000,5.968210289408729,5.5,5.777706727487006,5.809882673914493
2000,20000,5.993056933923119,6.0,5.874716166656532,5.91623254979215
2000,20000,6.213054981056496,6.0,6.189728506435752,6.190381422814765
2000,20000,6.178699012000235,6.0,6.126725947338425,6.154220688477111
2000,20000,5.889369691482141,5.9,5.794621596708399,5.902391920251871
2000,20000,6.064629743301603,5.7,5.933537375308235,6.011558935956689
2000,20000,5.669132563392542,5.7,5.486770837301099,5.5881844146285
2000,20000,6.036343154541086,5.9,5.99759174474058,6.01129265513508
2000,20000,5.754415946490559,5.5,5.5680442941372,5.61527272030996
2000,20000,5.841477596137903,5.9,5.713592969865871,5.762149793112916
2000,20000,5.675241775395287,6.0,5.453931636078831,5.493386883318861
2000,20000,5.860709885120374,6.0,5.697795910270758,5.746995170300424
2000,20000,6.085158534442487,5.5,6.04950308137788,6.013681982638518
2000,20000,5.728907434976561,5.9,5.569262797079123,5.600682259598566
2000,20000,6.002138173011848,5.8,5.93559476852728,5.9685624119235765
2000,20000,6.502521273851411,6.0,6.4919899601583175,6.497939866738707
2000,20000,6.17695352232314,5.9,6.097896524950556,6.129770506616917
2000,20000,6.435544385681595,6.0,6.40900815401626,6.421830158718483
2000,20000,5.483102008017991,5.8,5.338239214846485,5.425918241337133
2000,20000,6.021317125277594,5.799999999999999,5.944170880932977,5.974569576001647
2000,20000,5.977564632721366,6.0,5.872312621636983,5.886804262369604
3000,5000,6.339798243050117,6.0,6.33781097750714,6.337591893930463
3000,5000,5.5269040920843455,5.6,5.507485283680035,5.548059748655476
3000,5000,5.519507966915438,5.800000000000001,5.438392226754267,5.486290263980084
3000,5000,5.567226434370342,5.700000000000001,5.482702151201464,5.5094295401368445
3000,5000,5.902471228543219,5.6,5.790618100959781,5.825325436703487
3000,5000,5.760686305187029,5.9,5.684848342132524,5.721675890505455
3000,5000,6.246040669687764,6.0,6.243742497405306,6.245328255073971
3000,5000,6.317738368439141,6.0,6.317141152793923,6.317405661447868
3000,5000,5.983524856560591,6.0,5.934671927114191,5.954702794318589
3000,5000,5.5553087377981445,5.5,5.43309779763913,5.436915597258493
3000,5000,6.641372840756246,6.0,6.641372840756245,6.641372840756245
3000,5000,5.687880292483566,5.9,5.618094119847443,5.609375631835078
3000,5000,5.897058805980203,6.0,5.883355277975019,5.889616514142393
3000,5000,5.94771293672475,6.0,5.840511412973808,5.85039168355444
3000,5000,6.23372762612706,6.0,6.215518550380765,6.2240333215174015
3000,5000,5.875898748834315,5.9,5.849014225500085,5.832662551567905
3000,5000,5.516294687941686,5.6,5.40837478710197,5.453384591787983
3000,5000,5.840148061180889,5.9,5.746700660163458,5.785041057483166
3000,5000,6.03173354201963,6.0,5.970280914707264,5.988071959903642
3000,5000,5.922037184221188,5.5,5.833950038058822,5.788017635842548
3000,5000,5.860461519912752,6.0,5.711059813090494,5.746164860604781
3000,5000,6.247188448177673,6.0,6.23718418184641,6.243093347012214
3000,5000,6.148052915985817,6.0,6.057167298061678,6.083085426497005
3000,5000,6.139208474856456,6.0,6.026601661626006,6.026571810792161
3000,5000,5.704143682803214,6.0,5.5536221553184015,5.568096313459657
3000,5000,5.533893906064252,5.7,5.45895917216153,5.503866190970764
3000,5000,5.86070874936782,6.0,5.811677607261858,5.833161861263138
3000,5000,5.99111287432633,6.0,5.937107263416733,5.951965484096073
3000,5000,5.9011637118124005,6.0,5.854162447582804,5.869236925972351
3000,5000,5.876905363212047,6.0,5.739463426364188,5.784255085446116
3000,5000,5.924500613237331,6.0,5.908956591048,5.916494217697823
3000,5000,6.784338136433274,6.0,6.776560626364937,6.77500189481542
3000,5000,6.08277695609193,6.0,6.025015960051491,6.049322267248845
3000,5000,6.35579859896828,6.0,6.355696760996675,6.355638976565398
3000,5000,6.236509721212427,6.0,6.227917110036549,6.229314346257245
3000,5000,6.131055528276477,6.0,6.102274174267878,6.112977474054723
3000,5000,6.027044665029944,5.9,5.933285290460523,5.9437108995674
3000,5000,6.0594207628889,6.0,5.9670293193702495,6.006765679794632
3000,5000,5.839493644817702,5.9,5.810958001851187,5.821973594052458
3000,5000,6.006564039248799,6.0,5.984037449795401,5.992976139234986
3000,5000,6.415171480276172,6.0,6.414685274812166,6.412784582783535
3000,5000,5.466835074652733,5.6,5.332965710119177,5.377745501713011
3000,5000,5.537050078459442,5.800000000000001,5.408662931321006,5.457591026458911
3000,5000,5.931771661187164,5.9,5.909851675620618,5.919258079558046
3000,5000,5.935481132754086,6.0,5.836940458626766,5.879652627926409
3000,5000,6.141510751447347,5.9,6.126015453574216,6.133170190069928
3000,5000,5.918415571310741,6.0,5.880398685267585,5.894574625095347
3000,5000,5.545578068499387,5.6000000000000005,5.474081679937897,5.484115614255245
3000,5000,5.704792646273756,5.799999999999999,5.653864728558301,5.676862008342611
3000,5000,5.904452719102096,5.6,5.80633948940094,5.850366710683741
3000,10000,6.120930428834744,6.0,6.117590100326138,6.11791691359918
3000,10000,5.5269040920843455,5.6,5.508818376876652,5.548565749274032
3000,10000,5.519507966915438,5.800000000000001,5.439246107344281,5.486802549348125
3000,10000,5.567226434370342,5.700000000000001,5.482176347824627,5.507894712734951
3000,10000,5.902471228543219,5.6,5.790583640949778,5.825516081757639
3000,10000,5.760686305187029,5.9,5.685785284636606,5.721550461098523
3000,10000,6.246040669687764,6.0,6.244211927931399,6.244838076672481
3000,10000,6.317738368439141,6.0,6.317234821881443,6.317542503382831
3000,10000,5.983524856560591,6.0,5.934272264458448,5.952423501029465
3000,10000,5.5553087377981445,5.5,5.433291688127033,5.439820592683974
3000,10000,6.641372840756246,6.0,6.641372840756246,6.641372840756246
3000,10000,5.687880292483566,5.9,5.618820374752928,5.6067553921008
3000,10000,5.897058805980203,6.0,5.883423522280818,5.890036528903194
3000,10000,5.94771293672475,6.0,5.840591349690599,5.855091894518636
3000,10000,6.23372762612706,6.0,6.215247881811887,6.22412102358475
3000,10000,5.875898748834315,5.9,5.848130173790174,5.836451237305667
3000,10000,5.516294687941686,5.6,5.409754129907592,5.448733576014435
3000,10000,5.840148061180889,5.9,5.747738262739136,5.784143306353396
3000,10000,6.03173354201963,6.0,5.971243906988082,5.989488451196123
3000,10000,5.922037184221188,5.5,5.833437411765645,5.785922191977953
3000,10000,5.860461519912752,6.0,5.711398582022976,5.746790624759779
3000,10000,6.247188448177673,6.0,6.238865680124444,6.241726084392622
3000,10000,6.148052915985817,6.0,6.058960445201648,6.079130577036088
3000,10000,6.139208474856456,6.0,6.025549769348027,6.030748298479418
3000,10000,5.704143682803214,6.0,5.554880756117259,5.566781727086982
3000,10000,5.533893906064252,5.7,5.457179261256012,5.500547104452197
3000,10000,5.86070874936782,6.0,5.8110788929451225,5.834621520101532
3000,10000,5.99111287432633,6.0,5.9363112774879525,5.954229000018951
3000,10000,5.9011637118124005,6.0,5.85371606626456,5.866215995464212
3000,10000,5.876905363212047,6.0,5.740911546062285,5.78103870682018
3000,10000,5.924500613237331,6.0,5.908786889206732,5.917965237366849
3000,10000,6.784338136433274,6.0,6.776731712971235,6.775511823409629
3000,10000,6.08277695609193,6.0,6.020699955465288,6.052655686225708
3000,10000,6.35579859896828,6.0,6.355722295229788,6.355457425879298
3000,10000,6.236509721212427,6.0,6.22823926434566,6.227582991041764
3000,10000,6.131055528276477,6.0,6.10222249519307,6.116739528025279
3000,10000,6.027044665029944,5.9,5.93041112367486,5.94844353612838
3000,10000,6.0594207628889,6.0,5.969403809356006,6.007140006705511
3000,10000,5.839493644817702,5.9,5.809308530292696,5.823819409784227
3000,10000,6.006564039248799,6.0,5.981048090481314,5.993118068528766
3000,10000,6.415171480276172,6.0,6.413924948802894,6.414830017338189
3000,10000,5.466835074652733,5.6,5.333165000907939,5.373521331721643
3000,10000,5.537050078459442,5.800000000000001,5.405217717824719,5.460121584952233
3000,10000,5.931771661187164,5.9,5.909420849824885,5.920430819226918
3000,10000,5.935481132754086,6.0,5.837302166611723,5.880370618238967
3000,10000,6.141510751447347,5.9,6.125191890079179,6.13502725945414
3000,10000,5.918415571310741,6.0,5.879622506520644,5.896528936271273
3000,10000,5.545578068499387,5.6000000000000005,5.47372743846831,5.485516225605339
3000,10000,5.704792646273756,5.799999999999999,5.653557174133343,5.6745714328744175
3000,10000,5.904452719102096,5.6,5.807993824543174,5.852311009338187
3000,15000,6.135747805783248,5.9,6.1094360477269465,6.1156903345755325
3000,15000,5.5269040920843455,5.6,5.508842459094012,5.548437385590285
3000,15000,5.519507966915438,5.800000000000001,5.439588537488543,5.484744070924769
3000,15000,5.567226434370342,5.700000000000001,5.482094799803006,5.507329346270029
3000,15000,5.902471228543219,5.6,5.790008894308062,5.827057793087872
3000,15000,5.760686305187029,5.9,5.684478167995936,5.724061119208646
3000,15000,6.246040669687764,6.0,6.244107799399963,6.244760685817748
3000,15000,6.317738368439141,6.0,6.317343273329889,6.317169814070518
3000,15000,5.983524856560591,6.0,5.9317107762672565,5.9547982046673935
3000,15000,5.5553087377981445,5.5,5.433326607177804,5.440705959289327
3000,15000,6.641372840756246,6.0,6.641372840756246,6.641345696388237
3000,15000,5.687880292483566,5.9,5.618512484164833,5.609340967980309
3000,15000,5.897058805980203,6.0,5.883885353792936,5.890143250218316
3000,15000,5.94771293672475,6.0,5.841894261336336,5.853005929715968
3000,15000,6.23372762612706,6.0,6.21558438280728,6.225521039955223
3000,15000,5.875898748834315,5.9,5.84879843445562,5.835581200775546
3000,15000,5.516294687941686,5.6,5.409387006095802,5.449177140512882
3000,15000,5.840148061180889,5.9,5.746939868394442,5.783797009243585
3000,15000,6.03173354201963,6.0,5.972215096065125,5.989674513946864
3000,15000,5.922037184221188,5.5,5.832584019541096,5.785940820037551
3000,15000,5.860461519912752,6.0,5.712268093339343,5.744392711496209
3000,15000,6.247188448177673,6.0,6.238376534131196,6.241987841878044
3000,15000,6.148052915985817,6.0,6.059025820298112,6.0784472985763065
3000,15000,6.139208474856456,6.0,6.025887619473641,6.029148218973855
3000,15000,5.704143682803214,6.0,5.554139783930384,5.571841867661918
3000,15000,5.533893906064252,5.7,5.456346209826505,5.502041566357579
3000,15000,5.86070874936782,6.0,5.81132564345587,5.834102092368311
3000,15000,5.99111287432633,6.0,5.937113473783061,5.953665247113928
3000,15000,5.9011637118124005,6.0,5.852483716656096,5.867148938831483
3000,15000,5.876905363212047,6.0,5.740087220545413,5.782330605766185
3000,15000,5.924500613237331,6.0,5.909164876583308,5.916990650095133
3000,15000,6.784338136433274,6.0,6.776795798231292,6.77381391904629
3000,15000,6.08277695609193,6.0,6.021073232989584,6.053939793481771
3000,15000,6.35579859896828,6.0,6.355730280065958,6.355434480452924
3000,15000,6.236509721212427,6.0,6.22778689840035,6.228166530465437
3000,15000,6.131055528276477,6.0,6.10457341924351,6.116410725160816
3000,15000,6.027044665029944,5.9,5.930410575619567,5.947110887988187
3000,15000,6.0594207628889,6.0,5.969625348740017,6.006732109827351
3000,15000,5.839493644817702,5.9,5.809470540942002,5.823182371565852
3000,15000,6.006564039248799,6.0,5.980646931016636,5.993409026180369
3000,15000,6.415171480276172,6.0,6.413751858779569,6.4169641730880045
3000,15000,5.466835074652733,5.6,5.332586978488049,5.374454429927012
3000,15000,5.537050078459442,5.800000000000001,5.40613425394229,5.460536982999692
3000,15000,5.931771661187164,5.9,5.910084888539783,5.919873945509702
3000,15000,5.935481132754086,6.0,5.837198117739251,5.880950846017688
3000,15000,6.141510751447347,5.9,6.125476218476731,6.135014371967543
3000,15000,5.918415571310741,6.0,5.88056395227272,5.897356156456919
3000,15000,5.545578068499387,5.6000000000000005,5.473956171957921,5.484618585369706
3000,15000,5.704792646273756,5.799999999999999,5.6523088228026666,5.674712275720022
3000,15000,5.904452719102096,5.6,5.809456561447297,5.851443884266911
3000,20000,5.563242722918698,5.6,5.432785942350326,5.480074072338664
3000,20000,5.5269040920843455,5.6,5.508496479586506,5.548142548506844
3000,20000,5.519507966915438,5.800000000000001,5.440282452706369,5.486102086165097
3000,20000,5.567226434370342,5.700000000000001,5.481946052989176,5.509030354079348
3000,20000,5.902471228543219,5.6,5.789809293154128,5.827889183560043
3000,20000,5.760686305187029,5.9,5.684433956789003,5.722586079063568
3000,20000,6.246040669687764,6.0,6.2438378618032,6.244765824377584
3000,20000,6.317738368439141,6.0,6.317351182758904,6.317122337203675
3000,20000,5.983524856560591,6.0,5.930495612923084,5.955661906893282
3000,20000,5.5553087377981445,5.5,5.433899204738187,5.4381129898081495
3000,20000,6.641372840756246,6.0,6.641372840756245,6.641352494914789
3000,20000,5.687880292483566,5.9,5.617753047365262,5.608571699194201
3000,20000,5.897058805980203,6.0,5.8837922128831925,5.889442433557315
3000,20000,5.94771293672475,6.0,5.841896837694234,5.851126605590933
3000,20000,6.23372762612706,6.0,6.215384447657338,6.226083521980067
3000,20000,5.875898748834315,5.9,5.849010730053855,5.835986298302362
3000,20000,5.516294687941686,5.6,5.40791423213996,5.45051461890602
3000,20000,5.840148061180889,5.9,5.746828750447373,5.784730277840089
3000,20000,6.03173354201963,6.0,5.971975361276638,5.990559348485719
3000,20000,5.922037184221188,5.5,5.832577190651969,5.787483981332153
3000,20000,5.860461519912752,6.0,5.712381469195086,5.744963875270253
3000,20000,6.247188448177673,6.0,6.238388286131831,6.241785162688205
3000,20000,6.148052915985817,6.0,6.058073469401142,6.078398509481825
3000,20000,6.139208474856456,6.0,6.026365831305026,6.030764475232703
3000,20000,5.704143682803214,6.0,5.55457232032289,5.570468400829969
3000,20000,5.533893906064252,5.7,5.456607923998959,5.502026532284718
3000,20000,5.86070874936782,6.0,5.812410752497909,5.833200716588371
3000,20000,5.99111287432633,6.0,5.937547931045963,5.953079984021841
3000,20000,5.9011637118124005,6.0,5.851535226813867,5.867639479201732
3000,20000,5.876905363212047,6.0,5.740045963140634,5.782374250109879
3000,20000,5.924500613237331,6.0,5.90928737142214,5.916714530583107
3000,20000,6.784338136433274,6.0,6.776958312774599,6.773369794644267
3000,20000,6.08277695609193,6.0,6.021941708723827,6.053611129798748
3000,20000,6.35579859896828,6.0,6.355698786711376,6.3555584601532455
3000,20000,6.236509721212427,6.0,6.227449903287979,6.228810572804563
3000,20000,6.131055528276477,6.0,6.105267103751241,6.1175689951560015
3000,20000,6.027044665029944,5.9,5.930451229333791,5.946118493407685
3000,20000,6.0594207628889,6.0,5.969690260396359,6.0068593069348735
3000,20000,5.839493644817702,5.9,5.809799501717186,5.822831370327785
3000,20000,6.006564039248799,6.0,5.980095796781921,5.99344932727349
3000,20000,6.415171480276172,6.0,6.413798799057025,6.417760145542244
3000,20000,5.466835074652733,5.6,5.3325183220129535,5.375853799954532
3000,20000,5.537050078459442,5.800000000000001,5.406463526498647,5.458607980850525
3000,20000,5.931771661187164,5.9,5.9103792403411335,5.91969010802948
3000,20000,5.935481132754086,6.0,5.8372288207964615,5.879407020996176
3000,20000,6.141510751447347,5.9,6.125441053426914,6.134726259066617
3000,20000,5.918415571310741,6.0,5.8805474555435575,5.897441166901837
3000,20000,5.545578068499387,5.6000000000000005,5.474248160654076,5.485182627448176
3000,20000,5.704792646273756,5.799999999999999,5.65241776375694,5.675600075701318
3000,20000,5.904452719102096,5.6,5.808280212946072,5.852005022060597
4000,5000,5.962166165003162,6.0,5.912609076399349,5.934699237203158
4000,5000,5.870549331978093,5.6,5.846326581436196,5.925059052442926
4000,5000,5.828296123140591,5.800000000000001,5.77666994518922,5.79466776737291
4000,5000,5.690817361012053,5.700000000000001,5.644538629629289,5.699596889879615
4000,5000,6.165155820831907,6.0,6.154290158731657,6.158243116002865
4000,5000,5.992800939012279,5.9,5.956302095855276,5.976846539366146
4000,5000,5.975257632477913,6.0,5.956282351483916,5.965261944045778
4000,5000,6.1079833056343125,6.0,6.071653066193356,6.083077774142766
4000,5000,5.914032648232805,6.0,5.868159249425942,5.888445139379551
4000,5000,5.818182812689469,5.800000000000001,5.764225682721817,5.804012019054318
4000,5000,6.593179012870082,6.0,6.5846736902803205,6.589361217125267
4000,5000,5.812064459672958,5.9,5.761663049025286,5.748242494968487
4000,5000,6.735232977069948,6.0,6.734393049805386,6.734484029229044
4000,5000,5.73492853274918,6.0,5.683647411122616,5.69684846270326
4000,5000,6.116802255379426,6.0,6.091740409830937,6.099945834945046
4000,5000,6.148690760852001,5.9,6.130074042188578,6.136065921560834
4000,5000,5.645979618379213,5.6,5.615654456643686,5.67992957042025
4000,5000,5.428288227988142,5.5,5.295870375552216,5.314587792260527
4000,5000,5.612384188943988,6.0,5.504418188502134,5.537242452443333
4000,5000,5.693312234886681,5.799999999999999,5.663031729772747,5.68556933023442
4000,5000,6.163605371858103,6.0,6.129213879343534,6.145268232266064
4000,5000,6.200993513368969,6.0,6.199583241080098,6.199106913699888
4000,5000,5.869343866310874,6.0,5.817827029331907,5.829421854087803
4000,5000,5.684832283337194,6.0,5.612883740238825,5.626307832797857
4000,5000,5.959595399650999,6.0,5.859123988751059,5.901100105918304
4000,5000,5.885582811216606,5.7,5.8605462130639925,5.88365779798371
4000,5000,6.093460788551177,6.0,6.051185760192091,6.063323439853121
4000,5000,5.7722335870661805,6.0,5.760822049056749,5.766952249416591
4000,5000,6.159237373444832,6.0,6.15449766190745,6.155799699072997
4000,5000,6.109524570870853,6.0,6.06391187606333,6.084343461442111
4000,5000,5.800077877600143,6.0,5.684860279897208,5.709167039588351
4000,5000,6.187043876482071,6.0,6.172545140046072,6.168922525269729
4000,5000,6.163519284383742,6.0,6.161572755021697,6.162580735685762
4000,5000,5.587368830064918,6.0,5.558684913554747,5.52921964510004
4000,5000,6.222678312821608,6.0,6.219267665764608,6.219085989393654
4000,5000,6.368403667849063,6.0,6.3463532829164375,6.350172390213478
4000,5000,5.795282375318687,5.9,5.67345646469018,5.707140521206933
4000,5000,6.242205253136202,6.0,6.24040303825052,6.240818491503417
4000,5000,6.232235324897979,5.9,6.217407401900148,6.223896478569231
4000,5000,6.122317904796684,6.0,6.111594579178668,6.117810822654705
4000,5000,5.746043034081461,5.5,5.625457919536526,5.664733775375029
4000,5000,5.277383422841535,5.6,5.176228344860137,5.194068882061985
4000,5000,5.828288920841526,5.9,5.736915076517181,5.785535352449527
4000,5000,5.89859593894548,5.8,5.869470795837489,5.875910672543755
4000,5000,5.792357843371397,6.0,5.742994731059691,5.769550935599859
4000,5000,5.794679015435957,5.5,5.718449011698965,5.737298535858129
4000,5000,5.861176248871244,5.6,5.766063237223539,5.802722464782709
4000,5000,5.889763307128866,5.8,5.831098930454536,5.871876190517558
4000,5000,6.028142910745246,5.799999999999999,6.006455171009575,6.017461736903022
4000,5000,6.352916860776235,6.0,6.352916860776234,6.352720404613814
4000,10000,5.993439012290764,6.0,5.957254515371305,5.972265048135985
4000,10000,5.870549331978093,5.6,5.846118953961844,5.926953386286271
4000,10000,5.828296123140591,5.800000000000001,5.777993954392713,5.794075506874351
4000,10000,5.690817361012053,5.700000000000001,5.645616711200005,5.700797896350565
4000,10000,6.165155820831907,6.0,6.154165064418003,6.159184380598076
4000,10000,5.992800939012279,5.9,5.955350573644775,5.976958934435626
4000,10000,5.975257632477913,6.0,5.9559663942979,5.963850455360348
4000,10000,6.1079833056343125,6.0,6.069935822740423,6.084154718219996
4000,10000,5.914032648232805,6.0,5.86870337035302,5.89095660668475
4000,10000,5.818182812689469,5.800000000000001,5.76384410593155,5.802992282702646
4000,10000,6.593179012870082,6.0,6.584248398264361,6.588207701874384
4000,10000,5.812064459672958,5.9,5.761664110586969,5.750123025764901
4000,10000,6.735232977069948,6.0,6.734089222044141,6.734392230614645
4000,10000,5.73492853274918,6.0,5.682894082351722,5.7003595747751845
4000,10000,6.116802255379426,6.0,6.089661401495781,6.101590315023567
4000,10000,6.148690760852001,5.9,6.130314043905011,6.1372309461220285
4000,10000,5.645979618379213,5.6,5.614183889501228,5.680604812093184
4000,10000,5.428288227988142,5.5,5.297180437970351,5.316044950494042
4000,10000,5.612384188943988,6.0,5.503355155427759,5.534010341220804
4000,10000,5.693312234886681,5.799999999999999,5.661694569471087,5.685466870615534
4000,10000,6.163605371858103,6.0,6.129124490269932,6.14481844516454
4000,10000,6.200993513368969,6.0,6.199114216797019,6.1991948617934645
4000,10000,5.869343866310874,6.0,5.81641240461647,5.827648342549174
4000,10000,5.684832283337194,6.0,5.613864532011927,5.627899264227142
4000,10000,5.959595399650999,6.0,5.861085989232704,5.899414260085766
4000,10000,5.885582811216606,5.7,5.859636631867814,5.882152022396216
4000,10000,6.093460788551177,6.0,6.0501899430214365,6.064468466477837
4000,10000,5.7722335870661805,6.0,5.761546157382708,5.765472561349579
4000,10000,6.159237373444832,6.0,6.154154092241724,6.155842781980632
4000,10000,6.109524570870853,6.0,6.065061803436654,6.085732308542234
4000,10000,5.800077877600143,6.0,5.685852638952981,5.710896135829094
4000,10000,6.187043876482071,6.0,6.172763915363262,6.167472754279702
4000,10000,6.163519284383742,6.0,6.161681905890762,6.162473642383315
4000,10000,5.587368830064918,6.0,5.559412175413886,5.529851061286407
4000,10000,6.222678312821608,6.0,6.21854886261214,6.219778997785526
4000,10000,6.368403667849063,6.0,6.346984405520112,6.348567905286118
4000,10000,5.795282375318687,5.9,5.674785954968485,5.702164753973176
4000,10000,6.242205253136202,6.0,6.23997442108791,6.24140788113458
4000,10000,6.232235324897979,5.9,6.217114049121945,6.224889193915408
4000,10000,6.122317904796684,6.0,6.112397242042149,6.11771393371531
4000,10000,5.746043034081461,5.5,5.626197083704739,5.669106362255827
4000,10000,5.277383422841535,5.6,5.176126046918704,5.190772299508804
4000,10000,5.828288920841526,5.9,5.739635512044512,5.781952324597756
4000,10000,5.89859593894548,5.8,5.870354752243307,5.876308521343702
4000,10000,5.792357843371397,6.0,5.744755494398467,5.769718481725282
4000,10000,5.794679015435957,5.5,5.717093763237155,5.739700767510513
4000,10000,5.861176248871244,5.6,5.767415119323828,5.802672508980926
4000,10000,5.889763307128866,5.8,5.828371600475495,5.8744264483619935
4000,10000,6.028142910745246,5.799999999999999,6.008333202020022,6.017636111513111
4000,10000,6.352916860776235,6.0,6.352916860776236,6.352491765973485
4000,15000,5.689266799844232,6.0,5.602179300209826,5.589905631440743
4000,15000,5.870549331978093,5.6,5.846045413299949,5.925256958935052
4000,15000,5.828296123140591,5.800000000000001,5.778144093140187,5.793149444875104
4000,15000,5.690817361012053,5.700000000000001,5.644883609782631,5.701700561595049
4000,15000,6.165155820831907,6.0,6.1546736244715685,6.158385378243903
4000,15000,5.992800939012279,5.9,5.95590005357728,5.976427019526775
4000,15000,5.975257632477913,6.0,5.9548623023631855,5.964907441534624
4000,15000,6.1079833056343125,6.0,6.070214615902834,6.083290859649103
4000,15000,5.914032648232805,6.0,5.870530155744937,5.889061006623408
4000,15000,5.818182812689469,5.800000000000001,5.763205928113688,5.803070432700698
4000,15000,6.593179012870082,6.0,6.583380600617022,6.587785937495119
4000,15000,5.812064459672958,5.9,5.761731963358451,5.748441129650413
4000,15000,6.735232977069948,6.0,6.73363230233701,6.734714699821871
4000,15000,5.73492853274918,6.0,5.683106441530168,5.700923037526147
4000,15000,6.116802255379426,6.0,6.088576279203918,6.102046090267588
4000,15000,6.148690760852001,5.9,6.130631832229772,6.137964305605259
4000,15000,5.645979618379213,5.6,5.614036811670119,5.67868876148101
4000,15000,5.428288227988142,5.5,5.2979258907167655,5.309169374553609
4000,15000,5.612384188943988,6.0,5.502526139082946,5.535385501509007
4000,15000,5.693312234886681,5.799999999999999,5.661386773955764,5.68546397088181
4000,15000,6.163605371858103,6.0,6.128667708953395,6.14545244108978
4000,15000,6.200993513368969,6.0,6.199013009203483,6.199033954484329
4000,15000,5.869343866310874,6.0,5.8154041342188245,5.828818678887576
4000,15000,5.684832283337194,6.0,5.613783331509632,5.6300237897036
4000,15000,5.959595399650999,6.0,5.861106537444066,5.897541387412298
4000,15000,5.885582811216606,5.7,5.859324708783427,5.881540098185882
4000,15000,6.093460788551177,6.0,6.0499501793188175,6.063836957942439
4000,15000,5.7722335870661805,6.0,5.761097856510648,5.76523790987347
4000,15000,6.159237373444832,6.0,6.154184396054158,6.155833439919142
4000,15000,6.109524570870853,6.0,6.065768634073061,6.083203198183466
4000,15000,5.800077877600143,6.0,5.685508780003533,5.709872860450236
4000,15000,6.187043876482071,6.0,6.171965126253893,6.168771134041325
4000,15000,6.163519284383742,6.0,6.161515614151466,6.16256355087231
4000,15000,5.587368830064918,6.0,5.559460683284501,5.528940798178261
4000,15000,6.222678312821608,6.0,6.2189163868837145,6.219319772576038
4000,15000,6.368403667849063,6.0,6.347189536974075,6.348022863304463
4000,15000,5.795282375318687,5.9,5.675688127413872,5.706238142235043
4000,15000,6.242205253136202,6.0,6.240364954099368,6.241269124402883
4000,15000,6.232235324897979,5.9,6.217132477425535,6.224190614665784
4000,15000,6.122317904796684,6.0,6.112683989040519,6.117855529659065
4000,15000,5.746043034081461,5.5,5.625834003934883,5.66869883724764
4000,15000,5.277383422841535,5.6,5.17602145729518,5.190389526563887
4000,15000,5.828288920841526,5.9,5.739649605885733,5.78046517521426
4000,15000,5.89859593894548,5.8,5.870096642927931,5.87708106808783
4000,15000,5.792357843371397,6.0,5.74575157674242,5.768846690067329
4000,15000,5.794679015435957,5.5,5.71721717471064,5.739195788987767
4000,15000,5.861176248871244,5.6,5.76767564929702,5.801229203425529
4000,15000,5.889763307128866,5.8,5.828719324535406,5.872776622425164
4000,15000,6.028142910745246,5.799999999999999,6.008684675324536,6.017410307675384
4000,15000,6.352916860776235,6.0,6.3527828648957305,6.352611106097744
4000,20000,5.859379912940318,6.0,5.73766162078998,5.768984161921057
4000,20000,5.870549331978093,5.6,5.845971376276268,5.926499741541368
4000,20000,5.828296123140591,5.800000000000001,5.778390735031583,5.793277675816532
4000,20000,5.690817361012053,5.700000000000001,5.644462388320145,5.700079655015921
4000,20000,6.165155820831907,6.0,6.154944346838821,6.157915701850503
4000,20000,5.992800939012279,5.9,5.955967871328263,5.976371723808357
4000,20000,5.975257632477913,6.0,5.954398154525832,5.965337803493124
4000,20000,6.1079833056343125,6.0,6.070498381506943,6.082617531658374
4000,20000,5.914032648232805,6.0,5.870889849789848,5.888801368943129
4000,20000,5.818182812689469,5.800000000000001,5.762923344880744,5.802858502739381
4000,20000,6.593179012870082,6.0,6.583228231293122,6.5878094075503
4000,20000,5.812064459672958,5.9,5.761625817072234,5.748898039759034
4000,20000,6.735232977069948,6.0,6.73351551460091,6.734143005530102
4000,20000,5.73492853274918,6.0,5.683658423856889,5.6995481304924
4000,20000,6.116802255379426,6.0,6.089367199287058,6.100944082387009
4000,20000,6.148690760852001,5.9,6.130910608172455,6.137091937667746
4000,20000,5.645979618379213,5.6,5.613585125443558,5.679942446216987
4000,20000,5.428288227988142,5.5,5.298016713257831,5.308893342443797
4000,20000,5.612384188943988,6.0,5.50302376131392,5.536424277989011
4000,20000,5.693312234886681,5.799999999999999,5.661170388149606,5.685355190453686
4000,20000,6.163605371858103,6.0,6.12896872987691,6.14553327528387
4000,20000,6.200993513368969,6.0,6.198654562287983,6.199348811461604
4000,20000,5.869343866310874,6.0,5.81555448538326,5.829182450670632
4000,20000,5.684832283337194,6.0,5.613570006199365,5.63033802450504
4000,20000,5.959595399650999,6.0,5.861126769924207,5.897344687827224
4000,20000,5.885582811216606,5.7,5.858850216418203,5.881760385036949
4000,20000,6.093460788551177,6.0,6.05043398435016,6.062940924186585
4000,20000,5.7722335870661805,6.0,5.760773653972105,5.765078469690722
4000,20000,6.159237373444832,6.0,6.153964596217539,6.156258117072754
4000,20000,6.109524570870853,6.0,6.06647248374837,6.082835613948167
4000,20000,5.800077877600143,6.0,5.685129225969833,5.711380970159934
4000,20000,6.187043876482071,6.0,6.172346039029804,6.1687353775964455
4000,20000,6.163519284383742,6.0,6.161614007108785,6.162490792951093
4000,20000,5.587368830064918,6.0,5.5595712002696684,5.527637248635874
4000,20000,6.222678312821608,6.0,6.218816511954172,6.2193386237865145
4000,20000,6.368403667849063,6.0,6.346868767279764,6.3497336569256335
4000,20000,5.795282375318687,5.9,5.675965680023247,5.707868562477316
4000,20000,6.242205253136202,6.0,6.240250695444419,6.241533983063339
4000,20000,6.232235324897979,5.9,6.217174898971277,6.224560544254755
4000,20000,6.122317904796684,6.0,6.112532567231818,6.1177846015187685
4000,20000,5.746043034081461,5.5,5.626663246276457,5.668875247071312
4000,20000,5.277383422841535,5.6,5.175773442691775,5.191909923784381
4000,20000,5.828288920841526,5.9,5.738809832457898,5.780555084579836
4000,20000,5.89859593894548,5.8,5.870274370987917,5.878831532599289
4000,20000,5.792357843371397,6.0,5.745047231418695,5.769418115273903
4000,20000,5.794679015435957,5.5,5.717167919747981,5.739137540268072
4000,20000,5.861176248871244,5.6,5.767573666491591,5.800829434418582
4000,20000,5.889763307128866,5.8,5.828755807363422,5.872829765699788
4000,20000,6.028142910745246,5.799999999999999,6.008579756251534,6.017043090968147
4000,20000,6.352916860776235,6.0,6.352816405647312,6.352794889538561
5000,5000,5.910342645941817,6.0,5.895550086226294,5.903743024694611
5000,5000,5.716867548652855,5.6,5.692685957165429,5.71314012812793
5000,5000,5.775851953753813,5.800000000000001,5.728786506138004,5.758421860641833
5000,5000,5.538991924984393,5.700000000000001,5.470393856811096,5.485774548752392
5000,5000,5.844894250650086,6.0,5.75458659902262,5.747241707276586
5000,5000,6.0212854820489525,5.9,6.002309845209776,6.010729440492114
5000,5000,6.191578770927987,6.0,6.183793599169643,6.187328354083594
5000,5000,5.828771463060435,6.0,5.799293603246243,5.806330929808475
5000,5000,5.62135971350126,6.0,5.519021188814054,5.548785829512979
5000,5000,5.487114832545931,5.6000000000000005,5.44890976782937,5.464544634137052
5000,5000,6.56748641783672,6.0,6.5670802389605365,6.56748641783672
5000,5000,6.007089471551184,5.9,6.00047340274897,6.00279926257508
5000,5000,5.809592486173024,6.0,5.720656875428388,5.750311318796034
5000,5000,5.962477897887563,6.0,5.910957004986463,5.927003845778546
5000,5000,5.923010634083986,6.0,5.906169399786594,5.9140529705195695
5000,5000,5.939629024221295,5.9,5.935132277419003,5.936930178490801
5000,5000,5.513097089302122,5.6,5.490873979321376,5.523462129229308
5000,5000,5.859691213029905,5.9,5.833669666302089,5.848368285669041
5000,5000,5.801507141591278,6.0,5.777780460873365,5.788395832746066
5000,5000,5.747201820512443,5.799999999999999,5.73542581907764,5.741414507596606
5000,5000,6.015984125359558,6.0,6.013107276818908,6.01468016899724
5000,5000,5.916285471231562,5.7,5.848255407384711,5.893058330150495
5000,5000,5.944442534154213,6.0,5.932444253260748,5.936687670573644
5000,5000,6.037930598109504,6.0,6.032486584708042,6.034378806309694
5000,5000,5.996493351825577,6.0,5.972887675526125,5.984082587067118
5000,5000,5.796043161316991,5.7,5.775586276921435,5.7853388919206665
5000,5000,6.383160640506125,6.0,6.382978656254891,6.38303953758497
5000,5000,5.768849026638403,6.0,5.75752170653021,5.762614882643876
5000,5000,6.168498062350965,6.0,6.164137006353619,6.164864304202326
5000,5000,6.017698421702975,6.0,5.994880420313096,6.0052165752936455
5000,5000,6.073707947065494,6.0,6.013270522575968,6.036645331356636
5000,5000,6.094686316301671,6.0,6.089396579622017,6.088715455268496
5000,5000,6.002825501979434,6.0,5.987859398937322,5.994556726311717
5000,5000,5.937254366441003,6.0,5.930426240991544,5.927220510538313
5000,5000,5.680289458723467,6.0,5.626727343266507,5.632632319930468
5000,5000,6.126938153433519,6.0,6.089970741982328,6.090084958882157
5000,5000,5.933252363663154,5.9,5.901233779050165,5.915915814180371
5000,5000,5.897395613812957,6.0,5.876950656556854,5.886663042030793
5000,5000,5.759151554581004,5.9,5.674851098034554,5.71074302509867
5000,5000,6.162868470817529,6.0,6.130799674575703,6.144111525399272
5000,5000,5.803027067631824,6.0,5.696835363549526,5.709895013309378
5000,5000,5.592276682735642,5.6,5.558595460400685,5.598595946317949
5000,5000,5.644967582003794,5.9,5.557339806179617,5.595550159526868
5000,5000,5.6760817414024025,5.9,5.601624609900798,5.623727344796437
5000,5000,5.646947870599917,6.0,5.565730529830869,5.600776809805168
5000,5000,5.692366969140364,5.9,5.653088156540536,5.668291038000566
5000,5000,6.058412754229806,6.0,6.046711593431885,6.051467536606239
5000,5000,5.60294653296096,5.8,5.551985606072326,5.581482434545895
5000,5000,5.907404308827212,5.799999999999999,5.892166626791243,5.89857016530905
5000,5000,6.254891177302648,6.0,6.254429832677706,6.253764179313136
5000,10000,6.227341080350056,6.0,6.226433068631422,6.226064167657867
5000,10000,5.716867548652855,5.6,5.69131259986162,5.712374019022768
5000,10000,5.775851953753813,5.800000000000001,5.727461304455053,5.760255499758478
5000,10000,5.538991924984393,5.700000000000001,5.470910908385197,5.4873991084557545
5000,10000,5.844894250650086,6.0,5.754177615351534,5.7500484173075845
5000,10000,6.0212854820489525,5.9,6.001783474323232,6.011106729297397
5000,10000,6.191578770927987,6.0,6.183487950276748,6.187075909279212
5000,10000,5.828771463060435,6.0,5.797729384020255,5.8067397320630505
5000,10000,5.62135971350126,6.0,5.518588817059753,5.54792765003766
5000,10000,5.487114832545931,5.6000000000000005,5.44913234783675,5.464702241132275
5000,10000,6.56748641783672,6.0,6.567282439204019,6.567400207189289
5000,10000,6.007089471551184,5.9,6.000496175642287,6.003098345263767
5000,10000,5.809592486173024,6.0,5.720784970060292,5.744528550807191
5000,10000,5.962477897887563,6.0,5.911554296143367,5.923878011512184
5000,10000,5.923010634083986,6.0,5.906778631023064,5.914950123271847
5000,10000,5.939629024221295,5.9,5.935452206202963,5.937473996168763
5000,10000,5.513097089302122,5.6,5.491121276368655,5.524772894405291
5000,10000,5.859691213029905,5.9,5.833654251189095,5.846746844395179
5000,10000,5.801507141591278,6.0,5.7783839902176535,5.788036791244847
5000,10000,5.747201820512443,5.799999999999999,5.7353108937043125,5.741430828701192
5000,10000,6.015984125359558,6.0,6.013456355114029,6.014625457376948
5000,10000,5.916285471231562,5.7,5.84865670316401,5.892983548988474
5000,10000,5.944442534154213,6.0,5.931662166514057,5.936617657805615
5000,10000,6.037930598109504,6.0,6.0323908087155775,6.03414139009616
5000,10000,5.996493351825577,6.0,5.971468522539016,5.984825938894202
5000,10000,5.796043161316991,5.7,5.775397847587776,5.786000048201448
5000,10000,6.383160640506125,6.0,6.382956856371981,6.383160640506126
5000,10000,5.768849026638403,6.0,5.757695646926491,5.76215842831761
5000,10000,6.168498062350965,6.0,6.163566347016671,6.164656308432487
5000,10000,6.017698421702975,6.0,5.993966226629849,6.006644735217533
5000,10000,6.073707947065494,6.0,6.012675198220166,6.033984875837832
5000,10000,6.094686316301671,6.0,6.089675994411799,6.0881819839980365
5000,10000,6.002825501979434,6.0,5.987880916967315,5.994571871711681
5000,10000,5.937254366441003,6.0,5.930205032086383,5.929221345387428
5000,10000,5.680289458723467,6.0,5.627416782486415,5.628350678188086
5000,10000,6.126938153433519,6.0,6.090393255479795,6.088919957265219
5000,10000,5.933252363663154,5.9,5.900811490579838,5.916281005929955
5000,10000,5.897395613812957,6.0,5.877815934884296,5.884896693143526
5000,10000,5.759151554581004,5.9,5.675272613894912,5.7124803539157725
5000,10000,6.162868470817529,6.0,6.129766546557515,6.144780793553869
5000,10000,5.803027067631824,6.0,5.69672060064559,5.708778662955482
5000,10000,5.592276682735642,5.6,5.559379343542859,5.595308871808977
5000,10000,5.644967582003794,5.9,5.557413158289914,5.59712176226516
5000,10000,5.6760817414024025,5.9,5.601539849962821,5.62415958316853
5000,10000,5.646947870599917,6.0,5.566431401357595,5.599214263166007
5000,10000,5.692366969140364,5.9,5.654726295858417,5.66204960255998
5000,10000,6.058412754229806,6.0,6.047205291231771,6.051665214755048
5000,10000,5.60294653296096,5.8,5.550817172331158,5.582415488787287
5000,10000,5.907404308827212,5.799999999999999,5.892255356107678,5.898820432415483
5000,10000,6.254891177302648,6.0,6.254133284380442,6.254889890248499
5000,15000,6.1175166382556085,6.0,6.100049998758561,6.105843628887621
5000,15000,5.716867548652855,5.6,5.691389823538606,5.7129064561023775
5000,15000,5.775851953753813,5.800000000000001,5.727913877000948,5.759511436281738
5000,15000,5.538991924984393,5.700000000000001,5.470439563440725,5.485834159771035
5000,15000,5.844894250650086,6.0,5.754401288246006,5.748528513170901
5000,15000,6.0212854820489525,5.9,6.002159689914882,6.011991600922382
5000,15000,6.191578770927987,6.0,6.18320627632183,6.186908417952131
5000,15000,5.828771463060435,6.0,5.797329281350843,5.805362379880779
5000,15000,5.62135971350126,6.0,5.518483838933627,5.546853282729548
5000,15000,5.487114832545931,5.6000000000000005,5.449700092377039,5.463131348223761
5000,15000,6.56748641783672,6.0,6.56728017683138,6.567377250193883
5000,15000,6.007089471551184,5.9,6.000535141633892,6.003127643644916
5000,15000,5.809592486173024,6.0,5.719190240065941,5.744817640997214
5000,15000,5.962477897887563,6.0,5.911427336938974,5.922589041215459
5000,15000,5.923010634083986,6.0,5.907604395335002,5.913182771992187
5000,15000,5.939629024221295,5.9,5.935655538465617,5.937136230833858
5000,15000,5.513097089302122,5.6,5.489688311445729,5.524009766975557
5000,15000,5.859691213029905,5.9,5.833180512057432,5.847669360687276
5000,15000,5.801507141591278,6.0,5.777234277782752,5.788436733947505
5000,15000,5.747201820512443,5.799999999999999,5.735537418253016,5.741170896233071
5000,15000,6.015984125359558,6.0,6.013218445025796,6.014675477345743
5000,15000,5.916285471231562,5.7,5.848751485517719,5.892759978626704
5000,15000,5.944442534154213,6.0,5.931630425140642,5.936638466004746
5000,15000,6.037930598109504,6.0,6.031623397368476,6.034484579691454
5000,15000,5.996493351825577,6.0,5.971772972451274,5.984377220028684
5000,15000,5.796043161316991,5.7,5.775856943070635,5.785491459987587
5000,15000,6.383160640506125,6.0,6.383024715638973,6.383051918051176
5000,15000,5.768849026638403,6.0,5.757829347109396,5.762664255572642
5000,15000,6.168498062350965,6.0,6.163634541760365,6.164587734554517
5000,15000,6.017698421702975,6.0,5.994336082516182,6.007262621711291
5000,15000,6.073707947065494,6.0,6.011449501917776,6.035968007470796
5000,15000,6.094686316301671,6.0,6.089437970085103,6.087966576014085
5000,15000,6.002825501979434,6.0,5.988122039068685,5.994271278421783
5000,15000,5.937254366441003,6.0,5.930647337107754,5.929195890600621
5000,15000,5.680289458723467,6.0,5.625923844013703,5.6304869539416815
5000,15000,6.126938153433519,6.0,6.090657344231448,6.087642150299072
5000,15000,5.933252363663154,5.9,5.9013283501668985,5.914595992545324
5000,15000,5.897395613812957,6.0,5.8771184053736985,5.885034814256188
5000,15000,5.759151554581004,5.9,5.675470400622646,5.711258728138856
5000,15000,6.162868470817529,6.0,6.129117492674918,6.14523179031385
5000,15000,5.803027067631824,6.0,5.696331132483587,5.708364469504877
5000,15000,5.592276682735642,5.6,5.559518330145231,5.596738610033841
5000,15000,5.644967582003794,5.9,5.557029647133343,5.598577250369283
5000,15000,5.6760817414024025,5.9,5.600535093680763,5.62613277130045
5000,15000,5.646947870599917,6.0,5.567520959770388,5.598810501478991
5000,15000,5.692366969140364,5.9,5.653841810593333,5.663984224176661
5000,15000,6.058412754229806,6.0,6.047278701957884,6.051493107682517
5000,15000,5.60294653296096,5.8,5.551349748299375,5.581900112122114
5000,15000,5.907404308827212,5.799999999999999,5.892025702925947,5.900013178943759
5000,15000,6.254891177302648,6.0,6.253959665787445,6.253326538986875
5000,20000,6.241727540938078,5.9,6.215612485634027,6.223500097662146
5000,20000,5.716867548652855,5.6,5.691322439741028,5.712962333472035
5000,20000,5.775851953753813,5.800000000000001,5.727721965609193,5.75980742168732
5000,20000,5.538991924984393,5.700000000000001,5.470354105836799,5.485666129606105
5000,20000,5.844894250650086,6.0,5.754625247872237,5.748827619337515
5000,20000,6.0212854820489525,5.9,6.002157126176668,6.012010415644536
5000,20000,6.191578770927987,6.0,6.183144405419857,6.187252656420228
5000,20000,5.828771463060435,6.0,5.796596476053453,5.805731898514666
5000,20000,5.62135971350126,6.0,5.517712980944204,5.546925459992726
5000,20000,5.487114832545931,5.6000000000000005,5.450097063091731,5.4633253436215705
5000,20000,6.56748641783672,6.0,6.567279784837422,6.567362490562348
5000,20000,6.007089471551184,5.9,6.000876460923329,6.002700699387825
5000,20000,5.809592486173024,6.0,5.719157445183543,5.745231805408638
5000,20000,5.962477897887563,6.0,5.91020056990553,5.9248189582280375
5000,20000,5.923010634083986,6.0,5.907554414383839,5.9135084330397145
5000,20000,5.939629024221295,5.9,5.935678832254413,5.93665875696907
5000,20000,5.513097089302122,5.6,5.490080901431087,5.524012031438221
5000,20000,5.859691213029905,5.9,5.833208729600647,5.84781640745794
5000,20000,5.801507141591278,6.0,5.777735687551458,5.787964793556426
5000,20000,5.747201820512443,5.799999999999999,5.735587646661149,5.740978033761014
5000,20000,6.015984125359558,6.0,6.01343954300257,6.014576330740296
5000,20000,5.916285471231562,5.7,5.848564678691465,5.893715757165814
5000,20000,5.944442534154213,6.0,5.93178242946172,5.936269075500886
5000,20000,6.037930598109504,6.0,6.0319908609645,6.03446834240228
5000,20000,5.996493351825577,6.0,5.971345882774078,5.984451394146568
5000,20000,5.796043161316991,5.7,5.775831462971225,5.785224506825664
5000,20000,6.383160640506125,6.0,6.383058778918064,6.382993512455242
5000,20000,5.768849026638403,6.0,5.757486176983963,5.762552642908897
5000,20000,6.168498062350965,6.0,6.163304614796628,6.164980343155031
5000,20000,6.017698421702975,6.0,5.994570111087621,6.006736626780855
5000,20000,6.073707947065494,6.0,6.01121794023752,6.036862207006828
5000,20000,6.094686316301671,6.0,6.089481991090191,6.087875763226289
5000,20000,6.002825501979434,6.0,5.988204288258935,5.994376673419561
5000,20000,5.937254366441003,6.0,5.930598714105728,5.928843372046558
5000,20000,5.680289458723467,6.0,5.626085903149398,5.628851550660207
5000,20000,6.126938153433519,6.0,6.090515288179989,6.087226512475546
5000,20000,5.933252363663154,5.9,5.901216472844215,5.915151517816817
5000,20000,5.897395613812957,6.0,5.876700207654153,5.885735815683497
5000,20000,5.759151554581004,5.9,5.675282949943987,5.710530781438954
5000,20000,6.162868470817529,6.0,6.12812343957359,6.144787585075718
5000,20000,5.803027067631824,6.0,5.696057489966587,5.710768339422793
5000,20000,5.592276682735642,5.6,5.559205446773664,5.596372547560882
5000,20000,5.644967582003794,5.9,5.557864383655613,5.597941617173751
5000,20000,5.6760817414024025,5.9,5.600967974942721,5.625708777801918
5000,20000,5.646947870599917,6.0,5.5672235625999,5.599544568690345
5000,20000,5.692366969140364,5.9,5.653314446058396,5.664888037874242
5000,20000,6.058412754229806,6.0,6.04739459298,6.051729619437308
5000,20000,5.60294653296096,5.8,5.551202509048316,5.58189360077477
5000,20000,5.907404308827212,5.799999999999999,5.892322225547247,5.900035902452598
5000,20000,6.254891177302648,6.0,6.254016159700398,6.253435235617122
