sample_size,num_bootstrap,noise_std,plugin_est,correction_est,adj_correction_est,act_plugin_val
100.0,500.0,0.5,1.1605148777486205,1.1591886387810528,1.1585596435478265,1.1
100.0,500.0,0.5,1.2065607594442402,1.1818328615057492,1.184484624944417,1.0
100.0,500.0,0.5,1.174825163976,1.1219240145580007,1.1237430576013772,1.0
100.0,500.0,0.5,1.418963194980413,1.418963194980413,1.418963194980413,1.1
100.0,500.0,0.5,1.2458840233214434,1.2458840233214432,1.244954307226257,1.1
100.0,500.0,0.5,1.0255498814459054,1.0086954934234384,1.0202527058739104,1.1
100.0,500.0,0.5,1.0903199126815482,1.0291386750803193,1.047318911970706,1.0
100.0,500.0,0.5,1.1190203605979592,1.074324577924632,1.1002911891863492,1.1
100.0,500.0,0.5,1.0945342934367186,1.0782255527992304,1.0915157920293497,1.1
100.0,500.0,0.5,1.1268161405492298,1.111019029914177,1.1188664752707187,1.1
100.0,500.0,0.5,1.136940887774583,1.10134550173795,1.1175230971007757,1.1
100.0,500.0,0.5,1.0782429469358437,1.071689238643063,1.0716477446645394,1.1
100.0,500.0,0.5,1.0066982252980714,0.9510578963556608,0.945901083000526,1.0
100.0,500.0,0.5,0.9608265700816389,0.9098979216838838,0.8942163475349514,1.1
100.0,500.0,0.5,1.0500395634572723,1.0166049448629078,1.0230218880692243,1.0
100.0,500.0,0.5,1.210930566785405,1.2015426193576866,1.2072267593578,1.1
100.0,500.0,0.5,1.1278763604704736,1.0905255146866697,1.100646453794689,1.1
100.0,500.0,0.5,1.1089761036586334,1.0590702182687308,1.0611915799855205,1.1
100.0,500.0,0.5,1.1159688476820686,1.105540509435866,1.103011131387244,1.1
100.0,500.0,0.5,1.1033462809343737,1.0377783537787004,1.053163302795824,1.1
100.0,500.0,0.5,1.014061966625213,0.9707623821992866,0.9771772157827552,1.0
100.0,500.0,0.5,1.074138214020374,1.0635411270484103,1.0645622873019869,1.0
100.0,500.0,0.5,1.1460937826627746,1.088215921939336,1.08241692140372,1.1
100.0,500.0,0.5,1.0598994622172724,1.0174038143819324,1.0170884758807464,1.0
100.0,500.0,0.5,1.0599157767034857,1.0362981275381573,1.051071498468264,1.1
100.0,500.0,0.5,1.0551095247544091,0.988777863147544,0.9901849480099498,1.1
100.0,500.0,0.5,1.123271491450725,1.0688031907878115,1.0718396275074076,1.0
100.0,500.0,0.5,1.1052309158557507,1.0831619843856433,1.0955091421889005,1.1
100.0,500.0,0.5,1.1633003619094042,1.1218175571064748,1.1352888838577064,1.1
100.0,500.0,0.5,1.1069277625904677,1.0726830005089654,1.083724639244484,1.0
100.0,500.0,0.5,1.0950164348645874,1.0390981169643438,1.0398619308230483,1.0
100.0,500.0,0.5,1.2104426522406062,1.1688647009478836,1.1924558382031336,1.1
100.0,500.0,0.5,1.17011123339647,1.1273491874106998,1.1494212246172222,1.1
100.0,500.0,0.5,1.211083815584666,1.179373540038959,1.1862793179330275,1.0
100.0,500.0,0.5,1.1306239597018068,1.1037598257553922,1.115029443270311,1.1
100.0,500.0,0.5,0.993478259563506,0.9400715722067386,0.9477182251997602,1.0
100.0,500.0,0.5,1.141080907693724,1.086965456217482,1.0883987459567337,1.1
100.0,500.0,0.5,1.19018595012472,1.1893981533501874,1.1889118302087305,1.1
100.0,500.0,0.5,1.264268097779449,1.2428647672550892,1.25294009294786,1.1
100.0,500.0,0.5,1.124797802964192,1.0721247547095696,1.0940071433901022,1.1
100.0,500.0,0.5,1.0150474432825751,0.981213543104365,0.9898027506725308,1.1
100.0,500.0,0.5,1.1123036137079234,1.0592189862011596,1.077846512931298,1.0
100.0,500.0,0.5,1.174478170910196,1.1101093709881509,1.1193041093893903,1.0
100.0,500.0,0.5,1.172724496414559,1.1603823885914089,1.166287669807666,1.1
100.0,500.0,0.5,1.0284779720438784,0.978422244671926,0.9897598828000546,1.0
100.0,500.0,0.5,1.119900665552684,1.0612757793986294,1.080453591766633,1.0
100.0,500.0,0.5,1.1374549772912277,1.1138433034255515,1.1289642700203868,1.0
100.0,500.0,0.5,1.0703051802146106,1.0331745000214976,1.0557244279023317,1.1
100.0,500.0,0.5,1.0418437639056708,0.985247987528428,1.007598060943533,1.0
100.0,500.0,0.5,0.9971782964259996,0.9337579589412182,0.907612542025693,1.0
100.0,500.0,1.0,1.2158276277550046,1.1719172660597692,1.1929059678793883,1.0
100.0,500.0,1.0,1.4131215188884805,1.379195465119969,1.3879175049523296,1.0
100.0,500.0,1.0,1.3496503279520002,1.2714066799473498,1.270073259776905,1.0
100.0,500.0,1.0,1.7379263899608255,1.7379263899608255,1.737926389960826,1.1
100.0,500.0,1.0,1.3917680466428863,1.3902850725773368,1.3884322209072204,1.1
100.0,500.0,1.0,0.9510997628918108,0.8937178266430522,0.9314378848529598,1.1
100.0,500.0,1.0,1.1806398253630963,1.0735060207569824,1.1189799791461177,1.0
100.0,500.0,1.0,1.1380407211959185,1.0275233468026304,1.087492439717763,1.1
100.0,500.0,1.0,1.0890685868734378,1.045896502861049,1.077355052494737,1.1
100.0,500.0,1.0,1.1536322810984596,1.1008692086984522,1.1266760099235398,1.1
100.0,500.0,1.0,1.1738817755491666,1.0804720804378964,1.1172137747614042,1.1
100.0,500.0,1.0,1.0564858938716877,1.0271971911150497,1.030789933271254,1.1
100.0,500.0,1.0,1.0133964505961424,0.9250511780398296,0.9256508770260168,1.0
100.0,500.0,1.0,0.8216531401632772,0.709738250309327,0.6454720924391666,1.1
100.0,500.0,1.0,1.100079126914545,1.053907388536366,1.0652270512001432,1.0
100.0,500.0,1.0,1.3218611335708093,1.2899350322619598,1.305140788845207,1.1
100.0,500.0,1.0,1.1557527209409466,1.065887780646071,1.0761210454240402,1.1
100.0,500.0,1.0,1.1609322028708675,1.057865354585866,1.0747813715480592,1.0
100.0,500.0,1.0,1.1319376953641376,1.083828460421933,1.0825221020376194,1.1
100.0,500.0,1.0,1.106692561868747,0.9649671777902956,0.9755996936122228,1.1
100.0,500.0,1.0,1.0281239332504255,0.9647272746760136,0.9767774648639316,1.0
100.0,500.0,1.0,1.148276428040748,1.1382482572345125,1.140668580919233,1.0
100.0,500.0,1.0,1.234714272733025,1.117532746375449,1.141880169500043,1.0
100.0,500.0,1.0,1.1197989244345443,1.0516252147675824,1.0683311800694464,1.0
100.0,500.0,1.0,1.019831553406971,0.9488232642578572,0.9813316311213456,1.1
100.0,500.0,1.0,1.1037933893190912,0.977626061750057,0.987329826979706,1.0
100.0,500.0,1.0,1.2465429829014498,1.1534732955229097,1.1758292578496388,1.0
100.0,500.0,1.0,1.1104618317115014,1.0418474010186989,1.0784253886826285,1.1
100.0,500.0,1.0,1.2266007238188077,1.1234931583181824,1.134828686955934,1.1
100.0,500.0,1.0,1.2138555251809346,1.1682691350754584,1.18505564723233,1.0
100.0,500.0,1.0,1.1900328697291749,1.0931838223796364,1.1080633273871228,1.0
100.0,500.0,1.0,1.320885304481212,1.2192346262324891,1.271774046906031,1.1
100.0,500.0,1.0,1.24022246679294,1.1391565635707672,1.1779828508235295,1.1
100.0,500.0,1.0,1.422167631169332,1.3793529419444743,1.3890322576781813,1.0
100.0,500.0,1.0,1.1612479194036138,1.081979193900979,1.111957269947052,1.1
100.0,500.0,1.0,0.9869565191270115,0.8913187462510844,0.918797249639772,1.0
100.0,500.0,1.0,1.1821618153874478,1.056529699629356,1.036311397112636,1.1
100.0,500.0,1.0,1.28037190024944,1.2748451385666495,1.2754199677225444,1.1
100.0,500.0,1.0,1.4285361955588978,1.3570406910858257,1.3907806862664414,1.1
100.0,500.0,1.0,1.1495956059283836,1.0372928685645029,1.0672259396547257,1.1
100.0,500.0,1.0,0.9300948865651502,0.8351999000853491,0.8603300586751795,1.1
100.0,500.0,1.0,1.224607227415847,1.1318570819141376,1.18054977352975,1.0
100.0,500.0,1.0,1.348956341820392,1.2300241200250692,1.27587982344809,1.0
100.0,500.0,1.0,1.2454489928291173,1.203121938799653,1.2213328991088197,1.1
100.0,500.0,1.0,1.0569559440877567,0.9717905997111902,1.0034889032372076,1.0
100.0,500.0,1.0,1.239801331105368,1.144196700070801,1.1821585377074193,1.0
100.0,500.0,1.0,1.2749099545824556,1.2412765214273158,1.2662947189956566,1.0
100.0,500.0,1.0,1.040610360429221,0.9488604350833312,0.9994124275881991,1.1
100.0,500.0,1.0,1.0836875278113414,0.9953205668208066,1.0355864123869374,1.0
100.0,500.0,1.0,0.9943565928519988,0.8746510211974616,0.8491358153201454,1.0
100.0,500.0,1.5,1.3237414416325068,1.2711142739379653,1.2995217173728988,1.0
100.0,500.0,1.5,1.6196822783327205,1.575764873730688,1.5867993859961904,1.0
100.0,500.0,1.5,1.5244754919280004,1.422392250685202,1.4185329073446007,1.0
100.0,500.0,1.5,2.0568895849412385,2.0568895849412385,2.0568895849412385,1.1
100.0,500.0,1.5,1.5376520699643297,1.5334861343384858,1.5326483313608308,1.1
100.0,500.0,1.5,0.8766496443377165,0.7739139236678281,0.8364519055847912,1.1
100.0,500.0,1.5,1.270959738044645,1.117388285024004,1.192162478290736,1.0
100.0,500.0,1.5,1.1570610817938771,0.9839457289141956,1.0756988533115406,1.1
100.0,500.0,1.5,1.0836028803101565,1.004888528955394,1.060929583396441,1.1
100.0,500.0,1.5,1.1804484216476894,1.0908589226595924,1.1302259613791843,1.1
100.0,500.0,1.5,1.21082266332375,1.0630654865036355,1.1158071965309635,1.1
100.0,500.0,1.5,1.034728840807531,0.9797795060462536,0.9911437105110908,1.1
100.0,500.0,1.5,1.020094675894213,0.8980002701065635,0.9003756651547393,1.0
100.0,500.0,1.5,0.6903437334595639,0.5215185438024262,0.601661964954124,1.0
100.0,500.0,1.5,1.1501186903718168,1.0925650614891766,1.10467442161514,1.0
100.0,500.0,1.5,1.4327917003562138,1.3751105514729751,1.3997815090309906,1.1
100.0,500.0,1.5,1.1836290814114196,1.0463475820687906,1.050582727241324,1.1
100.0,500.0,1.5,1.241398304306301,1.089233195675714,1.126850569484223,1.0
100.0,500.0,1.5,1.1479065430462063,1.0630307083563189,1.059944996903751,1.1
100.0,500.0,1.5,1.110038842803121,0.8962638459325997,0.90270580539542,1.1
100.0,500.0,1.5,1.0421858998756386,0.9580255014847032,0.978946001120468,1.0
100.0,500.0,1.5,1.222414642061122,1.21256399557788,1.215891413734156,1.0
100.0,500.0,1.5,1.3520714090995376,1.180113148870177,1.223235168093634,1.0
100.0,500.0,1.5,1.179698386651817,1.0915209494140774,1.121583217353809,1.0
100.0,500.0,1.5,0.9797473301104568,0.8622970701134988,0.912142869359602,1.1
100.0,500.0,1.5,1.1556900839786364,0.9745659625692844,1.00488817935939,1.0
100.0,500.0,1.5,1.369814474352175,1.2418151297145932,1.2778102299365477,1.0
100.0,500.0,1.5,1.115692747567252,1.002218677209642,1.0582118534425613,1.1
100.0,500.0,1.5,1.2899010857282116,1.1274983414828612,1.1328531973355398,1.1
100.0,500.0,1.5,1.320783287771402,1.263987837047338,1.280853277966567,1.0
100.0,500.0,1.5,1.285049304593762,1.1497987546483706,1.1776113152500411,1.0
100.0,500.0,1.5,1.4313279567218178,1.2723466593617507,1.3468403901318682,1.1
100.0,500.0,1.5,1.31033370018941,1.1545490671568848,1.2030056653693388,1.1
100.0,500.0,1.5,1.6332514467539982,1.5736860868141302,1.587713347162454,1.0
100.0,500.0,1.5,1.1918718791054208,1.0596595281108412,1.1050770952222315,1.1
100.0,500.0,1.5,0.9804347786905174,0.8467107514786187,0.892406195306597,1.0
100.0,500.0,1.5,1.2232427230811718,1.0322930477932477,0.9828156427171442,1.1
100.0,500.0,1.5,1.3705578503741598,1.3605611691065065,1.360332059900587,1.1
100.0,500.0,1.5,1.5928042933383466,1.4692000914907828,1.529783810093278,1.1
100.0,500.0,1.5,1.210072978165027,1.0423272795620715,1.0107835851367637,1.0
100.0,500.0,1.5,0.8451423298477253,0.6934694379356672,0.7236884916932538,1.1
100.0,500.0,1.5,1.3369108411237705,1.2079944577594728,1.2797193161080331,1.0
100.0,500.0,1.5,1.5234345127305882,1.3531820180063632,1.4238809869561908,1.0
100.0,500.0,1.5,1.3181734892436756,1.2485011748615629,1.2772262499393008,1.1
100.0,500.0,1.5,1.0854339161316349,0.9697188561040226,1.015492387840397,1.0
100.0,500.0,1.5,1.3597019966580517,1.2258630478421886,1.286553286396021,1.0
100.0,500.0,1.5,1.4123649318736835,1.3695238131384977,1.4024737080330638,1.0
100.0,500.0,1.5,1.0109155406438313,0.862360864017246,0.9420311941009702,1.1
100.0,500.0,1.5,1.125531291717012,1.0064415244855074,1.063283099403305,1.0
100.0,500.0,1.5,0.991534889277998,0.8158899645380356,0.7987112084424367,1.0
100.0,500.0,2.0,1.431655255510009,1.3676120307704496,1.4040930863269832,1.0
100.0,500.0,2.0,1.8262430377769605,1.7696867179288558,1.7875850230075516,1.0
100.0,500.0,2.0,1.699300655904001,1.5719518335406124,1.5672199630173562,1.0
100.0,500.0,2.0,2.375852779921652,2.375852779921652,2.375852779921652,1.1
100.0,500.0,2.0,1.6835360932857724,1.6730009526499054,1.6747855078830465,1.1
100.0,500.0,2.0,0.8021995257836221,0.6553478447164233,0.7432460324773125,1.1
100.0,500.0,2.0,1.3612796507261933,1.1606680800975804,1.2612816861831575,1.0
100.0,500.0,2.0,1.176081442391836,0.9416971188085904,1.0682141811879504,1.1
100.0,500.0,2.0,1.0781371737468757,0.9679284744032052,1.0440207482010408,1.1
100.0,500.0,2.0,1.2072645621969196,1.080865031193027,1.134829773682147,1.1
100.0,500.0,2.0,1.2477635510983331,1.0478306356558955,1.1115276147128994,1.1
100.0,500.0,2.0,1.0129717877433744,0.9336094456802068,0.9496897673116684,1.1
100.0,500.0,2.0,1.0267929011922845,0.8658925848459749,0.875557679444262,1.0
100.0,500.0,2.0,0.5871249779460854,0.3629657217617554,0.4756863083246163,1.0
100.0,500.0,2.0,1.200158253829089,1.1280450719676136,1.142503540129606,1.0
100.0,500.0,2.0,1.5437222671416189,1.4613198198887885,1.496168066672247,1.1
100.0,500.0,2.0,1.222818185070209,1.0396788308976392,1.0225807884595008,1.0
100.0,500.0,2.0,1.3218644057417348,1.1219226527434,1.1813646959921844,1.0
100.0,500.0,2.0,1.1638753907282755,1.0388331370001762,1.0397975924745515,1.1
100.0,500.0,2.0,1.1309016396891192,0.8461441664548126,0.8573231502451222,1.0
100.0,500.0,2.0,1.0562478665008517,0.9501527026639456,0.9820092323848812,1.0
100.0,500.0,2.0,1.2965528560814958,1.2858450201163398,1.2878552183122076,1.0
100.0,500.0,2.0,1.4694285454660505,1.2421940854706113,1.31402880597599,1.0
100.0,500.0,2.0,1.239597848869089,1.1266113728520752,1.1706872962652686,1.0
100.0,500.0,2.0,0.9396631068139424,0.7758503620204567,0.8467977539030367,1.1
100.0,500.0,2.0,1.2075867786381822,0.9710943737266808,1.0096811696893528,1.0
100.0,500.0,2.0,1.4930859658028997,1.3291157751568132,1.3825409951471888,1.0
100.0,500.0,2.0,1.1209236634230026,0.9623171853095838,1.0399988030095544,1.1
100.0,500.0,2.0,1.3532014476376153,1.130794126761192,1.1374522430195222,1.1
100.0,500.0,2.0,1.4277110503618693,1.3580593652554074,1.3778954347049044,1.0
100.0,500.0,2.0,1.3800657394583498,1.206500850497431,1.2447297350248312,1.0
100.0,500.0,2.0,1.5417706089624237,1.3265836767948662,1.424479905048632,1.1
100.0,500.0,2.0,1.3804449335858795,1.1692396653182842,1.232015847806708,1.1
100.0,500.0,2.0,1.844335262338664,1.7715680600851802,1.787542658316006,1.0
100.0,500.0,2.0,1.2224958388072282,1.040844814876451,1.099811257138393,1.1
100.0,500.0,2.0,0.9739130382540232,0.8008446944237028,0.864679037893127,1.0
100.0,500.0,2.0,1.2643236307748955,1.0088507604970398,0.930961245261491,1.1
100.0,500.0,2.0,1.4607438004988795,1.4429346716479965,1.4438537263497866,1.1
100.0,500.0,2.0,1.757072391117796,1.5823173478887889,1.6667544717175928,1.1
100.0,500.0,2.0,1.280097304220036,1.0586727353186487,1.0344670640511515,1.0
100.0,500.0,2.0,0.7601897731303006,0.5463824649214333,0.5916451055042233,1.1
100.0,500.0,2.0,1.449214454831694,1.282783593780882,1.3808949674099968,1.0
100.0,500.0,2.0,1.697912683640784,1.4781977992132114,1.5784283233776089,1.0
100.0,500.0,2.0,1.390897985658234,1.2878769668955936,1.3312565640394491,1.1
100.0,500.0,2.0,1.113911888175513,0.9681601385607894,1.0272634873864643,1.0
100.0,500.0,2.0,1.4796026622107352,1.307814581833377,1.3892983528164642,1.0
100.0,500.0,2.0,1.5498199091649116,1.4948407009191544,1.541047597828369,1.0
100.0,500.0,2.0,0.9812207208584418,0.7767579999464281,0.8840861579659072,1.1
100.0,500.0,2.0,1.1673750556226827,1.0141408412869637,1.0878195205686962,1.0
100.0,500.0,2.0,0.9887131857039972,0.7580386006724855,0.7434043972734194,1.0
100.0,500.0,2.5,1.5395690693875117,1.4689424363842518,1.5080595330263944,1.0
100.0,500.0,2.5,2.032803797221201,1.969708157272947,1.9871097711850667,1.0
100.0,500.0,2.5,1.874125819880001,1.7225340534135447,1.7189258118308477,1.0
100.0,500.0,2.5,2.694815974902064,2.694815974902064,2.694815974902064,1.1
100.0,500.0,2.5,1.8294201166072157,1.8162511908123815,1.818481884853808,1.1
100.0,500.0,2.5,0.7277494072295279,0.5412613643924098,0.6514489761898842,1.1
100.0,500.0,2.5,1.4515995634077417,1.2106736840500498,1.3298809220961216,1.0
100.0,500.0,2.5,1.195101802989795,0.8970841926856322,1.0487967640116822,1.1
100.0,500.0,2.5,1.0726714671835946,0.9285450477903848,1.0300259352513008,1.1
100.0,500.0,2.5,1.2340807027461491,1.07374587705648,1.1387649021434714,1.1
100.0,500.0,2.5,1.2847044388729163,1.033135579547035,1.1093205147224194,1.1
100.0,500.0,2.5,0.9912147346792182,0.8860753762279376,0.9106643895792154,1.1
100.0,500.0,2.5,1.0334911264903552,0.8374601095173345,0.8493823401375691,1.0
100.0,500.0,2.5,0.4839062224326067,0.2047584641563525,0.3522494934962706,1.0
100.0,500.0,2.5,1.250197817286361,1.1630494634049129,1.1781294251620074,1.0
100.0,500.0,2.5,1.6546528339270237,1.5400826158304213,1.5899593577447182,1.1
100.0,500.0,2.5,1.2785227313377612,1.0502298145262463,1.0395368318524063,1.0
100.0,500.0,2.5,1.4023305071771688,1.1541347299278557,1.2331691539676364,1.0
100.0,500.0,2.5,1.1798442384103447,1.0205527654500952,1.019200711384647,1.1
100.0,500.0,2.5,1.1636270496113994,0.808091320435842,0.8269587880975666,1.0
100.0,500.0,2.5,1.0703098331260643,0.9409024570366664,0.9789926696179974,1.0
100.0,500.0,2.5,1.3706910701018695,1.3635061862649385,1.362806080658617,1.0
100.0,500.0,2.5,1.586785681832563,1.3080586589411545,1.4014078750068577,1.0
100.0,500.0,2.5,1.2994973110863617,1.1667945626177456,1.221805891011594,1.0
100.0,500.0,2.5,0.8995788835174281,0.6919480052139371,0.7753771380162239,1.1
100.0,500.0,2.5,1.2594834732977276,0.9672452866286124,1.0175314453666513,1.0
100.0,500.0,2.5,1.6163574572536246,1.4153806584716222,1.488657949569516,1.0
100.0,500.0,2.5,1.1261545792787535,0.925107311102207,1.0202234366459737,1.1
100.0,500.0,2.5,1.416501809547019,1.1351725419362624,1.1390352358028049,1.1
100.0,500.0,2.5,1.5346388129523365,1.451483159575307,1.4752298541908904,1.0
100.0,500.0,2.5,1.4750821743229368,1.2625752501279948,1.3167605613863782,1.0
100.0,500.0,2.5,1.6522132612030296,1.3813930765385938,1.497887776839275,1.1
100.0,500.0,2.5,1.4505561669823497,1.1857998054748635,1.2588134949416974,1.1
100.0,500.0,2.5,2.05541907792333,1.973041724925876,1.984428322895008,1.0
100.0,500.0,2.5,1.2531197985090352,1.0183733865723728,1.0924509921713772,1.1
100.0,500.0,2.5,0.9673912978175292,0.7528347141772129,0.8366913393009401,1.0
100.0,500.0,2.5,1.3054045384686197,0.9856294877450826,0.8752475532037349,1.1
100.0,500.0,2.5,1.5509297506235995,1.5259344306806564,1.528575263090735,1.1
100.0,500.0,2.5,1.9213404888972447,1.6989323031574717,1.8001898798036824,1.1
100.0,500.0,2.5,1.3501216302750452,1.0748373229503303,1.0514221829637225,1.0
100.0,500.0,2.5,0.6752372164128757,0.4053122189293738,0.4568510447246635,1.1
100.0,500.0,2.5,1.5615180685396173,1.360812931758738,1.4771352314961177,1.0
100.0,500.0,2.5,1.8723908545509804,1.6049599870065188,1.724955035953777,1.0
100.0,500.0,2.5,1.4636224820727926,1.3333394261168112,1.3842132311980582,1.1
100.0,500.0,2.5,1.1423898602193914,0.9630339536396542,1.0381232180936135,1.0
100.0,500.0,2.5,1.5995033277634192,1.3876682263289908,1.4895607818740235,1.0
100.0,500.0,2.5,1.6872748864561395,1.6185508761489429,1.6777733662355423,1.0
100.0,500.0,2.5,0.951525901073052,0.6885095065869804,0.8267886404653351,1.1
100.0,500.0,2.5,1.2092188195283535,1.0230424169526855,1.1127507368375316,1.0
100.0,500.0,2.5,0.9858914821299966,0.6983685432536703,0.6857177481659127,1.0
100.0,500.0,3.0,1.6474828832650137,1.5660808662454078,1.6135612216165922,1.0
100.0,500.0,3.0,2.239364556665441,2.179062133379163,2.18767273433131,1.0
100.0,500.0,3.0,2.0489509838560016,1.871682310731544,1.867748901847708,1.0
100.0,500.0,3.0,3.013779169882477,3.013779169882477,3.013779169882477,1.1
100.0,500.0,3.0,1.9753041399286584,1.9595014289748585,1.9621782618245696,1.1
100.0,500.0,3.0,0.6532992886754334,0.4250451758971308,0.557634316415563,1.1
100.0,500.0,3.0,1.5419194760892898,1.25692849055446,1.4002969339712033,1.0
100.0,500.0,3.0,1.214122163587754,0.8542037338536379,1.0337912248910677,1.1
100.0,500.0,3.0,1.0672057606203136,0.8917428780545802,1.0152897701884072,1.1
100.0,500.0,3.0,1.260896843295379,1.0631038493671388,1.1442486719474685,1.1
100.0,500.0,3.0,1.3216453266475,1.0192082462602592,1.1084873794024568,1.1
100.0,500.0,3.0,0.9694576816150614,0.8398475814482241,0.8720025180991459,1.1
100.0,500.0,3.0,1.0401893517884266,0.8081374055259887,0.8261379891039907,1.0
100.0,500.0,3.0,0.3806874669191279,0.0465653468330228,0.2214820638912812,1.0
100.0,500.0,3.0,1.3002373807436334,1.1956593560858952,1.2160857258599076,1.0
100.0,500.0,3.0,1.7655834007124285,1.6184792501952272,1.6863221454253583,1.1
100.0,500.0,3.0,1.3342272776053132,1.0605160255196675,1.0493864771892267,1.0
100.0,500.0,3.0,1.4827966086126023,1.1872212390198087,1.2835108714689183,1.0
100.0,500.0,3.0,1.1958130860924134,0.9967114827270404,0.9954736736436234,1.1
100.0,500.0,3.0,1.1963524595336792,0.7703719194218116,0.7943814389114441,1.0
100.0,500.0,3.0,1.0843717997512772,0.9369782976765249,0.9785416455225632,1.0
100.0,500.0,3.0,1.4448292841222437,1.436207423517926,1.4353672967903406,1.0
100.0,500.0,3.0,1.7041428181990756,1.3696703907293857,1.489106228098684,1.0
100.0,500.0,3.0,1.3593967733036334,1.2031267205211813,1.2721935144330203,1.0
100.0,500.0,3.0,0.8594946602209139,0.6096897003651426,0.7062620362505561,1.1
100.0,500.0,3.0,1.311380167957273,0.9649848065420006,1.0215491238005587,1.0
100.0,500.0,3.0,1.73962894870435,1.505931260293945,1.5905424741084695,1.0
100.0,500.0,3.0,1.131385495134504,0.8869282516169881,1.0005303441484272,1.1
100.0,500.0,3.0,1.4798021714564225,1.1361733795733802,1.1404017074990531,1.1
100.0,500.0,3.0,1.641566575542804,1.5417797914903686,1.5718415033501298,1.0
100.0,500.0,3.0,1.5700986091875244,1.3164861045420744,1.392778786390101,1.0
100.0,500.0,3.0,1.7626559134436353,1.4357151715577832,1.5783652565218984,1.1
100.0,500.0,3.0,1.5206674003788194,1.2025648239438114,1.2815263445180327,1.1
100.0,500.0,3.0,2.2665028935079965,2.170291336349301,2.1856538041401268,1.0
100.0,500.0,3.0,1.2837437582108422,0.996072504671478,1.0827875743854478,1.1
100.0,500.0,3.0,0.9608695573810352,0.7111553632950296,0.8074735586191911,1.0
100.0,500.0,3.0,1.3464854461623432,0.9627553852940988,0.8209199579069693,1.1
100.0,500.0,3.0,1.6411157007483193,1.6111213168167875,1.6142903157088817,1.1
100.0,500.0,3.0,2.0856085866766936,1.8095612002413028,1.934605018822989,1.1
100.0,500.0,3.0,1.4201459563300542,1.090824197032794,1.0664881246284308,1.0
100.0,500.0,3.0,0.5902846596954507,0.2648549379017486,0.3218045766016487,1.1
100.0,500.0,3.0,1.673821682247541,1.4329755181104853,1.5805604362254335,1.0
100.0,500.0,3.0,2.0468690254611768,1.7282388637395378,1.8747794455239613,1.0
100.0,500.0,3.0,1.5363469784873507,1.372879428737202,1.4385442551480037,1.1
100.0,500.0,3.0,1.1708678322632695,0.958058288906364,1.0539245752577413,1.0
100.0,500.0,3.0,1.719403993316103,1.4705392381477804,1.5880556252774012,1.0
100.0,500.0,3.0,1.8247298637473677,1.74556380147434,1.8140348594137856,1.0
100.0,500.0,3.0,0.9218310812876624,0.6014895528943871,0.7711726042195819,1.1
100.0,500.0,3.0,1.251062583434024,1.0341943489104162,1.1353234132806964,1.0
100.0,500.0,3.0,0.9830697785559958,0.6401165337164363,0.633464217208467,1.0
100.0,500.0,4.0,1.863310511020018,1.7640027109731626,1.8213322197078572,1.0
100.0,500.0,4.0,2.652486075553921,2.576237989485397,2.5845315162997453,1.0
100.0,500.0,4.0,2.3986013118080014,2.165383868810055,2.165123966454826,1.0
100.0,500.0,4.0,3.651705559843302,3.651705559843303,3.651705559843303,1.1
100.0,500.0,4.0,2.2670721865715446,2.241193173472377,2.2468030683343256,1.1
100.0,500.0,4.0,0.5043990515672447,0.1900522176633874,0.3686677612641384,1.1
100.0,500.0,4.0,1.7225593014523866,1.3556665020422396,1.536771479596713,1.0
100.0,500.0,4.0,1.252162884783672,0.768564087399674,1.0066249946021557,1.1
100.0,500.0,4.0,1.0562743474937517,0.8157587178002705,0.9877924508191672,1.1
100.0,500.0,4.0,1.314529124393839,1.0403574092504828,1.1500707621205777,1.1
100.0,500.0,4.0,1.3955271021966664,0.9898252168915638,1.101061177231858,1.1
100.0,500.0,4.0,0.9259435754867484,0.7420211391384675,0.7960033574655279,1.1
100.0,500.0,4.0,1.0535858023845686,0.7485157621791142,0.7841335784528828,1.0
100.0,500.0,4.0,0.1742499558921706,-0.2696031093909744,-0.0361778110402228,1.0
100.0,500.0,4.0,1.4003165076581778,1.265725745326117,1.2881143011465437,1.0
100.0,500.0,4.0,1.9874445342832376,1.786273199789245,1.874621752753153,1.1
100.0,500.0,4.0,1.4456363701404178,1.0825619908802024,1.0781164049935057,1.0
100.0,500.0,4.0,1.6437288114834694,1.255321272489562,1.3949558543707692,1.0
100.0,500.0,4.0,1.2277507814565518,0.940449384363889,0.952103630246976,1.1
100.0,500.0,4.0,1.2618032793782388,0.695196805415903,0.7325432477951715,1.0
100.0,500.0,4.0,1.112495733001703,0.918657185174612,0.9778155081513772,1.0
100.0,500.0,4.0,1.5931057121629912,1.5816098980239008,1.5834034043480891,1.0
100.0,500.0,4.0,1.938857090932101,1.4937796872410245,1.6515135779562142,1.0
100.0,500.0,4.0,1.4791956977381782,1.2749555272151296,1.3694520292590928,1.0
100.0,500.0,4.0,0.7793262136278851,0.4422734644081742,0.5731978797874808,1.1
100.0,500.0,4.0,1.415173557276364,0.9636558672621572,1.0290717800290197,1.0
100.0,500.0,4.0,1.9861719316058,1.6797513953519043,1.7935081648772968,1.0
100.0,500.0,4.0,1.1418473268460052,0.8076608121478954,0.9675963078461228,1.1
100.0,500.0,4.0,1.6064028952752296,1.1444250095336872,1.1382162313967008,1.1
100.0,500.0,4.0,1.8554221007237384,1.7288945906726736,1.7647830602806311,1.0
100.0,500.0,4.0,1.760131478916699,1.4239339972191656,1.5276342763428012,1.0
100.0,500.0,4.0,1.9835412179248468,1.5459702457477469,1.7272841852661087,1.1
100.0,500.0,4.0,1.6608898671717591,1.2357522546116506,1.339402341377828,1.1
100.0,500.0,4.0,2.6886705246773284,2.5639592097891137,2.5931697516092846,1.0
100.0,500.0,4.0,1.3449916776144564,0.9497478933994732,1.075589643639472,1.1
100.0,500.0,4.0,0.9478260765080466,0.6256426319824955,0.7483878311964972,1.0
100.0,500.0,4.0,1.428647261549791,0.9171065147811576,0.7236649972185248,1.1
100.0,500.0,4.0,1.8214876009977592,1.7772574578734868,1.781282632151916,1.1
100.0,500.0,4.0,2.4141447822355917,2.036081752805278,2.2071845833921357,1.1
100.0,500.0,4.0,1.5601946084400722,1.1237709630577004,1.107769418415328,1.0
100.0,500.0,4.0,0.4203795462606009,-0.0144678051721241,0.058947660067763,1.1
100.0,500.0,4.0,1.898428909663388,1.5827576004019273,1.783866129966039,1.0
100.0,500.0,4.0,2.395825367281569,1.9804407593460212,2.1690426514271524,1.0
100.0,500.0,4.0,1.681795971316468,1.4569171369174967,1.54552521949738,1.1
100.0,500.0,4.0,1.227823776351026,0.9523961148580432,1.0743970146211637,1.0
100.0,500.0,4.0,1.9592053244214709,1.642068365768032,1.7878367304395204,1.0
100.0,500.0,4.0,2.0996398183298237,1.998558899326904,2.085379812551714,1.0
100.0,500.0,4.0,0.8624414417168833,0.426993807642766,0.6586041848261571,1.1
100.0,500.0,4.0,1.3347501112453652,1.0575129850130145,1.1855111983663982,1.0
100.0,500.0,4.0,0.9774263714079944,0.5286939975011511,0.517283639175055,1.0
100.0,500.0,5.0,2.079138138775023,1.9579629415462156,2.0266652746348224,1.0
100.0,500.0,5.0,3.065607594442402,2.970297486856747,2.984300897130191,1.0
100.0,500.0,5.0,2.7482516397600025,2.456729836012569,2.462379673263797,1.0
100.0,500.0,5.0,4.289631949804128,4.289631949804127,4.289631949804129,1.1
100.0,500.0,5.0,2.558840233214431,2.526491466840471,2.533503835417908,1.1
100.0,500.0,5.0,0.3554988144590559,-0.0408414358368358,0.1787488656858804,1.1
100.0,500.0,5.0,1.903199126815483,1.4542190097980887,1.6734739335248827,1.0
100.0,500.0,5.0,1.2902036059795896,0.6845092871781663,0.9831479715707432,1.1
100.0,500.0,5.0,1.0453429343671896,0.7406626047506871,0.9570339896786948,1.1
100.0,500.0,5.0,1.3681614054922986,1.02334033739838,1.162669778320012,1.1
100.0,500.0,5.0,1.4694088777458334,0.9604511817714162,1.094462336562129,1.1
100.0,500.0,5.0,0.8824294693584357,0.6415966645821547,0.7157301465593563,1.1
100.0,500.0,5.0,1.0669822529807105,0.693972485493367,0.7344299380411208,1.0
100.0,500.0,5.0,-0.0321875551347865,-0.5860089670979777,-0.2985699101371962,1.0
100.0,500.0,5.0,1.5003956345727216,1.3321571816576456,1.363319611311273,1.0
100.0,500.0,5.0,2.2093056678540477,1.9455401526145784,2.0662962502783038,1.1
100.0,500.0,5.0,1.557045462675522,1.104628750472206,1.1036188353520926,1.0
100.0,500.0,5.0,1.804661014354337,1.3235067407012184,1.5036165042230003,1.0
100.0,500.0,5.0,1.2596884768206895,0.9005617304548612,0.9054183957184508,1.1
100.0,500.0,5.0,1.3272540992227984,0.6202328912297052,0.6656790597439644,1.0
100.0,500.0,5.0,1.1406196662521284,0.901750295979696,0.9796476469473964,1.0
100.0,500.0,5.0,1.7413821402037393,1.7334715320558205,1.7292542554351118,1.0
100.0,500.0,5.0,2.1735713636651264,1.6195744051705976,1.8223250217219424,1.0
100.0,500.0,5.0,1.5989946221727227,1.346319797174684,1.464485914253704,1.0
100.0,500.0,5.0,0.6991577670348565,0.2732401803748386,0.4337022862091321,1.1
100.0,500.0,5.0,1.5189669465954552,0.9545698340776968,1.0446481136825452,1.0
100.0,500.0,5.0,2.23271491450725,1.85412978403395,1.9943176246613852,1.0
100.0,500.0,5.0,1.1523091585575065,0.7312720823740864,0.9330154250090338,1.1
100.0,500.0,5.0,1.733003619094037,1.1521882723663015,1.145544938183629,1.1
100.0,500.0,5.0,2.069277625904673,1.9111182383408412,1.9567034720986776,1.0
100.0,500.0,5.0,1.9501643486458735,1.5348960550108286,1.665163221467205,1.0
100.0,500.0,5.0,2.204426522406058,1.656522351404901,1.878223102811144,1.1
100.0,500.0,5.0,1.8011123339646988,1.2690246178086104,1.393214917399832,1.1
100.0,500.0,5.0,3.11083815584666,2.9549490122363915,2.9914621895116054,1.0
100.0,500.0,5.0,1.4062395970180706,0.9027507430624138,1.0609411156089064,1.1
100.0,500.0,5.0,0.9347825956350584,0.5380445485598697,0.6973655959097529,1.0
100.0,500.0,5.0,1.5108090769372389,0.8716953175114182,0.6197607853382497,1.1
100.0,500.0,5.0,2.0018595012471985,1.946571822341857,1.9516032901898943,1.1
100.0,500.0,5.0,2.742680977794489,2.2701021910065977,2.483053474860903,1.1
100.0,500.0,5.0,1.7002432605500908,1.1583917042653675,1.150059119368554,1.0
100.0,500.0,5.0,0.2504744328257512,-0.2964428011270804,-0.2090356964266363,1.1
100.0,500.0,5.0,2.1230361370792346,1.7331195404037674,1.979809432702291,1.0
100.0,500.0,5.0,2.7447817091019613,2.2275775463887766,2.469532809754159,1.0
100.0,500.0,5.0,1.8272449641455848,1.5433038170377371,1.6546475726532082,1.1
100.0,500.0,5.0,1.2847797204387827,0.942624555477962,1.0982608003662655,1.0
100.0,500.0,5.0,2.1990066555268384,1.808809256494485,1.9919343925351471,1.0
100.0,500.0,5.0,2.374549772912279,2.24819862415863,2.356724765689643,1.0
100.0,500.0,5.0,0.803051802146104,0.2573329766228175,0.5443720745333318,1.1
100.0,500.0,5.0,1.4184376390567066,1.0794835967031648,1.2362674775601308,1.0
100.0,500.0,5.0,0.9717829642599928,0.4145705988851578,0.4104785434899201,1.0
100.0,500.0,6.0,2.294965766530027,2.156667196157443,2.230871171883702,1.0
100.0,500.0,6.0,3.478729113330881,3.364356984228095,3.381161076556229,1.0
100.0,500.0,6.0,3.097901967712003,2.748075803215083,2.766994473900503,1.0
100.0,500.0,6.0,4.927558339764953,4.927558339764953,4.927558339764953,1.1
100.0,500.0,6.0,2.850608279857316,2.8117897602085646,2.8202046025014877,1.1
100.0,500.0,6.0,0.206598577350867,-0.2750477583091336,-0.0039003487376464,1.1
100.0,500.0,6.0,2.08383895217858,1.548032830905787,1.827578901105252,1.0
100.0,500.0,6.0,1.3282443271755078,0.6000615420824615,0.9517549955979256,1.1
100.0,500.0,6.0,1.0344115212406273,0.6687951257008243,0.9231419613880152,1.1
100.0,500.0,6.0,1.4217936865907586,1.0005613330469942,1.1680062323309923,1.1
100.0,500.0,6.0,1.5432906532949997,0.9315969044699394,1.0865007810394958,1.1
100.0,500.0,6.0,0.8389153632301226,0.5402364084392127,0.6299976821786119,1.1
100.0,500.0,6.0,1.0803787035768526,0.6395469161554173,0.6889480135062782,1.0
100.0,500.0,6.0,-0.2386250661617441,-0.900085508122791,-0.5536017317870768,1.0
100.0,500.0,6.0,1.6004747614872663,1.3985886179891749,1.4359835335735285,1.0
100.0,500.0,6.0,2.431166801424857,2.103728372861899,2.254130859276503,1.1
100.0,500.0,6.0,1.6684545552106265,1.1278968250267412,1.1242942989709763,1.0
100.0,500.0,6.0,1.9655932172252044,1.389560244612858,1.6045235099172532,1.0
100.0,500.0,6.0,1.2916261721848274,0.8544622495577172,0.8619914002188331,1.1
100.0,500.0,6.0,1.3927049190673584,0.5448160976824036,0.5988148716927573,1.0
100.0,500.0,6.0,1.168743599502554,0.8904237302710494,0.9773825433172088,1.0
100.0,500.0,6.0,1.8896585682444869,1.880165838466984,1.875105106522134,1.0
100.0,500.0,6.0,2.408285636398152,1.7494164177944125,1.9944622021653788,1.0
100.0,500.0,6.0,1.7187935466072668,1.4188103015556748,1.5622238525982923,1.0
100.0,500.0,6.0,0.6189893204418279,0.1036446341039755,0.2993453105214574,1.1
100.0,500.0,6.0,1.622760335914546,0.9502087295835352,1.0535777364190542,1.0
100.0,500.0,6.0,2.4792578974087,2.027668842232804,2.2112541951140234,1.0
100.0,500.0,6.0,1.1627709902690078,0.6421474924043858,0.8970455529989196,1.1
100.0,500.0,6.0,1.8596043429128448,1.158748114844823,1.1546539258203548,1.1
100.0,500.0,6.0,2.2831331510856074,2.0983343112974118,2.148044166518414,1.0
100.0,500.0,6.0,2.1401972183750484,1.653914660100509,1.8052178225224025,1.0
100.0,500.0,6.0,2.4253118268872704,1.766849139523794,2.0318465969722075,1.1
100.0,500.0,6.0,1.9473237565758548,1.3082439154313574,1.222445073420643,1.0
100.0,500.0,6.0,3.5330057870159925,3.34593881468367,3.395944299349019,1.0
100.0,500.0,6.0,1.4674875164216843,0.8605426563981339,1.0496949688293504,1.1
100.0,500.0,6.0,0.92173911476207,0.4481000952643674,0.6368387150917036,1.0
100.0,500.0,6.0,1.5929708923246864,0.8260343810137013,0.5129758675222642,1.1
100.0,500.0,6.0,2.182231401496638,2.1158861868102288,2.121923948227873,1.1
100.0,500.0,6.0,3.0712171733533875,2.498411529089605,2.7596641698330844,1.1
100.0,500.0,6.0,1.8402919126601085,1.1973867647075758,1.181131876707764,1.0
100.0,500.0,6.0,0.0805693193909014,-0.5769922317683887,-0.4680199308360373,1.1
100.0,500.0,6.0,2.347643364495082,1.8825966763913984,2.177616181869742,1.0
100.0,500.0,6.0,3.093738050922353,2.480584481926521,2.7634393717049903,1.0
100.0,500.0,6.0,1.9726939569747013,1.628637281600834,1.76557708718385,1.1
100.0,500.0,6.0,1.3417356645265393,0.933771399237487,1.1247012749531862,1.0
100.0,500.0,6.0,2.438807986632206,1.9781163609263808,2.193614736754684,1.0
100.0,500.0,6.0,2.649459727494735,2.4978383489903564,2.628069718827572,1.0
100.0,500.0,6.0,0.7436621625753246,0.0887995719473805,0.431041067038538,1.1
100.0,500.0,6.0,1.5021251668680478,1.109183737556134,1.2835209730721568,1.0
100.0,500.0,6.0,0.9661395571119912,0.3020517237512676,0.3176199524965689,1.0
100.0,500.0,7.0,2.510793394285032,2.3536459261311284,2.436016367197652,1.0
100.0,500.0,7.0,3.891850632219362,3.7584164815994447,3.778021255982268,1.0
100.0,500.0,7.0,3.4475522956640035,3.0394217704175968,3.064898972372616,1.0
100.0,500.0,7.0,5.56548472972578,5.56548472972578,5.565484729725781,1.1
100.0,500.0,7.0,3.1423763265002025,3.097088053576659,3.106905369585069,1.1
100.0,500.0,7.0,0.0576983402426784,-0.5065206021488002,-0.1878837401939206,1.1
100.0,500.0,7.0,2.264478777541677,1.6463548325533737,1.965508717956128,1.0
100.0,500.0,7.0,1.3662850483714255,0.5159745687700046,0.9263689410565528,1.1
100.0,500.0,7.0,1.0234801081140654,0.5913526416478223,0.8867361565001735,1.1
100.0,500.0,7.0,1.475425967689218,0.9782959262287528,1.17828225748039,1.1
100.0,500.0,7.0,1.6171724288441665,0.9031924999428774,1.0760809631045347,1.1
100.0,500.0,7.0,0.7954012571018099,0.4320118011673413,0.5516639625417141,1.1
100.0,500.0,7.0,1.0937751541729943,0.5834714384113258,0.640037523247987,1.0
100.0,500.0,7.0,-0.4450625771887015,-1.2144282684134082,-0.8097041784951294,1.0
100.0,500.0,7.0,1.7005538884018103,1.4650200543207044,1.508647455835783,1.0
100.0,500.0,7.0,2.6530279349956665,2.26680059270213,2.435334072876932,1.1
100.0,500.0,7.0,1.7798636477457308,1.1509903623729103,1.1450100154661391,1.0
100.0,500.0,7.0,2.126525420096072,1.4577283797531848,1.7076438532109586,1.0
100.0,500.0,7.0,1.3235638675489654,0.8087825448772765,0.8172276421220962,1.1
100.0,500.0,7.0,1.458155738911918,0.4703265937910008,0.5421989687150035,1.0
100.0,500.0,7.0,1.1968675327529796,0.8721610186495579,0.9819743468266156,1.0
100.0,500.0,7.0,2.0379349962852347,2.026860144878148,2.0209559576091567,1.0
100.0,500.0,7.0,2.642999909131177,1.8796268728808772,2.159460302520204,1.0
100.0,500.0,7.0,1.838592471041812,1.4924287481468337,1.657723185691281,1.0
100.0,500.0,7.0,0.5388208738487992,-0.0647671406713029,0.1661174000331564,1.1
100.0,500.0,7.0,1.7265537252336371,0.9419101845141246,1.0729835666042011,1.0
100.0,500.0,7.0,2.7258008803101506,2.202172480984619,2.4119518295746376,1.0
100.0,500.0,7.0,1.173232821980509,0.5636363833089191,0.8534851683010938,1.1
100.0,500.0,7.0,1.9862050667316515,1.1685394673189595,1.1617118011680647,1.1
100.0,500.0,7.0,2.4969886762665414,2.281390029846979,2.339384860938148,1.0
100.0,500.0,7.0,2.3302300881042237,1.770026736442292,1.9394207929428031,1.0
100.0,500.0,7.0,2.646197131368482,1.8769189445170775,2.1880044140945194,1.1
100.0,500.0,7.0,2.105211049338497,1.3594640906529247,1.270216332510261,1.0
100.0,500.0,7.0,3.955173418185324,3.736928617130948,3.7952683492405215,1.0
100.0,500.0,7.0,1.5287354358252991,0.8174332623399705,1.0443917438639456,1.1
100.0,500.0,7.0,0.9086956338890816,0.3590112018372926,0.5763118342736541,1.0
100.0,500.0,7.0,1.6751327077121343,0.7805856207199876,0.4060863463646669,1.1
100.0,500.0,7.0,2.362603301746078,2.2852005512786007,2.292244606265852,1.1
100.0,500.0,7.0,3.399753368912285,2.731480117271205,3.0362748648052644,1.1
100.0,500.0,7.0,1.9803405647701269,1.2313811078994674,1.215349813515597,1.0
100.0,500.0,7.0,-0.0893357940439483,-0.8593789469991899,-0.7343057522172041,1.1
100.0,500.0,7.0,2.5722505919109286,2.0431121295875263,2.3799844240901504,1.0
100.0,500.0,7.0,3.4426943927427454,2.727348562247608,3.0573459336558217,1.0
100.0,500.0,7.0,2.1181429498038185,1.7090407195724795,1.8765066017144916,1.1
100.0,500.0,7.0,1.398691608614296,0.9289519824371728,1.154191395687362,1.0
100.0,500.0,7.0,2.678609317737574,2.150018764811405,2.394677281388133,1.0
100.0,500.0,7.0,2.9243696820771907,2.7474780738220823,2.9037356264437744,1.0
100.0,500.0,7.0,0.6842725230045457,-0.0835699349342047,0.3195479115449615,1.1
100.0,500.0,7.0,1.5858126946793891,1.127381027148823,1.3349707893153304,1.0
100.0,500.0,7.0,0.9604961499639896,0.1911398169667459,0.2038899445793304,1.0
100.0,500.0,8.0,2.726621022040036,2.5470239155784333,2.6411615625116025,1.0
100.0,500.0,8.0,4.304972151107842,4.152475978970794,4.174881435408305,1.0
100.0,500.0,8.0,3.797202623616004,3.3307677376201106,3.3598845398544177,1.0
100.0,500.0,8.0,6.203411119686605,6.203411119686605,6.2034111196866055,1.1
100.0,500.0,8.0,3.4341443731430887,3.3823863469447537,3.3936061366686503,1.1
100.0,500.0,8.0,-0.0912018968655102,-0.7386104249492592,-0.3790899950120706,1.1
100.0,500.0,8.0,2.4451186029047736,1.7467310614928604,2.111776454594244,1.0
100.0,500.0,8.0,1.4043257695673437,0.4308854514255823,0.8928887348698681,1.1
100.0,500.0,8.0,1.0125486949875038,0.512375563368561,0.8562698931430557,1.1
100.0,500.0,8.0,1.529058248787678,0.9609096299757176,1.178366565643962,1.1
100.0,500.0,8.0,1.6910542043933332,0.8750771427918598,1.066662994329972,1.1
100.0,500.0,8.0,0.751887150973497,0.3365849156198186,0.473330242904816,1.1
100.0,500.0,8.0,1.107171604769137,0.5239673581843723,0.5948513482731737,1.0
100.0,500.0,8.0,-0.6515000882156587,-1.5298422580242206,-1.0645934771924153,1.0
100.0,500.0,8.0,1.8006330153163548,1.5314514906522332,1.5813113780980372,1.0
100.0,500.0,8.0,2.874889068566476,2.4144012946315185,2.619093960616321,1.1
100.0,500.0,8.0,1.8912727402808351,1.1746953922409349,1.1691135816954974,1.0
100.0,500.0,8.0,2.287457622966939,1.5250152063125395,1.808735832241096,1.0
100.0,500.0,8.0,1.3555015629131035,0.7671800512883163,0.7760233434679574,1.1
100.0,500.0,8.0,1.5236065587564778,0.3963026799909424,0.4753261607633476,1.0
100.0,500.0,8.0,1.2249914660034054,0.8595320159736624,0.9851177111850408,1.0
100.0,500.0,8.0,2.1862114243259825,2.173554451289313,2.1668068086961787,1.0
100.0,500.0,8.0,2.8777141818642025,2.009388133056879,2.3324614968452635,1.0
100.0,500.0,8.0,1.958391395476356,1.5671642490341584,1.7516836407900356,1.0
100.0,500.0,8.0,0.4586524272557704,-0.233832048545593,0.032705600037893,1.1
100.0,500.0,8.0,1.830347114552728,0.9336116394447134,1.0834097904048012,1.0
100.0,500.0,8.0,2.9723438632116004,2.3776199661514643,2.6175180371116578,1.0
100.0,500.0,8.0,1.1836946536920103,0.4870130094959075,0.8083964399436853,1.1
100.0,500.0,8.0,2.112805790550459,1.1783308197930973,1.1705277727635028,1.1
100.0,500.0,8.0,2.7108442014474763,2.4644457483965483,2.5307255553578845,1.0
100.0,500.0,8.0,2.520262957833398,1.884149407692228,2.073623763363204,1.0
100.0,500.0,8.0,2.867082435849693,1.9867927051463368,2.3434336161080216,1.1
100.0,500.0,8.0,2.26309834210114,1.4108161036033424,1.3094806285114506,1.0
100.0,500.0,8.0,4.377341049354656,4.127918419578227,4.194592399132024,1.0
100.0,500.0,8.0,1.589983355228913,0.7770665855313947,1.0364477072730809,1.1
100.0,500.0,8.0,0.8956521530160938,0.2674413735283351,0.5157849534556054,1.0
100.0,500.0,8.0,1.7572945230995818,0.734954995108557,0.3079813552403181,1.1
100.0,500.0,8.0,2.5429752019955174,2.454514915746972,2.462565264303831,1.1
100.0,500.0,8.0,3.728289564471184,2.9608330054387637,3.3034795197753297,1.1
100.0,500.0,8.0,2.1203892168801453,1.2644355518851058,1.2461140725892532,1.0
100.0,500.0,8.0,-0.2592409074787984,-1.1408992852668476,-1.009037486654632,1.1
100.0,500.0,8.0,2.796857819326775,2.192128148100029,2.577125056103029,1.0
100.0,500.0,8.0,3.7916507345631385,2.977522768508057,3.3512524956066545,1.0
100.0,500.0,8.0,2.263591942632935,1.7873079323069627,1.97670836925123,1.1
100.0,500.0,8.0,1.4556475527020525,0.9259775050266584,1.180545353269706,1.0
100.0,500.0,8.0,2.918410648842941,2.329670356770206,2.5939168930150083,1.0
100.0,500.0,8.0,3.1992796366596465,2.997117798653808,3.179082727986656,1.0
100.0,500.0,8.0,0.6248828834337663,-0.2526513542105199,0.2044947439886044,1.1
100.0,500.0,8.0,1.6695002224907305,1.145578316741512,1.3828237592175208,1.0
100.0,500.0,8.0,0.954852742815988,0.0755883622477098,0.1104639810483374,1.0
100.0,500.0,9.0,2.9424486497950406,2.7404019050257373,2.8477602099887918,1.0
100.0,500.0,9.0,4.718093669996323,4.546535476342146,4.5717416148343455,1.0
100.0,500.0,9.0,4.146852951568005,3.629537975752154,3.6548701073362206,1.0
100.0,500.0,9.0,6.841337509647431,6.84133750964743,6.841337509647431,1.1
100.0,500.0,9.0,3.725912419785975,3.667684640312848,3.680306903752232,1.1
100.0,500.0,9.0,-0.2401021339736991,-0.9684367280679168,-0.5752140359513476,1.1
100.0,500.0,9.0,2.6257584282678703,1.84462021788476,2.254611665722384,1.0
100.0,500.0,9.0,1.4423664907632616,0.3472461328537801,0.860093904522335,1.1
100.0,500.0,9.0,1.0016172818609417,0.4389225087896308,0.8258036297859371,1.1
100.0,500.0,9.0,1.582690529886138,0.9399226258939408,1.1940510149996992,1.1
100.0,500.0,9.0,1.7649359799424995,0.8469617856408422,1.053820845331943,1.1
100.0,500.0,9.0,0.7083730448451842,0.241158030072296,0.3893416905723698,1.1
100.0,500.0,9.0,1.1205680553652786,0.4696600746391368,0.5442077668073201,1.0
100.0,500.0,9.0,-0.8579375992426159,-1.846072540277248,-1.3209118177013064,1.0
100.0,500.0,9.0,1.9007121422308997,1.6091640814302737,1.6627005066148484,1.0
100.0,500.0,9.0,3.096750202137285,2.5787014564604585,2.8045163603584093,1.1
100.0,500.0,9.0,2.0026818328159397,1.1973518214704024,1.1922460589985473,1.0
100.0,500.0,9.0,2.4483898258378067,1.590642107101607,1.9095884496241973,1.0
100.0,500.0,9.0,1.3874392582772412,0.7225878462203917,0.735526261401452,1.1
100.0,500.0,9.0,1.5890573786010376,0.3217818093731563,0.4097419308587662,1.0
100.0,500.0,9.0,1.253115399253831,0.8483358054834558,0.983257425083171,1.0
100.0,500.0,9.0,2.3344878523667303,2.3202487577004764,2.312657659783201,1.0
100.0,500.0,9.0,3.112428454597228,2.1355616496889884,2.4938371309001788,1.0
100.0,500.0,9.0,2.0781903199109006,1.6430328090548354,1.84564409588879,1.0
100.0,500.0,9.0,0.3784839806627418,-0.400561054613792,-0.1007061999573702,1.1
100.0,500.0,9.0,1.934140503871819,0.9289555054940756,1.093836014205401,1.0
100.0,500.0,9.0,3.21888684611305,2.554016256492829,2.8197077917506146,1.0
100.0,500.0,9.0,1.1941564854035118,0.4103896356828961,0.7719459949366461,1.1
100.0,500.0,9.0,2.239406514369266,1.188122172267234,1.1769564517371691,1.1
100.0,500.0,9.0,2.924699726628411,2.6627071064090964,2.72206624977762,1.0
100.0,500.0,9.0,2.7102958275625726,1.9993104905813333,2.2128421482176104,1.0
100.0,500.0,9.0,3.087967740330905,2.097641793289629,2.492256433020985,1.1
100.0,500.0,9.0,2.4209856348637824,1.46216811655376,1.348165707075382,1.0
100.0,500.0,9.0,4.799508680523989,4.518908222025505,4.593916449023527,1.0
100.0,500.0,9.0,1.6512312746325273,0.7366999087228193,1.0285036706822153,1.1
100.0,500.0,9.0,0.882608672143105,0.1834288200020458,0.4552580726375555,1.0
100.0,500.0,9.0,1.8394563384870304,0.6893243694971278,0.1956486825715719,1.1
100.0,500.0,9.0,2.723347102244957,2.623829280215344,2.632885922341809,1.1
100.0,500.0,9.0,4.056825760030081,3.185118702653112,3.5789144597472458,1.1
100.0,500.0,9.0,2.2604378689901634,1.3004694102996304,1.2768783316629104,1.0
100.0,500.0,9.0,-0.4291460209136477,-1.4210116959252028,-1.2866621640815457,1.1
100.0,500.0,9.0,3.0214650467426223,2.3455235935421386,2.776883949462742,1.0
100.0,500.0,9.0,4.14060707638353,3.2247131145715637,3.6474875147625054,1.0
100.0,500.0,9.0,2.4090409354620523,1.868319761061028,2.0880692010545814,1.1
100.0,500.0,9.0,1.5126034967898088,0.9167246931549904,1.203113522428419,1.0
100.0,500.0,9.0,3.1582119799483084,2.495879151366481,2.795951920019552,1.0
100.0,500.0,9.0,3.474189591242103,3.2571423307496223,3.451468068984989,1.0
100.0,500.0,9.0,0.5654932438629867,-0.4265052822262546,0.0925565869871795,1.1
100.0,500.0,9.0,1.7531877503020716,1.1707958674474903,1.4306767291197104,1.0
100.0,500.0,9.0,0.9492093356679868,-0.0364196716292349,0.0017810281880159,1.0
100.0,500.0,10.0,3.158276277550046,2.9398843043736718,3.053066899987546,1.0
100.0,500.0,10.0,5.131215188884804,4.940594973713494,4.970309383463633,1.0
100.0,500.0,10.0,4.496503279520005,3.92170886194684,3.949855674818023,1.0
100.0,500.0,10.0,7.479263899608256,7.479263899608257,7.479263899608257,1.1
100.0,500.0,10.0,4.017680466428861,3.941363597043385,3.9670076708358137,1.1
100.0,500.0,10.0,-0.3890023710818877,-1.1982630311865738,-0.7648782797293259,1.1
100.0,500.0,10.0,2.806398253630966,1.938466908760843,2.398161951819133,1.0
100.0,500.0,10.0,1.4804072119591791,0.2626289588974488,0.8334376716914831,1.1
100.0,500.0,10.0,0.9906858687343796,0.3654694542107011,0.7987840559067536,1.1
100.0,500.0,10.0,1.6363228109845975,0.9181681124123302,1.2045011277774436,1.1
100.0,500.0,10.0,1.8388177554916665,0.8184695702737037,1.0502135925332512,1.1
100.0,500.0,10.0,0.6648589387168714,0.1457311445247735,0.3103796561915224,1.1
100.0,500.0,10.0,1.1339645059614207,0.4107334162657078,0.4935641853414669,1.0
100.0,500.0,10.0,-1.0643751102695735,-2.1623028225302763,-1.578790908557008,1.0
100.0,500.0,10.0,2.0007912691454437,1.67684897936697,1.73633389623872,1.0
100.0,500.0,10.0,3.318611335708095,2.7430016182893984,2.9939070670648995,1.1
100.0,500.0,10.0,2.114090925351044,1.2202357381321702,1.216266800617425,1.0
100.0,500.0,10.0,2.609322028708674,1.6611143500711192,2.010653832915774,1.0
100.0,500.0,10.0,1.4193769536413796,0.6740793861314051,0.6950291793349473,1.1
100.0,500.0,10.0,1.654508198445597,0.2464242326368402,0.3569383354074171,1.0
100.0,500.0,10.0,1.2812393325042568,0.8385878536115694,0.981397138981301,1.0
100.0,500.0,10.0,2.4827642804074777,2.46694306411164,2.4585085108702227,1.0
100.0,500.0,10.0,3.3471427273302528,2.2617351663210976,2.6598190343335317,1.0
100.0,500.0,10.0,2.197989244345445,1.720011455297928,1.9456746046917568,1.0
100.0,500.0,10.0,0.2983155340697131,-0.5688838012535993,-0.2463099050137855,1.1
100.0,500.0,10.0,2.03793389319091,0.9251365372310488,1.1042622380060014,1.0
100.0,500.0,10.0,3.4654298290145,2.7266847294364767,3.0265033901802183,1.0
100.0,500.0,10.0,1.204618317115013,0.3307256890812774,0.7354955499296065,1.1
100.0,500.0,10.0,2.366007238188073,1.1979135247413712,1.183754123696817,1.1
100.0,500.0,10.0,3.1385552518093456,2.847452340454551,2.913406944197356,1.0
100.0,500.0,10.0,2.900328697291748,2.1103449895348154,2.347602386908457,1.0
100.0,500.0,10.0,3.3088530448121167,2.2080856034309093,2.6293633064482687,1.1
100.0,500.0,10.0,2.578872927626425,1.513219682524306,1.3902699904664382,1.0
100.0,500.0,10.0,5.2216763116933205,4.909898024472783,4.99324049891503,1.0
100.0,500.0,10.0,1.7124791940361417,0.6963332319142435,1.0207684450473835,1.1
100.0,500.0,10.0,0.8695651912701167,0.0926986888911619,0.4001273180515555,1.0
100.0,500.0,10.0,1.921618153874478,0.6440947445479384,0.0951652028573015,1.1
100.0,500.0,10.0,2.9037190024943973,2.793143644683716,2.803206580379789,1.1
100.0,500.0,10.0,4.38536195558898,3.416798558503458,3.848877910765668,1.1
100.0,500.0,10.0,2.400486521100181,1.3355484243684317,1.3187628638297904,1.0
100.0,500.0,10.0,-0.5990511343484979,-1.7031004411323205,-1.558294651338709,1.1
100.0,500.0,10.0,3.246072274158469,2.4999252095109243,2.9743154994030467,1.0
100.0,500.0,10.0,4.489563418203924,3.471903460635072,3.946913027441735,1.0
100.0,500.0,10.0,2.554489928291169,1.9536886234011412,2.197854667838423,1.1
100.0,500.0,10.0,1.5695594408775655,0.9120078277945082,1.2256816915871325,1.0
100.0,500.0,10.0,3.398013311053676,2.662087945962757,2.995502133355058,1.0
100.0,500.0,10.0,3.749099545824558,3.5079359230551352,3.72385340998332,1.0
100.0,500.0,10.0,0.5061036042922078,-0.5961169802513937,-0.0193815700142445,1.1
100.0,500.0,10.0,1.836875278113413,1.1897731860527674,1.4876713397064851,1.0
100.0,500.0,10.0,0.9435659285199848,-0.1515774129213725,-0.1091321909022045,1.0
200.0,500.0,0.5,1.2055799003895744,1.1967322803325349,1.20300912985922,1.1
200.0,500.0,0.5,1.1692082683822551,1.1657086538678476,1.1677469597259933,1.1
200.0,500.0,0.5,1.1738943997057651,1.1635899552952216,1.1616607674775716,1.1
200.0,500.0,0.5,1.1203660432715872,1.0929688568744425,1.1054613870513323,1.0
200.0,500.0,0.5,1.177298470465851,1.1690603752981152,1.1730756103318094,1.1
200.0,500.0,0.5,1.0779879164017312,1.070815041810535,1.0732582672983753,1.1
200.0,500.0,0.5,1.0729594386840915,1.0521510574609725,1.059472444466856,1.1
200.0,500.0,0.5,0.9930155104676042,0.9627566408460873,0.9701868091491964,1.1
200.0,500.0,0.5,1.1872354199664512,1.151653892121476,1.164122477376359,1.1
200.0,500.0,0.5,1.09483151159325,1.0683934558228712,1.0850710711809015,1.1
200.0,500.0,0.5,1.03024778472923,0.9964170545816298,0.9988229085437752,1.1
200.0,500.0,0.5,1.1274518693800577,1.1274518693800577,1.126418203194948,1.1
200.0,500.0,0.5,1.1376779939715715,1.106482465274848,1.1141379242647234,1.1
200.0,500.0,0.5,1.074280445823133,1.042719611999794,1.057742030533669,1.0
200.0,500.0,0.5,1.1151186557508703,1.1151186557508703,1.114721438147702,1.1
200.0,500.0,0.5,1.0893461877635109,1.0473342056101551,1.0389965905092526,1.1
200.0,500.0,0.5,1.0054699428379643,0.9908900502096326,1.0003012613883993,1.1
200.0,500.0,0.5,1.1286819869600402,1.1010415910768798,1.1139650785077573,1.1
200.0,500.0,0.5,1.0243445881264073,0.9846620144982412,0.9743878651659093,1.0
200.0,500.0,0.5,1.1323164192450672,1.1202437838363477,1.125396599976007,1.1
200.0,500.0,0.5,1.2022981483746586,1.1997817911455226,1.2015951533815994,1.1
200.0,500.0,0.5,1.0950701701187748,1.0585281211489124,1.0745541318362437,1.1
200.0,500.0,0.5,1.101667072877225,1.0675084440909297,1.0738404990056007,1.1
200.0,500.0,0.5,1.0446424632725126,1.0142529288660815,1.0264249530257117,1.0
200.0,500.0,0.5,1.0783135512337083,1.056073906650151,1.067245381300179,1.1
200.0,500.0,0.5,1.1211144832042017,1.1056976928330675,1.1111033097614045,1.1
200.0,500.0,0.5,1.087933663903485,1.0655996894052115,1.0712396413723462,1.1
200.0,500.0,0.5,1.1276038338949068,1.0887625390032605,1.102592569337271,1.1
200.0,500.0,0.5,1.117186532584761,1.089857613092902,1.1024070128784915,1.1
200.0,500.0,0.5,1.0509426007215483,1.013651424710672,1.0229393819247383,1.1
200.0,500.0,0.5,1.027770440992919,0.9936288367545376,1.0091589107161338,1.1
200.0,500.0,0.5,1.2014880176265132,1.1878027421843798,1.185908223612164,1.1
200.0,500.0,0.5,1.1026577950576064,1.0801396218669217,1.0911538174025208,1.0
200.0,500.0,0.5,1.0701182247037178,1.0376411144950464,1.044387300773438,1.1
200.0,500.0,0.5,1.0917751964926536,1.090150197382142,1.0915358237181696,1.1
200.0,500.0,0.5,1.0233327032834536,0.9845350757802944,0.9993412446163592,1.1
200.0,500.0,0.5,1.057578818573627,1.0276154500005206,1.037911918462477,1.0
200.0,500.0,0.5,1.1155043606227155,1.0748333116919837,1.1024915959422406,1.1
200.0,500.0,0.5,1.1085298665986412,1.0952008457335245,1.1025420208585566,1.1
200.0,500.0,0.5,1.0747632042872517,1.0377685835203077,1.0513774424298798,1.1
200.0,500.0,0.5,1.1344302115685014,1.1100868816847214,1.1202677136567585,1.1
200.0,500.0,0.5,1.0128647805065996,0.9776979067189738,0.9870683873968796,1.1
200.0,500.0,0.5,1.0892002882221667,1.0554220287147318,1.0718366981557046,1.1
200.0,500.0,0.5,1.064783412037347,1.0260609837567989,1.0342747782935249,1.1
200.0,500.0,0.5,1.221222123545575,1.2141216816076863,1.2154014745742685,1.1
200.0,500.0,0.5,1.0500230762829714,1.0453631275961313,1.0477732288008146,1.1
200.0,500.0,0.5,1.120360923439566,1.1057525585985486,1.1115742262018584,1.1
200.0,500.0,0.5,1.2317060948921037,1.2212142886965525,1.2271056888892868,1.1
200.0,500.0,0.5,1.1160353899863176,1.098275156228342,1.1099758687375505,1.1
200.0,500.0,0.5,1.1302385073584604,1.124717789718232,1.127768091481149,1.1
200.0,500.0,1.0,1.2140163402809356,1.1781514720879962,1.1974989479901117,1.1
200.0,500.0,1.0,1.23841653676451,1.2251508169165446,1.2307132594234913,1.1
200.0,500.0,1.0,1.2477887994115298,1.2014747632344145,1.197689295414909,1.1
200.0,500.0,1.0,1.240732086543174,1.2126629679983705,1.2284056637659428,1.0
200.0,500.0,1.0,1.2545969409317013,1.2204510677610618,1.2344362758304064,1.1
200.0,500.0,1.0,1.0559758328034623,1.0218323543275651,1.0369674219457272,1.1
200.0,500.0,1.0,1.0459188773681831,0.9820992948352886,0.9965804291724616,1.1
200.0,500.0,1.0,0.8860310209352084,0.8074807601184526,0.8148107555043922,1.1
200.0,500.0,1.0,1.2744708399329023,1.1898072418738426,1.2059205318149766,1.1
200.0,500.0,1.0,1.0896630231865,1.01840891283014,1.052398925825507,1.1
200.0,500.0,1.0,0.9624535455185702,0.8848538363498936,0.9185568370467088,1.0
200.0,500.0,1.0,1.1549037387601149,1.1487062237516688,1.1501586778036903,1.1
200.0,500.0,1.0,1.1753559879431434,1.0973152858022597,1.0946781690385543,1.1
200.0,500.0,1.0,1.1485608916462662,1.1135215496601254,1.128215918922178,1.0
200.0,500.0,1.0,1.130237311501741,1.121693929914603,1.1251871650842311,1.1
200.0,500.0,1.0,1.1718596810864197,1.0962252632127951,1.1237732069335604,1.0
200.0,500.0,1.0,0.9109398856759292,0.8565478768149871,0.8874037035220381,1.1
200.0,500.0,1.0,1.1573639739200798,1.081884451420488,1.108590805133531,1.1
200.0,500.0,1.0,1.048689176252815,0.9826157702296852,0.9866682417766632,1.0
200.0,500.0,1.0,1.1646328384901343,1.1191236821665445,1.13670201786787,1.1
200.0,500.0,1.0,1.3045962967493168,1.291737497318507,1.2994626363544142,1.1
200.0,500.0,1.0,1.1101629815967669,1.032840080443273,1.034033554706186,1.0
200.0,500.0,1.0,1.106432120063884,1.0294376890898884,1.0063824206036451,1.0
200.0,500.0,1.0,1.089284926545025,1.054077119464844,1.071117078531486,1.0
200.0,500.0,1.0,1.056627102467417,0.990244207053498,1.0204564617631908,1.1
200.0,500.0,1.0,1.1422289664084024,1.0870689342742652,1.1041305344722891,1.1
200.0,500.0,1.0,1.0758673278069697,1.008679695408431,1.0196120408206302,1.1
200.0,500.0,1.0,1.1692295010166798,1.0840803060301514,1.080118082136623,1.0
200.0,500.0,1.0,1.134373065169522,1.0626920150660129,1.0799944043627077,1.1
200.0,500.0,1.0,1.0679092559244177,0.9956649985857704,1.0042888856377223,1.0
200.0,500.0,1.0,0.955540881985838,0.8759360019081238,0.8998221212281645,1.1
200.0,500.0,1.0,1.3029760352530264,1.2573369399646783,1.2511972810538212,1.1
200.0,500.0,1.0,1.2053155901152128,1.1841467691739316,1.194566886922544,1.0
200.0,500.0,1.0,1.0463227623607203,0.9718599113715528,0.9822056529775164,1.0
200.0,500.0,1.0,1.0835503929853072,1.0766495560418876,1.082221650277268,1.1
200.0,500.0,1.0,1.0445319886344158,0.9769075195418068,0.9742788876837032,1.0
200.0,500.0,1.0,1.1151576371472536,1.076481545618597,1.0955537615384732,1.0
200.0,500.0,1.0,1.131008721245431,1.0339914576482776,1.090173867030397,1.1
200.0,500.0,1.0,1.117059733197282,1.0680347019644938,1.0889279584254803,1.1
200.0,500.0,1.0,1.063129611389816,0.9834702234068032,0.9721617184240222,1.0
200.0,500.0,1.0,1.1688604231370028,1.1011314404206982,1.120397776353388,1.1
200.0,500.0,1.0,0.9428936921286644,0.86408959770803,0.8590698588379538,1.0
200.0,500.0,1.0,1.0784005764443334,0.9964226809545024,1.0175616136430996,1.1
200.0,500.0,1.0,1.0306752686946226,0.9468308257953296,0.9530178170666728,1.0
200.0,500.0,1.0,1.3424442470911495,1.301966655416397,1.3165461940238097,1.1
200.0,500.0,1.0,1.0000461525659432,0.9840430518217717,0.9914155754663844,1.1
200.0,500.0,1.0,1.140721846879132,1.087583665545388,1.1089696517674963,1.1
200.0,500.0,1.0,1.3634121897842073,1.3205695569088831,1.3443986572783957,1.1
200.0,500.0,1.0,1.1320707799726348,1.068317362663773,1.1011754042293451,1.1
200.0,500.0,1.0,1.1604770147169206,1.137492243606253,1.1491070323896555,1.1
200.0,500.0,1.5,1.2710245104214035,1.2079245291181795,1.2386097002267311,1.1
200.0,500.0,1.5,1.3076248051467654,1.2845808023973515,1.293718664090055,1.1
200.0,500.0,1.5,1.3216831991172948,1.2444985722878743,1.236848403289664,1.1
200.0,500.0,1.5,1.361098129814761,1.3317810855863828,1.3471522199779156,1.0
200.0,500.0,1.5,1.331895411397552,1.2690510889671192,1.2936601966743102,1.1
200.0,500.0,1.5,1.0339637492051934,0.97261282537129,0.9982887341183936,1.1
200.0,500.0,1.5,1.0188783160522752,0.9167100646507594,0.9349191647664806,1.1
200.0,500.0,1.5,0.7790465314028125,0.6572153863074178,0.6588924303110345,1.1
200.0,500.0,1.5,1.3617062598993537,1.2335784188674048,1.2489855843206927,1.1
200.0,500.0,1.5,1.08449453477975,0.9701847205664758,1.0221254418004608,1.1
200.0,500.0,1.5,0.9436803182778554,0.8292171630377092,0.8828961322521746,1.0
200.0,500.0,1.5,1.1823556081401718,1.1671684691922668,1.1747046489463773,1.1
200.0,500.0,1.5,1.213033981914715,1.0931552138818297,1.0757323233121208,1.1
200.0,500.0,1.5,1.2228413374693994,1.1744603817446282,1.1951430184572152,1.0
200.0,500.0,1.5,1.1453559672526112,1.125246385293857,1.1332269749468833,1.1
200.0,500.0,1.5,1.2577895216296295,1.1513900718503955,1.1980214268480889,1.0
200.0,500.0,1.5,0.8164098285138935,0.7236685634494818,0.771584055712624,1.1
200.0,500.0,1.5,1.18604596088012,1.0677855958572775,1.0945263339450473,1.1
200.0,500.0,1.5,1.0730337643792227,0.9841819816013508,0.995485032737728,1.0
200.0,500.0,1.5,1.1969492577352017,1.1099344663024897,1.147686894146964,1.1
200.0,500.0,1.5,1.406894445123975,1.3806254050989428,1.3961383386203663,1.1
200.0,500.0,1.5,1.1652444723951505,1.054032415544376,1.0687401566887966,1.0
200.0,500.0,1.5,1.159648180095826,1.0463181390847691,1.0268364672347303,1.0
200.0,500.0,1.5,1.1339273898175375,1.0954498701183797,1.1107835816508616,1.0
200.0,500.0,1.5,1.0349406537011254,0.9242280932726908,0.9691150751561264,1.1
200.0,500.0,1.5,1.1633434496126034,1.072322508930272,1.0909749758576173,1.1
200.0,500.0,1.5,1.0638009917104545,0.9575945061860864,0.959730895431341,1.1
200.0,500.0,1.5,1.25384425152502,1.127888947360287,1.1377813235402523,1.0
200.0,500.0,1.5,1.1515595977542827,1.0383060741065675,1.0624894941564895,1.1
200.0,500.0,1.5,1.1018638838866264,1.002457845958097,1.0233174322891656,1.0
200.0,500.0,1.5,0.9284034938786782,0.810086695948826,0.8005134535588038,1.0
200.0,500.0,1.5,1.4044640528795391,1.3263794894177328,1.3153546524100697,1.1
200.0,500.0,1.5,1.3079733851728192,1.2853111709892,1.2947948407013083,1.0
200.0,500.0,1.5,1.069484143541081,0.9604077685970696,0.9798613170111472,1.0
200.0,500.0,1.5,1.075325589477961,1.0593144754401695,1.0712565645912335,1.1
200.0,500.0,1.5,1.0667979829516236,0.9778602132373384,0.9804841240013324,1.0
200.0,500.0,1.5,1.1727364557208806,1.1247468345815952,1.1486357719703757,1.0
200.0,500.0,1.5,1.1465130818681464,0.9982202298784042,1.0798969957247062,1.1
200.0,500.0,1.5,1.125589599795923,1.042307536737118,1.0774711857132035,1.1
200.0,500.0,1.5,1.094694417084724,0.978434784332624,0.9772104063410848,1.0
200.0,500.0,1.5,1.2032906347055043,1.0963867916684678,1.1185212491915184,1.1
200.0,500.0,1.5,0.9143405381929964,0.7979823938995463,0.8030019391857173,1.0
200.0,500.0,1.5,1.097183723295597,0.9737314418930464,0.982714931775837,1.0
200.0,500.0,1.5,1.0460129030419338,0.923019094001336,0.951150637078437,1.0
200.0,500.0,1.5,1.4636663706367243,1.3927161749393853,1.4133174901633698,1.1
200.0,500.0,1.5,0.9500692288489146,0.916368960016371,0.93464804250969,1.1
200.0,500.0,1.5,1.161082770318698,1.0724183567848082,1.1038796275374498,1.1
200.0,500.0,1.5,1.4951182846763107,1.4185259058384878,1.4588110107104504,1.1
200.0,500.0,1.5,1.1481061699589523,1.0382375456189863,1.096697055337803,1.1
200.0,500.0,1.5,1.190715522075381,1.1429886649000764,1.167390213739001,1.1
200.0,500.0,2.0,1.3280326805618716,1.2392511299145432,1.281706899613012,1.1
200.0,500.0,2.0,1.3768330735290206,1.343592970906336,1.355715419753868,1.1
200.0,500.0,2.0,1.3955775988230597,1.2852218258630996,1.2712434101917534,1.1
200.0,500.0,2.0,1.4814641730863485,1.4502985630981082,1.466445724509136,1.0
200.0,500.0,2.0,1.4091938818634024,1.3148645880885443,1.3542893720319664,1.1
200.0,500.0,2.0,1.0119516656069245,0.925369871297992,0.9573399799665264,1.1
200.0,500.0,2.0,0.9918377547363668,0.8522262101375506,0.8726879696241907,1.1
200.0,500.0,2.0,0.6720620418704168,0.5085880937167425,0.5084857139483084,1.1
200.0,500.0,2.0,1.481640607758561,1.3113475589972508,1.3156646048172311,1.0
200.0,500.0,2.0,1.079326046373,0.921920046201079,0.9901574477383446,1.1
200.0,500.0,2.0,0.9249070910371404,0.7743693283124667,0.8514446713014976,1.0
200.0,500.0,2.0,1.209807477520229,1.1880801752600652,1.1996061985951694,1.1
200.0,500.0,2.0,1.2507119758862868,1.0903365795788615,1.051665895713741,1.1
200.0,500.0,2.0,1.2971217832925326,1.238765660413777,1.2623800046163418,1.0
200.0,500.0,2.0,1.1604746230034817,1.1290356702776343,1.1387378018391092,1.1
200.0,500.0,2.0,1.3437193621728396,1.2107044177214967,1.27285270661669,1.0
200.0,500.0,2.0,0.7218797713518579,0.5931858337627267,0.6552327018932449,1.1
200.0,500.0,2.0,1.2147279478401596,1.0541121739081725,1.082829400865931,1.1
200.0,500.0,2.0,1.0973783525056304,0.988274661711376,1.00382183829049,1.0
200.0,500.0,2.0,1.2292656769802686,1.1064638540974965,1.157416435651588,1.1
200.0,500.0,2.0,1.5091925934986334,1.4691116312089498,1.4944169700657075,1.1
200.0,500.0,2.0,1.2203259631935337,1.0764643255135389,1.098890348914275,1.0
200.0,500.0,2.0,1.212864240127768,1.0647687236446788,1.051379575706454,1.0
200.0,500.0,2.0,1.17856985309005,1.1324624464989888,1.1534918285212523,1.0
200.0,500.0,2.0,1.013254204934834,0.8587691497012431,0.919623544057228,1.1
200.0,500.0,2.0,1.1844579328168043,1.0561170723923243,1.0794186566378643,1.1
200.0,500.0,2.0,1.051734655613939,0.905169323434138,0.8969382050345858,1.1
200.0,500.0,2.0,1.3384590020333598,1.173294682471847,1.1948844822739149,1.0
200.0,500.0,2.0,1.1687461303390436,1.015795666394868,1.0387036551115476,1.1
200.0,500.0,2.0,1.135818511848835,1.0089514744483667,1.0358256102303551,1.0
200.0,500.0,2.0,0.9045379918382376,0.7491663183331363,0.7532907278693023,1.0
200.0,500.0,2.0,1.5059520705060527,1.3928040788377936,1.3766079041130936,1.1
200.0,500.0,2.0,1.4106311802304257,1.3882905603408833,1.3942174644316638,1.0
200.0,500.0,2.0,1.0926455247214408,0.9502192958355272,0.978462993612926,1.0
200.0,500.0,2.0,1.0671007859706143,1.0457526339202257,1.059446046431914,1.1
200.0,500.0,2.0,1.0890639772688313,0.976694832310786,0.982855841610189,1.0
200.0,500.0,2.0,1.2303152742945072,1.1728608666632554,1.2014465997925474,1.0
200.0,500.0,2.0,1.162017442490862,0.9631670866501258,1.0658470191229603,1.1
200.0,500.0,2.0,1.134119466394564,1.0122953094045486,1.0656183718672707,1.1
200.0,500.0,2.0,1.1262592227796322,0.9741552865076823,0.97728102518375,1.0
200.0,500.0,2.0,1.2377208462740057,1.0915847435571182,1.1171262191888207,1.1
200.0,500.0,2.0,0.8857873842573287,0.7338867949962191,0.7498999889207086,1.0
200.0,500.0,2.0,1.129578297727463,0.966565843864866,0.9927479801289288,1.0
200.0,500.0,2.0,1.0613505373892451,0.9004824620020961,0.9481424106719372,1.0
200.0,500.0,2.0,1.5848884941822994,1.4831392741473324,1.5088815595826803,1.1
200.0,500.0,2.0,0.9000923051318862,0.8492198506881555,0.874907095613989,1.1
200.0,500.0,2.0,1.1814436937582644,1.0561057272217451,1.0976738876648593,1.1
200.0,500.0,2.0,1.6268243795684143,1.5212633987112982,1.5750293779008278,1.1
200.0,500.0,2.0,1.1641415599452698,1.0125829086181062,1.0858416112262022,1.1
200.0,500.0,2.0,1.220954029433841,1.1520364266997625,1.183406879266385,1.1
200.0,500.0,2.5,1.3850408507023395,1.268560250907412,1.3205944599836066,1.1
200.0,500.0,2.5,1.446041341911276,1.3983399469994269,1.4164677360240137,1.1
200.0,500.0,2.5,1.4694719985288247,1.3220756104767857,1.3102810610103823,1.1
200.0,500.0,2.5,1.6018302163579352,1.5680763218421687,1.5846981824905748,1.0
200.0,500.0,2.5,1.486492352329253,1.364549898356267,1.4144792398419874,1.1
200.0,500.0,2.5,0.9899395820086556,0.8733908950749381,0.9191729156827652,1.1
200.0,500.0,2.5,0.9647971934204586,0.7892803361779217,0.8105292400342741,1.1
200.0,500.0,2.5,0.565077552338021,0.3604805276059314,0.3447953331047326,1.1
200.0,500.0,2.5,1.6020507596982012,1.3901068384774755,1.405522806739997,1.0
200.0,500.0,2.5,1.07415755796625,0.8764113916745851,0.9547513022830728,1.1
200.0,500.0,2.5,0.9061338637964256,0.7207776654958565,0.818376481249352,1.0
200.0,500.0,2.5,1.2372593469002862,1.206612940905779,1.2225164098927928,1.1
200.0,500.0,2.5,1.3011592621951515,1.1008588549430494,1.1448223967551137,1.0
200.0,500.0,2.5,1.3714022291156658,1.3016418138881931,1.3297185871968424,1.0
200.0,500.0,2.5,1.1755932787543522,1.1362945878470436,1.1484222522988867,1.1
200.0,500.0,2.5,1.4296492027160494,1.2682169418896985,1.3475739534763371,1.0
200.0,500.0,2.5,0.6273497141898225,0.4623867397203232,0.5409163312451746,1.1
200.0,500.0,2.5,1.2434099348001997,1.0414104925941934,1.0728186768687666,1.1
200.0,500.0,2.5,1.121722940632038,0.9885027436305872,1.0203945350710766,1.0
200.0,500.0,2.5,1.2615820962253357,1.1018740815501693,1.1616264451824772,1.1
200.0,500.0,2.5,1.611490741873292,1.5598858174326755,1.5924369100438212,1.1
200.0,500.0,2.5,1.275407453991917,1.0992635228793617,1.1291623578075851,1.0
200.0,500.0,2.5,1.26608030015971,1.0850238454059349,1.0692925493021233,1.0
200.0,500.0,2.5,1.2232123163625626,1.170654063500077,1.1964835208574645,1.0
200.0,500.0,2.5,0.9915677561685422,0.7952190274084237,0.8703748374461339,1.1
200.0,500.0,2.5,1.2055724160210053,1.0437167552981883,1.065205280891664,1.1
200.0,500.0,2.5,1.039668319517424,0.8540996591415352,0.842186270710193,1.1
200.0,500.0,2.5,1.4230737525416997,1.218361776405676,1.251502575261473,1.0
200.0,500.0,2.5,1.1859326629238045,0.9939570052784108,1.0181194800350182,1.1
200.0,500.0,2.5,1.1697731398110442,1.018236031949332,1.0542136419452095,1.0
200.0,500.0,2.5,0.8806724897977969,0.6892210725234256,0.6996995147142103,1.0
200.0,500.0,2.5,1.6074400881325657,1.458235195247554,1.438639835199829,1.1
200.0,500.0,2.5,1.513288975288032,1.488758319979299,1.4927718305395798,1.0
200.0,500.0,2.5,1.1158069059018012,0.9412721730599858,0.9822864496782304,1.0
200.0,500.0,2.5,1.058875982463268,1.0286897415458187,1.0493075580398927,1.1
200.0,500.0,2.5,1.1113299715860392,0.974029757785584,0.9846281046413292,1.0
200.0,500.0,2.5,1.287894092868134,1.221238442199279,1.2529801623638863,1.0
200.0,500.0,2.5,1.1967196582623951,0.948139807261142,0.8468445493581689,1.0
200.0,500.0,2.5,1.1426493329932053,0.9857504339945942,1.0527818713660688,1.1
200.0,500.0,2.5,1.1578240284745402,0.9731224612335264,0.976819060467156,1.0
200.0,500.0,2.5,1.272151057842507,1.0888457942648966,1.1193548467929986,1.1
200.0,500.0,2.5,0.8572342303216609,0.6708827428166122,0.6935401776034041,1.0
200.0,500.0,2.5,1.1619728721593288,0.9595622916303176,0.9962414292362224,1.0
200.0,500.0,2.5,1.0766881717365566,0.8776893357720074,0.9379095240076596,1.0
200.0,500.0,2.5,1.706110617727874,1.5690934201027988,1.6072959040331047,1.1
200.0,500.0,2.5,0.8501153814148577,0.7780295559820236,0.8126514154290145,1.1
200.0,500.0,2.5,1.2018046171978305,1.0417396813391169,1.0860466664310389,1.1
200.0,500.0,2.5,1.7585304744605177,1.6225243388452697,1.688759276154218,1.1
200.0,500.0,2.5,1.1801769499315873,0.9850265937143556,1.0746128492447808,1.1
200.0,500.0,2.5,1.2511925367923014,1.1598603813475246,1.19895896214888,1.1
200.0,500.0,3.0,1.4420490208428074,1.29975222670931,1.3624712806379269,1.1
200.0,500.0,3.0,1.515249610293531,1.450842693691827,1.4788036405033629,1.1
200.0,500.0,3.0,1.5433663982345895,1.3645243528028597,1.3502818029170012,1.1
200.0,500.0,3.0,1.7221962596295222,1.6837941156464395,1.7009037161452254,1.0
200.0,500.0,3.0,1.5637908227951036,1.4121473960108974,1.4744697302349683,1.1
200.0,500.0,3.0,0.9679274984103864,0.822714352760463,0.8772360177115536,1.1
200.0,500.0,3.0,0.93775663210455,0.7265610801105654,0.7431183627702644,1.1
200.0,500.0,3.0,0.4674699025341196,0.2222176180040908,0.2658811249788392,1.0
200.0,500.0,3.0,1.7224609116378415,1.4694673245712837,1.4951704573729845,1.0
200.0,500.0,3.0,1.0689890695595003,0.8299711218068421,0.919145849068416,1.1
200.0,500.0,3.0,0.8873606365557104,0.66570258100327,0.7832471088319986,1.0
200.0,500.0,3.0,1.264711216280343,1.225890842382876,1.2456543703047478,1.1
200.0,500.0,3.0,1.361391114634182,1.1215709578797652,1.1737868761061363,1.0
200.0,500.0,3.0,1.445682674938799,1.373785033541964,1.3977484225745629,1.0
200.0,500.0,3.0,1.1907119345052224,1.143553505416452,1.1547696088589443,1.1
200.0,500.0,3.0,1.5155790432592595,1.3249376670243789,1.4203094024538994,1.0
200.0,500.0,3.0,0.5328196570277871,0.3313712090358295,0.4248152792397966,1.1
200.0,500.0,3.0,1.272091921760239,1.0291114844667044,1.0590209955107823,1.1
200.0,500.0,3.0,1.1460675287584456,0.9875018689881347,1.0315356787511043,1.0
200.0,500.0,3.0,1.2938985154704028,1.098725575664889,1.1682455059432004,1.1
200.0,500.0,3.0,1.7137888902479503,1.651862980919211,1.690924292052585,1.1
200.0,500.0,3.0,1.3304889447903006,1.121298124595148,1.1587399627586366,1.0
200.0,500.0,3.0,1.319296360191652,1.104035403569118,1.0896945256914543,1.0
200.0,500.0,3.0,1.267854779635075,1.2089468120205948,1.2365991734239148,1.0
200.0,500.0,3.0,0.9698813074022506,0.7295240310801673,0.8211263956297035,1.1
200.0,500.0,3.0,1.2266868992252062,1.0312366160060424,1.0486758273887398,1.1
200.0,500.0,3.0,1.0276019834209087,0.8038196141260643,0.7843537151793251,1.1
200.0,500.0,3.0,1.5076885030500398,1.2632208427491267,1.3045315418277688,1.0
200.0,500.0,3.0,1.2031191955085654,0.9725383201792432,1.0011408598563754,1.1
200.0,500.0,3.0,1.2037277677732527,1.023380504912193,1.07064431116891,1.0
200.0,500.0,3.0,0.8568069877573563,0.6312819629705052,0.6407270976410326,1.0
200.0,500.0,3.0,1.7089281057590786,1.5219778997961413,1.4988105411230543,1.1
200.0,500.0,3.0,1.6159467703456385,1.5865099839751586,1.5933011483454746,1.0
200.0,500.0,3.0,1.1389682870821614,0.933401723024312,0.9814776920501562,1.0
200.0,500.0,3.0,1.050651178955922,1.0103237593224057,1.0381973194475276,1.1
200.0,500.0,3.0,1.1335959659032473,0.973788123938714,0.9822579855260132,1.0
200.0,500.0,3.0,1.3454729114417607,1.271759599112809,1.3111750272140816,1.0
200.0,500.0,3.0,1.236063589914874,0.9381159752603508,0.8255193462297596,1.0
200.0,500.0,3.0,1.151179199591846,0.9571908636766566,1.0340689409387387,1.1
200.0,500.0,3.0,1.189388834169448,0.9703287423829758,0.9784610335714315,1.0
200.0,500.0,3.0,1.3065812694110082,1.0860679632380923,1.111618122472449,1.1
200.0,500.0,3.0,0.8286810763859932,0.6082533514705026,0.6407197943878007,1.0
200.0,500.0,3.0,1.1943674465911944,0.9529912125103804,0.9992516945993256,1.0
200.0,500.0,3.0,1.0920258060838677,0.8551084137510786,0.9312048193986378,1.0
200.0,500.0,3.0,1.8273327412734488,1.6586279124124903,1.700377309554148,1.1
200.0,500.0,3.0,0.8001384576978291,0.7071012937967959,0.7500877315410506,1.1
200.0,500.0,3.0,1.2221655406373966,1.0282213493584411,1.0822096214013437,1.1
200.0,500.0,3.0,1.8902365693526213,1.7246597839507145,1.8013369453484596,1.1
200.0,500.0,3.0,1.1962123399179043,0.960764241260778,1.065063335353929,1.1
200.0,500.0,3.0,1.2814310441507613,1.1718324576170291,1.211311054922212,1.1
200.0,500.0,4.0,1.5560653611237434,1.3517584032651395,1.4430296325293528,1.1
200.0,500.0,4.0,1.6536661470580412,1.5514945148386905,1.6021369182190677,1.1
200.0,500.0,4.0,1.6911551976461192,1.4477502491045584,1.41761909717567,1.1
200.0,500.0,4.0,1.962928346172696,1.9117254875285856,1.9345382881936335,1.0
200.0,500.0,4.0,1.7183877637268048,1.5047444385920623,1.5851232991491422,1.1
200.0,500.0,4.0,0.9239033312138488,0.7220209284717395,0.7942085667934117,1.1
200.0,500.0,4.0,0.8837161469798172,0.6012781911102828,0.5839499842522418,1.0
200.0,500.0,4.0,0.2899598700454925,-0.0365589039383541,0.0339395081016798,1.0
200.0,500.0,4.0,1.9632812155171215,1.6282438725481438,1.6693314501903715,1.0
200.0,500.0,4.0,1.0586520927460006,0.7386456317171842,0.8512657743487443,1.1
200.0,500.0,4.0,0.8498141820742804,0.5612223990120566,0.7145911998539868,1.0
200.0,500.0,4.0,1.3196149550404574,1.26517915370549,1.2942058270729973,1.1
200.0,500.0,4.0,1.4818548195122423,1.1635239478224353,1.242625020925284,1.0
200.0,500.0,4.0,1.5942435665850654,1.5037309976596032,1.5353585831014285,1.0
200.0,500.0,4.0,1.2209492460069633,1.1580713405552696,1.1688074417745036,1.1
200.0,500.0,4.0,1.6874387243456794,1.4474781368132523,1.5644258279179153,1.0
200.0,500.0,4.0,0.343759542703716,0.0679249793342768,0.1918496533853317,1.1
200.0,500.0,4.0,1.3294558956803189,1.0053178684772417,1.0385780065447716,1.1
200.0,500.0,4.0,1.194756705011261,0.9940271127457526,1.0457010071077966,1.0
200.0,500.0,4.0,1.358531353960537,1.0849299368570708,1.1866666673454755,1.1
200.0,500.0,4.0,1.918385186997267,1.8267323125644737,1.886241436085574,1.1
200.0,500.0,4.0,1.4406519263870674,1.1728176174753289,1.2252319183957503,1.0
200.0,500.0,4.0,1.425728480255536,1.1452891937748553,1.1231209105265934,1.0
200.0,500.0,4.0,1.3571397061800996,1.2814130118281488,1.3160763627045025,1.0
200.0,500.0,4.0,0.9265084098696674,0.6016374578795678,0.7155094504276786,1.1
200.0,500.0,4.0,1.268915865633608,1.0061295974086202,1.023286373986734,1.1
200.0,500.0,4.0,1.0034693112278783,0.7040074145311999,0.6666215391705408,1.1
200.0,500.0,4.0,1.6769180040667198,1.352783127220225,1.4166646677939934,1.0
200.0,500.0,4.0,1.256775078769404,0.949357675462696,0.9119650036923538,1.0
200.0,500.0,4.0,1.2716370236976704,1.038615779515716,1.109199206695765,1.0
200.0,500.0,4.0,0.8090759836764752,0.5126106336405829,0.537938307206621,1.0
200.0,500.0,4.0,1.9119041410121047,1.6539170349211323,1.6216488363089765,1.1
200.0,500.0,4.0,1.8212623604608515,1.7848936073500925,1.791068197793966,1.0
200.0,500.0,4.0,1.185291049442882,0.9194051855517932,0.9902431077439808,1.0
200.0,500.0,4.0,1.0342015719412292,0.9804316790965408,1.0163619296830793,1.1
200.0,500.0,4.0,1.1781279545376626,0.9733809456272324,0.9815253706794094,1.0
200.0,500.0,4.0,1.4606305485890143,1.3708853824704403,1.41712725643878,1.0
200.0,500.0,4.0,1.314751453219832,0.9187152850858422,0.7856215517066352,1.0
200.0,500.0,4.0,1.1682389327891285,0.904636304961762,1.008934777017827,1.1
200.0,500.0,4.0,1.252518445559264,0.9641385025351168,0.9876785209537718,1.0
200.0,500.0,4.0,1.3754416925480113,1.081269804774085,1.1069296626462444,1.1
200.0,500.0,4.0,0.7715747685146573,0.4823555945954548,0.5301570114354288,1.0
200.0,500.0,4.0,1.259156595454926,0.9400576079542328,1.0064990831384886,1.0
200.0,500.0,4.0,1.1227010747784905,0.8130016646832883,0.9096876302295316,1.0
200.0,500.0,4.0,2.0697769883645982,1.831855474696768,1.8881393296966729,1.1
200.0,500.0,4.0,0.7001846102637723,0.5655846748698032,0.63017664303532,1.1
200.0,500.0,4.0,1.2628873875165287,0.9980673753560588,1.0714909576564944,1.1
200.0,500.0,4.0,2.1536487591368285,1.9222697777632576,2.0240656879684105,1.1
200.0,500.0,4.0,1.2282831198905395,0.9088173893149304,1.049513250229411,1.1
200.0,500.0,4.0,1.3419080588676815,1.1835391723781026,1.2413700515682162,1.1
200.0,500.0,5.0,1.6700817014046794,1.4127057919883794,1.5272922487590657,1.1
200.0,500.0,5.0,1.7920826838225514,1.6558527770506035,1.726029237205824,1.1
200.0,500.0,5.0,1.8389439970576489,1.528721175158635,1.4923044659344495,1.1
200.0,500.0,5.0,2.2036604327158704,2.1433503484492165,2.1690612368773765,1.0
200.0,500.0,5.0,1.872984704658506,1.6014563959429282,1.70224362738828,1.1
200.0,500.0,5.0,0.879879164017311,0.6175721823345203,0.7068870724177553,1.1
200.0,500.0,5.0,0.8546451837247712,0.5012543550595376,0.4929907607434076,1.0
200.0,500.0,5.0,0.1124498375568659,-0.2945678774479831,-0.2001601207226802,1.0
200.0,500.0,5.0,2.204101519396402,1.7871548297768187,1.85270206295328,1.0
200.0,500.0,5.0,1.0483151159325006,0.6469351574028831,0.7849679761110264,1.1
200.0,500.0,5.0,0.8122677275928507,0.4554636238167678,0.6508557946910918,1.0
200.0,500.0,5.0,1.3745186938005718,1.2998861372937165,1.3364058795739018,1.1
200.0,500.0,5.0,1.602318524390303,1.2051460293341731,1.301503529974672,1.0
200.0,500.0,5.0,1.7428044582313318,1.6398856017928811,1.6702441856615218,1.0
200.0,500.0,5.0,1.2511865575087038,1.1620444279988102,1.1813742545033237,1.1
200.0,500.0,5.0,1.8592984054320996,1.5649086392662506,1.710523381748451,1.0
200.0,500.0,5.0,0.1546994283796451,-0.1900937758321539,-0.0391603430957102,1.1
200.0,500.0,5.0,1.3868198696003984,0.9817523108536416,1.0182192365433715,1.1
200.0,500.0,5.0,1.2434458812640763,1.0063778892870965,1.068731627522493,1.0
200.0,500.0,5.0,1.4231641924506713,1.0731898097549355,1.200047187435405,1.1
200.0,500.0,5.0,2.122981483746584,2.008415390705592,2.082801795106968,1.1
200.0,500.0,5.0,1.5508149079838345,1.219202967427537,1.2938512473062205,1.0
200.0,500.0,5.0,1.53216060031942,1.1848317625818403,1.169499818001168,1.0
200.0,500.0,5.0,1.446424632725125,1.3517662647851862,1.3970149727697605,1.0
200.0,500.0,5.0,0.8831355123370841,0.4753782284368709,0.6081212650810428,1.1
200.0,500.0,5.0,1.3111448320420096,0.9818698790687216,0.9922377915962276,1.1
200.0,500.0,5.0,0.979336639034848,0.6038992597229869,0.5544929244958114,1.1
200.0,500.0,5.0,1.8461475050834,1.444230721007258,1.5279075648350164,1.0
200.0,500.0,5.0,1.3209688484617548,0.9371186664371196,0.9018975085683628,1.0
200.0,500.0,5.0,1.3395462796220878,1.0552250835098496,1.139811828853698,1.0
200.0,500.0,5.0,0.761344979595594,0.3922420272999516,0.4244286442860421,1.0
200.0,500.0,5.0,2.114880176265132,1.7878935092604331,1.74898100811657,1.1
200.0,500.0,5.0,2.026577950576064,1.9847740151949131,1.9967570491925024,1.0
200.0,500.0,5.0,1.2316138118036024,0.9026901480754096,0.997106306169065,1.0
200.0,500.0,5.0,1.0177519649265363,0.950539598870676,0.9942978588280856,1.1
200.0,500.0,5.0,1.2226599431720782,0.9720906814281568,0.9829136990968677,1.0
200.0,500.0,5.0,1.575788185736268,1.4636067280880505,1.525414037884769,1.0
200.0,500.0,5.0,1.3934393165247905,0.898848429965662,0.7452998170280959,1.0
200.0,500.0,5.0,1.18529866598641,0.8517778826350275,0.9808626632648422,1.1
200.0,500.0,5.0,1.31564805694908,0.9571833792465168,0.9850707206004564,1.0
200.0,500.0,5.0,1.444302115685014,1.076822617587154,1.0987803110796464,1.1
200.0,500.0,5.0,0.7144684606433218,0.357016548460305,0.4283398467921812,1.0
200.0,500.0,5.0,1.3239457443186573,0.9273093017816872,1.0184826375587632,1.0
200.0,500.0,5.0,1.153376343473113,0.7699419199033962,0.8971862765071805,1.0
200.0,500.0,5.0,2.3122212354557474,2.0109489190056,2.072800915935691,1.1
200.0,500.0,5.0,0.6002307628297152,0.4294046366543792,0.5108387661627632,1.1
200.0,500.0,5.0,1.303609234395661,0.966285957656104,1.050606436268892,1.1
200.0,500.0,5.0,2.4170609489210357,2.1223799051170813,2.2550821099605125,1.1
200.0,500.0,5.0,1.2603538998631745,0.8592027609497481,1.0298844820132709,1.1
200.0,500.0,5.0,1.402385073584602,1.2025927312751588,1.2721062898617697,1.1
200.0,500.0,6.0,1.7840980416856151,1.472915320117124,1.6095833869944585,1.1
200.0,500.0,6.0,1.9304992205870617,1.7670233324607243,1.8474536807035813,1.1
200.0,500.0,6.0,1.9867327964691783,1.6127355296572432,1.561159585734199,1.1
200.0,500.0,6.0,2.4443925192590443,2.376475596266531,2.402873484252852,1.0
200.0,500.0,6.0,2.027581645590207,1.6991468315988834,1.8198351258329564,1.1
200.0,500.0,6.0,0.8358549968207731,0.5191640242823939,0.6213109305106169,1.1
200.0,500.0,6.0,0.8255742204697256,0.4015126872530127,0.4077487715438838,1.0
200.0,500.0,6.0,-0.0650601949317609,-0.5526295049215599,-0.435203109622375,1.0
200.0,500.0,6.0,2.444921823275682,1.9470090917353844,2.028351107540485,1.0
200.0,500.0,6.0,1.0379781391190006,0.5557678520398631,0.7178883880680966,1.1
200.0,500.0,6.0,0.7747212731114207,0.3485495514819268,0.587723731457759,1.0
200.0,500.0,6.0,1.4294224325606857,1.3398633647524587,1.380788599357275,1.1
200.0,500.0,6.0,1.7227822292683632,1.246909623173197,1.371109166952074,1.0
200.0,500.0,6.0,1.8913653498775984,1.767862722151458,1.8068495962272717,1.0
200.0,500.0,6.0,1.2814238690104447,1.1702859691609786,1.1927779329419606,1.1
200.0,500.0,6.0,2.031158086518519,1.6801489139245969,1.8553486374831312,1.0
200.0,500.0,6.0,-0.0343606859444262,-0.4481125309985849,-0.26800307785081,1.1
200.0,500.0,6.0,1.444183843520478,0.9584310567309796,0.992249225879775,1.1
200.0,500.0,6.0,1.2921350575168915,1.01331003919329,1.0893470682913904,1.0
200.0,500.0,6.0,1.4877970309408055,1.0616375323547305,1.219157387157566,1.1
200.0,500.0,6.0,2.3275777804959,2.1900984688467107,2.2784974899435437,1.1
200.0,500.0,6.0,1.660977889580601,1.2656499258092473,1.3581665335921385,1.0
200.0,500.0,6.0,1.6385927203833044,1.22281616457428,1.2158090625044495,1.0
200.0,500.0,6.0,1.5357095592701495,1.422119517742224,1.4783091517204372,1.0
200.0,500.0,6.0,0.8397626148045008,0.3485066559214639,0.5043761217032651,1.1
200.0,500.0,6.0,1.3533737984504115,0.9578319094819852,0.9661558301397376,1.1
200.0,500.0,6.0,0.9552039668418174,0.5032065968471652,0.4343194269453393,1.1
200.0,500.0,6.0,2.0153770061000795,1.5340997804223797,1.636678774433992,1.0
200.0,500.0,6.0,1.385162618154106,0.9249701949524644,0.8956894842626721,1.0
200.0,500.0,6.0,1.4074555355465057,1.0714166296552108,1.1718092278080845,1.0
200.0,500.0,6.0,0.7136139755147125,0.2762435973101786,0.317806232709777,1.0
200.0,500.0,6.0,2.3178562115181576,1.9237054323306848,1.866560730273272,1.1
200.0,500.0,6.0,2.2318935406912765,2.1861360802544203,2.1965101150722317,1.0
200.0,500.0,6.0,1.2779365741643227,0.8842883492168947,1.004785236146713,1.0
200.0,500.0,6.0,1.0013023579118436,0.9206475186448116,0.9683194122804302,1.1
200.0,500.0,6.0,1.2671919318064937,0.9708910406142266,0.9794964389162408,1.0
200.0,500.0,6.0,1.6909458228835217,1.5563280737056604,1.630374021989413,1.0
200.0,500.0,6.0,1.472127179829748,0.8798972794347475,0.6943597804337146,1.0
200.0,500.0,6.0,1.2023583991836917,0.8002807623745829,0.9548445039812816,1.1
200.0,500.0,6.0,1.378777668338896,0.9548096819094942,0.9873516399785804,1.0
200.0,500.0,6.0,1.5305511810274155,1.0900250045956286,1.040001463219129,1.0
200.0,500.0,6.0,0.6573621527719862,0.2304874548208333,0.3140078161506173,1.0
200.0,500.0,6.0,1.388734893182389,0.914965350118681,1.0247564186147309,1.0
200.0,500.0,6.0,1.1840516121677356,0.7250885587384932,0.8765166761204473,1.0
200.0,500.0,6.0,2.554665482546897,2.1871459415861723,2.2592904566463243,1.1
200.0,500.0,6.0,0.5002769153956583,0.2952855639852551,0.3920375189802839,1.1
200.0,500.0,6.0,1.344331081274793,0.9374976688319688,1.0344568968897905,1.1
200.0,500.0,6.0,2.680473138705242,2.326855886140497,2.482487635319969,1.1
200.0,500.0,6.0,1.292424679835809,0.8089229432100711,1.014653607581772,1.1
200.0,500.0,6.0,1.4628620883015224,1.216581018888335,1.306527547834124,1.1
200.0,500.0,7.0,1.8981143819665511,1.5324175313975408,1.6945139514935348,1.1
200.0,500.0,7.0,2.068915757351572,1.8743275097816987,1.965564939786288,1.1
200.0,500.0,7.0,2.134521595880708,1.694185084290852,1.6180523330219787,1.1
200.0,500.0,7.0,2.6851246058022182,2.605888195644286,2.636685731628327,1.0
200.0,500.0,7.0,2.1821785865219083,1.7945933594058148,1.9390743869924665,1.1
200.0,500.0,7.0,0.7918308296242353,0.4223580283294595,0.5350413497088151,1.1
200.0,500.0,7.0,0.7965032572146798,0.3018455297734592,0.308416095409622,1.0
200.0,500.0,7.0,-0.2425702274203877,-0.8106786671821683,-0.6677629553158386,1.0
200.0,500.0,7.0,2.6857421271549624,2.1070873633676137,2.207055981810993,1.0
200.0,500.0,7.0,1.0276411623055006,0.4642365813194508,0.6558266756909763,1.1
200.0,500.0,7.0,0.7371748186299909,0.2424111873272553,0.5182936582548152,1.0
200.0,500.0,7.0,1.4843261713207998,1.3798405922112025,1.427586699250154,1.1
200.0,500.0,7.0,1.843245934146424,1.2894817326991808,1.4378326794037388,1.0
200.0,500.0,7.0,2.039926241523865,1.8958398425100345,1.941324528931817,1.0
200.0,500.0,7.0,1.3116611805121856,1.1820002973544752,1.201744917848922,1.1
200.0,500.0,7.0,2.203017767604939,1.8042944509096055,2.003668263403924,1.0
200.0,500.0,7.0,-0.2234208002684971,-0.7087432026393383,-0.4966759000844831,1.1
200.0,500.0,7.0,1.501547817440558,0.9350847793778758,0.9705083270212356,1.1
200.0,500.0,7.0,1.3408242337697072,1.0155283790588383,1.1079791196045872,1.0
200.0,500.0,7.0,1.5524298694309395,1.0552437877471852,1.2390169516838272,1.1
200.0,500.0,7.0,2.532174077245217,2.3717815469878287,2.471955212993663,1.1
200.0,500.0,7.0,1.771140871177368,1.3177712425675692,1.4178609558574948,1.0
200.0,500.0,7.0,1.7450248404471882,1.262386061895875,1.252954967103336,1.0
200.0,500.0,7.0,1.624994485815175,1.492472770699261,1.558027343673844,1.0
200.0,500.0,7.0,0.7963897172719177,0.2221700564805665,0.4025225551448395,1.1
200.0,500.0,7.0,1.3956027648588132,0.933803312817467,0.9367465102130932,1.1
200.0,500.0,7.0,0.9310712946487872,0.4025481168933192,0.323130744788583,1.1
200.0,500.0,7.0,2.18460650711676,1.6268322822350134,1.7475622247505496,1.0
200.0,500.0,7.0,1.449356387846457,0.913536382136021,0.8961842215966591,1.0
200.0,500.0,7.0,1.475364791470923,1.0874040850947615,1.2009366485595774,1.0
200.0,500.0,7.0,0.6658829714338317,0.1601169854471387,0.2058504344631556,1.0
200.0,500.0,7.0,2.5208322467711834,2.0529171405390545,1.994320851985484,1.1
200.0,500.0,7.0,2.4372091308064894,2.383825426963491,2.3959284675842705,1.0
200.0,500.0,7.0,1.3242593365250432,0.8714945354904018,1.006113264507558,1.0
200.0,500.0,7.0,0.9848527508971509,0.881833107638392,0.9463726476605014,1.1
200.0,500.0,7.0,1.311723920440909,0.9738524561727964,0.9785731110316576,1.0
200.0,500.0,7.0,1.806103460030775,1.6490494193232703,1.735436358987648,1.0
200.0,500.0,7.0,1.550815043134706,0.8611007697423088,0.6462739721620315,1.0
200.0,500.0,7.0,1.219418132380974,0.7482469537565959,0.9341127140712864,1.1
200.0,500.0,7.0,1.4419072797287118,0.951764361147838,0.991588899958156,1.0
200.0,500.0,7.0,1.618976377865318,1.1056471673695354,1.0504091484169769,1.0
200.0,500.0,7.0,0.6002558449006505,0.1022353639576386,0.2061964491256303,1.0
200.0,500.0,7.0,1.4535240420461206,0.9007929084717944,1.0426389355984127,1.0
200.0,500.0,7.0,1.214726880862358,0.6848284273296652,0.8576409553322923,1.0
200.0,500.0,7.0,2.7971097296380467,2.3683369318505343,2.4497410602967284,1.1
200.0,500.0,7.0,0.4003230679616013,0.1470788365232473,0.2740437721436646,1.1
200.0,500.0,7.0,1.3850529281539252,0.9046016306754578,1.0169257611739937,1.1
200.0,500.0,7.0,2.943885328489449,2.531331867163914,2.7148462543566656,1.1
200.0,500.0,7.0,1.3244954598084435,0.7592233302852367,1.0029074534960492,1.1
200.0,500.0,7.0,1.5233391030184422,1.2335205017251751,1.3401531636206954,1.1
200.0,500.0,8.0,2.012130722247487,1.5911805624089326,1.7795995955032504,1.1
200.0,500.0,8.0,2.2073322941160822,1.9805454591647045,2.0837653048012106,1.1
200.0,500.0,8.0,2.282310395292238,1.7768169092260575,1.6920598091679748,1.1
200.0,500.0,8.0,2.925856692345392,2.835300795022041,2.870497979003802,1.0
200.0,500.0,8.0,2.336775527453609,1.8938209821780736,2.056396551264683,1.1
200.0,500.0,8.0,0.7478066624276976,0.3255520323765253,0.4543329710957886,1.1
200.0,500.0,8.0,0.7674322939596342,0.2022767446908729,0.2164573606644309,1.0
200.0,500.0,8.0,-0.4200802599090145,-1.0689010028610562,-0.9104653339919137,1.0
200.0,500.0,8.0,2.926562431034242,2.2652427009915583,2.394402821412697,1.0
200.0,500.0,8.0,1.0173041854920009,0.3728233962677085,0.5836565250517971,1.1
200.0,500.0,8.0,0.699628364148561,0.1355889979105817,0.4541886564270406,1.0
200.0,500.0,8.0,1.539229910080914,1.409592989487778,1.4743847991430334,1.1
200.0,500.0,8.0,1.963709639024484,1.3319767816556571,1.5122378029952042,1.0
200.0,500.0,8.0,2.188487133170131,2.0238169628686102,2.075799461636361,1.0
200.0,500.0,8.0,1.3418984920139263,1.1882189080959409,1.2162799061130538,1.1
200.0,500.0,8.0,2.374877448691359,1.922299236509129,2.147049443890199,1.0
200.0,500.0,8.0,-0.4124809145925681,-0.968104810355498,-0.7368888605555595,1.1
200.0,500.0,8.0,1.567088421116959,0.9206613365058764,0.8759075400160512,1.0
200.0,500.0,8.0,1.3895134100225224,1.0177467189243867,1.126362406071415,1.0
200.0,500.0,8.0,1.617062707921074,1.0408714596140256,1.252476582894671,1.1
200.0,500.0,8.0,2.736770373994534,2.5491573388754896,2.6679488148499013,1.1
200.0,500.0,8.0,1.8813038527741348,1.3631671343629364,1.4823211242081091,1.0
200.0,500.0,8.0,1.851456960511073,1.3013176959870334,1.2902120106555983,1.0
200.0,500.0,8.0,1.7142794123601997,1.5687518668362546,1.63774553562725,1.0
200.0,500.0,8.0,0.7530168197393345,0.0955500795145958,0.302882920165531,1.1
200.0,500.0,8.0,1.4378317312672153,0.9096847388345471,0.899807151341376,1.1
200.0,500.0,8.0,0.9069386224557568,0.3027175122666191,0.207040975040546,1.1
200.0,500.0,8.0,2.3538360081334395,1.72361131698865,1.8595438046921444,1.0
200.0,500.0,8.0,1.5135501575388082,0.901465305453826,0.8813533961104677,1.0
200.0,500.0,8.0,1.5432740473953408,1.1046322276425362,1.229641884068089,1.0
200.0,500.0,8.0,0.6181519673529505,0.0401336976538727,0.0950611412635954,1.0
200.0,500.0,8.0,2.7238082820242107,2.184495422338243,2.109513139397043,1.1
200.0,500.0,8.0,2.642524720921702,2.581514773672561,2.5953468200963083,1.0
200.0,500.0,8.0,1.3705820988857638,0.8561724047943452,1.006986588008638,1.0
200.0,500.0,8.0,0.968403143882458,0.8506664087295905,0.924425883040573,1.1
200.0,500.0,8.0,1.3562559090753248,0.9731168204658912,0.9763419969980542,1.0
200.0,500.0,8.0,1.9212610971780288,1.7417707649408805,1.840498695985884,1.0
200.0,500.0,8.0,1.6295029064396638,0.8422468577368684,0.6002956580924492,1.0
200.0,500.0,8.0,1.236477865578256,0.6945340792521326,0.9042261706335172,1.1
200.0,500.0,8.0,1.505036891118528,0.946603836733752,0.9903873142378926,1.0
200.0,500.0,8.0,1.7074015747032203,1.120948667991739,1.0588036169057529,1.0
200.0,500.0,8.0,0.5431495370293149,-0.0231488788631428,0.0947236829104782,1.0
200.0,500.0,8.0,1.518313190909852,0.8876576843174201,1.0480531905261317,1.0
200.0,500.0,8.0,1.245402149556981,0.6414366479938761,0.8433941489071093,1.0
200.0,500.0,8.0,3.039553976729196,2.545709370136452,2.6371957005501185,1.1
200.0,500.0,8.0,0.3003692205275444,0.010947241740854,0.1560500253070453,1.1
200.0,500.0,8.0,1.4257747750330572,0.8702042391826255,0.9928362443469084,1.1
200.0,500.0,8.0,3.2072975182736565,2.7302455188260843,2.939804453481941,1.1
200.0,500.0,8.0,1.3565662397810785,0.7065893961784312,0.9878426346645706,1.1
200.0,500.0,8.0,1.583816117735363,1.2525948591144858,1.3712869121871618,1.1
200.0,500.0,9.0,2.126147062528423,1.6525781327100488,1.8645495449411564,1.1
200.0,500.0,9.0,2.3457488308805927,2.085686671925349,2.2056026020603268,1.1
200.0,500.0,9.0,2.430099194703768,1.8614190228793157,1.7660672853139725,1.1
200.0,500.0,9.0,3.1665887788885665,3.064713394399796,3.1091790035799263,1.0
200.0,500.0,9.0,2.491372468385311,1.98938767976022,2.175946120172769,1.1
200.0,500.0,9.0,0.7037824952311599,0.2287460364235911,0.3736245924827621,1.1
200.0,500.0,9.0,0.7383613307045883,0.1026824987398358,0.1164204279693987,1.0
200.0,500.0,9.0,-0.5975902923976408,-1.3269722805067652,-1.145755352107448,1.0
200.0,500.0,9.0,3.1673827349135237,2.4233980386155034,2.581740131279645,1.0
200.0,500.0,9.0,1.006967208678501,0.2819263208011726,0.5165072178374086,1.1
200.0,500.0,9.0,0.662081909667131,0.0307886107673632,0.3877724506219256,1.0
200.0,500.0,9.0,1.5941336488410285,1.4482921131737505,1.5211828990359126,1.1
200.0,500.0,9.0,2.0841733439025445,1.373473879362614,1.577664340921472,1.0
200.0,500.0,9.0,2.3370480248163976,2.1581282276591303,2.210274394340907,1.0
200.0,500.0,9.0,1.372135803515667,1.1992462716079328,1.2291660606339512,1.1
200.0,500.0,9.0,2.5467371297777786,2.048157381593254,2.293615906292829,1.0
200.0,500.0,9.0,-0.6015410289166394,-1.2266179116499356,-0.968952299995927,1.1
200.0,500.0,9.0,1.637974473756579,0.9109749383464542,0.8603959825180578,1.0
200.0,500.0,9.0,1.438202586275338,1.0199650587899354,1.1462922077037243,1.0
200.0,500.0,9.0,1.6816955464112082,1.0312770214697622,1.27276255302166,1.1
200.0,500.0,9.0,2.9413666707438506,2.730302006234926,2.8602829282958084,1.1
200.0,500.0,9.0,1.991466834370902,1.4106361790802733,1.5475419862120487,1.0
200.0,500.0,9.0,1.9578890805749565,1.3406153972904231,1.3330589741617564,1.0
200.0,500.0,9.0,1.8035643389052245,1.6398458501907862,1.7174637275806564,1.0
200.0,500.0,9.0,0.7096439222067513,-0.0300061605460796,0.2001269432430086,1.1
200.0,500.0,9.0,1.4800606976756172,0.885745317585276,0.8638482974961826,1.1
200.0,500.0,9.0,0.8828059502627265,0.2026783849983791,0.0866825260703183,1.1
200.0,500.0,9.0,2.52306550915012,1.815710843609276,1.966986780278663,1.0
200.0,500.0,9.0,1.5777439272311593,0.8898247398778142,0.8677761090050128,1.0
200.0,500.0,9.0,1.611183303319758,1.1204088616108805,1.2626825216574589,1.0
200.0,500.0,9.0,0.5704209632720691,-0.0783416663440321,-0.006890647013875,1.0
200.0,500.0,9.0,2.926784317277237,2.320057350130523,2.2300438097946693,1.1
200.0,500.0,9.0,2.847840311036915,2.779204120381631,2.794765172608348,1.0
200.0,500.0,9.0,1.4169048612464843,0.8399200805392623,1.0143892354479322,1.0
200.0,500.0,9.0,0.9519535368677652,0.8194997098207897,0.8988337239003823,1.1
200.0,500.0,9.0,1.4007878977097403,0.9697564230241278,0.9814054432487238,1.0
200.0,500.0,9.0,2.036418734325282,1.841226094054936,1.9455610329841195,1.0
200.0,500.0,9.0,1.708190769744622,0.8236927981475987,0.5783166135903659,1.0
200.0,500.0,9.0,1.253537598775538,0.640064938296545,0.8795939437334772,1.1
200.0,500.0,9.0,1.568166502508344,0.939929316325471,0.9921155926407972,1.0
200.0,500.0,9.0,1.7958267715411234,1.1368486369940576,1.0700200560655957,1.0
200.0,500.0,9.0,0.486043229157979,-0.1444689788789906,-0.0127042940374605,1.0
200.0,500.0,9.0,1.5831023397735833,0.877240562136199,1.0581467998545968,1.0
200.0,500.0,9.0,1.276077418251604,0.5984880944001629,0.8253143731177467,1.0
200.0,500.0,9.0,3.281998223820346,2.7200781988671143,2.829345163118884,1.1
200.0,500.0,9.0,0.2004153730934875,-0.1296245175983182,0.0380562784704261,1.1
200.0,500.0,9.0,1.466496621912189,0.8371730121695069,0.979440774890272,1.1
200.0,500.0,9.0,3.4707097080578637,2.9309351456357606,3.1670486834700893,1.1
200.0,500.0,9.0,1.3886370197537137,0.6574130707007353,0.9691109468353936,1.1
200.0,500.0,9.0,1.6442931324522831,1.2653725333963708,1.4016176514013017,1.1
200.0,500.0,10.0,2.240163402809359,1.7139757030111658,1.9494994943790631,1.1
200.0,500.0,10.0,2.484165367645103,2.195207413250388,2.319825440370095,1.1
200.0,500.0,10.0,2.5778879941152977,1.9460211365325728,1.8351065834880809,1.1
200.0,500.0,10.0,3.4073208654317413,3.301724883858317,3.34353222619992,1.0
200.0,500.0,10.0,2.6459694093170123,2.084195163607796,2.289215409339291,1.1
200.0,500.0,10.0,0.659758328034622,0.1258320220649634,0.2929162138697357,1.1
200.0,500.0,10.0,0.7092903674495427,0.0034391272403612,0.0256922882761878,1.0
200.0,500.0,10.0,-0.7751003248862683,-1.5849133501885213,-1.3815718521149236,1.0
200.0,500.0,10.0,3.408203038792803,2.581553376239448,2.7641680094869723,1.0
200.0,500.0,10.0,0.9966302318650012,0.1904150690742229,0.4500496284857221,1.1
200.0,500.0,10.0,0.6245354551857012,-0.0769015435918182,0.3197471673576953,1.0
200.0,500.0,10.0,1.6490373876011422,1.4869912368597222,1.5679809989287912,1.1
200.0,500.0,10.0,2.2046370487806053,1.4157327531677986,1.642597932885136,1.0
200.0,500.0,10.0,2.485608916462664,2.2868091418434777,2.344749327045452,1.0
200.0,500.0,10.0,1.402373115017408,1.2102736351199257,1.2435178451488351,1.1
200.0,500.0,10.0,2.7185968108641987,2.168563254229639,2.439086720325139,1.0
200.0,500.0,10.0,-0.7906011432407104,-1.4862888061569175,-1.1980178379134607,1.1
200.0,500.0,10.0,1.708860526396199,0.901083264829394,0.8414085315172767,1.0
200.0,500.0,10.0,1.486891762528153,1.0270458405843308,1.1625468974485822,1.0
200.0,500.0,10.0,1.7463283849013425,1.0236411349664023,1.292086572351118,1.1
200.0,500.0,10.0,3.1459629674931677,2.9114466735943623,3.0515243841512456,1.1
200.0,500.0,10.0,2.1016298159676685,1.460943197074128,1.6083799846800535,1.0
200.0,500.0,10.0,2.0643212006388403,1.378461552544915,1.3710164119832848,1.0
200.0,500.0,10.0,1.8928492654502496,1.710939833545318,1.7971819195340628,1.0
200.0,500.0,10.0,0.666271024674168,-0.1555624006067553,0.1001410480477872,1.1
200.0,500.0,10.0,1.522289664084019,0.8619392417614175,0.831528774617636,1.1
200.0,500.0,10.0,0.8586732780696964,0.1027890093027824,-0.0274101436459595,1.1
200.0,500.0,10.0,2.6922950101667995,1.910080529645037,2.0843573294877977,1.0
200.0,500.0,10.0,1.64193769692351,0.8775830443086821,0.8549520558368272,1.0
200.0,500.0,10.0,1.6790925592441754,1.1458770444178248,1.2918694685082874,1.0
200.0,500.0,10.0,0.522689959191188,-0.196460701824696,-0.1187673855709723,1.0
200.0,500.0,10.0,3.129760352530263,2.452830732504089,2.348147429797021,1.1
200.0,500.0,10.0,3.0531559011521274,2.976893467090701,2.994183525120386,1.0
200.0,500.0,10.0,1.4632276236072048,0.8260532603727233,1.0213505498739546,1.0
200.0,500.0,10.0,0.9355039298530726,0.7820469206987409,0.8764819154448692,1.1
200.0,500.0,10.0,1.4453198863441554,0.9663960255823636,0.9834888856220294,1.0
200.0,500.0,10.0,2.151576371472536,1.9346956600610397,2.0506233699823557,1.0
200.0,500.0,10.0,1.78687863304958,0.8047790866671546,0.5314629039892957,1.0
200.0,500.0,10.0,1.27059733197282,0.5875814350523122,0.8551043819260861,1.1
200.0,500.0,10.0,1.6312961138981596,0.9332547959171896,1.002339240436093,1.0
200.0,500.0,10.0,1.8842519683790255,1.152682767036448,1.079293769384516,1.0
200.0,500.0,10.0,0.4289369212866433,-0.2716321987544341,-0.1252269933749561,1.0
200.0,500.0,10.0,1.6478914886373148,0.8636006245957769,1.0745087197082106,1.0
200.0,500.0,10.0,1.3067526869462265,0.5538756604446252,0.8128584866878266,1.0
200.0,500.0,10.0,3.524442470911495,2.9000868876301262,3.0082230229797644,1.1
200.0,500.0,10.0,0.1004615256594306,-0.2711697225561311,-0.0799374683661932,1.1
200.0,500.0,10.0,1.507218468791322,0.8032983980632865,0.9660453054336358,1.1
200.0,500.0,10.0,3.73412189784207,3.1241216980669213,3.394762488853422,1.1
200.0,500.0,10.0,1.4207077997263482,0.6066453397091854,0.9545677187059928,1.1
200.0,500.0,10.0,1.7047701471692034,1.280275334910903,1.4351307237792237,1.1
300.0,500.0,0.5,1.0805317004255055,1.05482123418101,1.0645981734561538,1.1
300.0,500.0,0.5,1.111901950294523,1.0944237727364527,1.102577760821368,1.0
300.0,500.0,0.5,1.148078139077091,1.146253123295085,1.1475971987112394,1.1
300.0,500.0,0.5,1.1045825514430423,1.0897876077716395,1.0951828169952842,1.1
300.0,500.0,0.5,1.173196750483509,1.1663957052152418,1.1717230373200789,1.1
300.0,500.0,0.5,1.028195717602112,1.0011542415753645,1.0090463193056651,1.1
300.0,500.0,0.5,1.0764892223936582,1.0457531853908757,1.0529228750925477,1.1
300.0,500.0,0.5,1.01838669923036,1.0071470472221349,1.0111732776185876,1.1
300.0,500.0,0.5,1.1870873164292468,1.1750750270272785,1.180708659317284,1.1
300.0,500.0,0.5,1.182836717359795,1.1817325232441351,1.1819008613192057,1.1
300.0,500.0,0.5,1.0673104303933325,1.0609491352647225,1.0650954231832714,1.1
300.0,500.0,0.5,1.1552404014715076,1.1310448318225463,1.1380219630615622,1.1
300.0,500.0,0.5,1.084274778097427,1.0606432271658657,1.065033373431188,1.1
300.0,500.0,0.5,1.0384146725759955,1.0232964234999944,1.031781019432589,1.1
300.0,500.0,0.5,0.983220373951711,0.9624072997608684,0.972413990455766,1.1
300.0,500.0,0.5,1.0686342279277028,1.0532618815399304,1.0585405092860507,1.0
300.0,500.0,0.5,1.062112659520141,1.0303025025576134,1.0283205480933897,1.0
300.0,500.0,0.5,1.1241031414760907,1.1241031414760905,1.1241031414760907,1.1
300.0,500.0,0.5,1.1145314340664982,1.098318616892816,1.1049666646485183,1.1
300.0,500.0,0.5,1.146619601766487,1.143778490235175,1.144142617070402,1.1
300.0,500.0,0.5,1.0761065655168425,1.052822222656661,1.0651932781559112,1.1
300.0,500.0,0.5,1.0213561673570322,0.9930602090226212,1.0056043201394225,1.1
300.0,500.0,0.5,1.0632278039253344,1.0486756145114653,1.0569790000084365,1.1
300.0,500.0,0.5,1.0657555640749603,1.033756794358106,1.0315032392695356,1.1
300.0,500.0,0.5,1.1340504114287988,1.1084954015265498,1.115258644307971,1.1
300.0,500.0,0.5,1.1920758453809803,1.1920758453809803,1.1920758453809803,1.1
300.0,500.0,0.5,1.1222065736673257,1.1170723424940494,1.11995461245689,1.1
300.0,500.0,0.5,1.0791132344464858,1.0435209805581995,1.0557932837699702,1.1
300.0,500.0,0.5,1.0553346553095573,1.038326307992338,1.0466524445208178,1.1
300.0,500.0,0.5,1.2168473861686755,1.2139400347447586,1.2142577684134404,1.1
300.0,500.0,0.5,1.1636492479872926,1.137208397740776,1.1368050564054228,1.1
300.0,500.0,0.5,1.1045636255753697,1.0780300166364938,1.0836693022865769,1.1
300.0,500.0,0.5,1.0905068510791431,1.0674503309981065,1.0784602112683013,1.1
300.0,500.0,0.5,1.0740100992138868,1.0545206575000172,1.064512122702896,1.1
300.0,500.0,0.5,1.0655836523126148,1.0500735337017462,1.0551000835285202,1.1
300.0,500.0,0.5,1.0935115236198114,1.0902782600841894,1.0917548892240914,1.1
300.0,500.0,0.5,1.1349547691454551,1.1166185317873063,1.12173163803367,1.1
300.0,500.0,0.5,1.1427723601461186,1.130286622664756,1.1333369366874575,1.1
300.0,500.0,0.5,1.1255018562860677,1.1111086854311003,1.1185640483386767,1.1
300.0,500.0,0.5,1.0771427797970483,1.0726467127558337,1.0761760300646894,1.1
300.0,500.0,0.5,1.109705539307561,1.0781227781294418,1.0924487059806187,1.1
300.0,500.0,0.5,1.0844869465916576,1.057560218394242,1.063546997777142,1.1
300.0,500.0,0.5,0.9950733179953254,0.963336196163324,0.976648043116042,1.1
300.0,500.0,0.5,1.0959288295389775,1.086672518493227,1.0911423319401077,1.1
300.0,500.0,0.5,1.0027239170427102,0.9797589277959884,0.986352203659881,1.1
300.0,500.0,0.5,1.0049001520192786,0.9735434476379732,0.989670323540774,1.0
300.0,500.0,0.5,1.131367367943108,1.1251854074663667,1.1282716513744582,1.1
300.0,500.0,0.5,1.1192841230675192,1.117487588550018,1.1186257377881328,1.1
300.0,500.0,0.5,1.083706641409212,1.0786074834890538,1.078207846280015,1.1
300.0,500.0,0.5,1.2246429895015567,1.2229523007148548,1.2241680294750923,1.1
300.0,500.0,1.0,1.2005042218607938,1.1555247640463846,1.176930923389797,1.1
300.0,500.0,1.0,1.2238039005890458,1.2085389517154044,1.2184060669409298,1.0
300.0,500.0,1.0,1.1961562781541826,1.1874150877193088,1.1915400469216826,1.1
300.0,500.0,1.0,1.109165102886084,1.0586542089490176,1.0695804181141526,1.1
300.0,500.0,1.0,1.2463935009670175,1.212522786044073,1.228646061102332,1.1
300.0,500.0,1.0,0.9764114717134292,0.9136351357713064,0.9109878612844764,1.0
300.0,500.0,1.0,1.119880302701333,1.0619165385754286,1.0637496254709171,1.0
300.0,500.0,1.0,0.9367733984607202,0.8885415756410221,0.904021748954758,1.1
300.0,500.0,1.0,1.2741746328584935,1.2249183528135243,1.2431883066444034,1.1
300.0,500.0,1.0,1.2656734347195893,1.259443153973025,1.2565822747345543,1.1
300.0,500.0,1.0,1.0346208607866654,1.0026298042412434,1.01875515166313,1.1
300.0,500.0,1.0,1.210480802943015,1.143269411088763,1.1503277962166485,1.1
300.0,500.0,1.0,1.0685495561948537,1.0063231351800803,0.998852355631176,1.1
300.0,500.0,1.0,0.976829345151991,0.9238689302530736,0.9428084552395511,1.1
300.0,500.0,1.0,0.8664407479034218,0.8048057993575074,0.8180534096247822,1.1
300.0,500.0,1.0,1.137268455855406,1.1269261423928187,1.1283537231163512,1.0
300.0,500.0,1.0,1.1242253190402811,1.0794494691410073,1.0893911871386317,1.0
300.0,500.0,1.0,1.148206282952182,1.148206282952182,1.148206282952182,1.1
300.0,500.0,1.0,1.1290628681329964,1.0721519559788752,1.092146372221575,1.1
300.0,500.0,1.0,1.1932392035329735,1.1701391298356985,1.1744257339182975,1.1
300.0,500.0,1.0,1.052213131033685,0.9903763952735004,1.008787630246845,1.1
300.0,500.0,1.0,0.9785594420519462,0.9164472029249396,0.9164487814016364,1.0
300.0,500.0,1.0,1.0264556078506688,0.9752639945442536,0.9981840957501916,1.1
300.0,500.0,1.0,1.0318011371515587,0.9573828037315856,0.988508290375991,1.0
300.0,500.0,1.0,1.168100822857598,1.101583610502046,1.1014960010149035,1.1
300.0,500.0,1.0,1.2841516907619608,1.2830702257811704,1.2841516907619608,1.1
300.0,500.0,1.0,1.1444131473346504,1.1132885020206418,1.130863821928929,1.1
300.0,500.0,1.0,1.1278913948304523,1.059462267290514,1.0589445714493435,1.0
300.0,500.0,1.0,1.0106693106191147,0.9551349402385042,0.9750513607936522,1.1
300.0,500.0,1.0,1.3336947723373518,1.315168341454822,1.3216304146246796,1.1
300.0,500.0,1.0,1.2364616295916024,1.172386028188285,1.1895730670809903,1.0
300.0,500.0,1.0,1.1091272511507388,1.0454443155554511,1.0348619767545693,1.1
300.0,500.0,1.0,1.0810137021582864,1.019639201221605,1.029724024578271,1.1
300.0,500.0,1.0,1.0480201984277735,0.9908790008342476,1.012095277489968,1.1
300.0,500.0,1.0,1.0311673046252283,0.9771792954877024,0.9910766354546588,1.1
300.0,500.0,1.0,1.0870230472396232,1.0681388085821646,1.0776566864936776,1.1
300.0,500.0,1.0,1.1699095382909102,1.1105204055771962,1.1204494344833278,1.1
300.0,500.0,1.0,1.1855447202922371,1.13853814676658,1.141201879027438,1.1
300.0,500.0,1.0,1.1510037125721353,1.1001503946812023,1.1224569257537278,1.1
300.0,500.0,1.0,1.054285559594097,1.030509019063454,1.0452559363623368,1.1
300.0,500.0,1.0,1.119411078615122,1.0452412236425286,1.0582980224210687,1.1
300.0,500.0,1.0,1.075350443730014,1.0120376281905077,1.0295838370784856,1.0
300.0,500.0,1.0,0.9539743835356568,0.894494320561215,0.9069566036717858,1.0
300.0,500.0,1.0,1.0918576590779556,1.0534414761983648,1.0707662949993406,1.1
300.0,500.0,1.0,0.9054478340854206,0.8459593551303007,0.8447493927277264,1.1
300.0,500.0,1.0,1.0098003040385577,0.9721607680182816,0.9961694013661933,1.0
300.0,500.0,1.0,1.162734735886216,1.1324494213972292,1.1485988111874634,1.1
300.0,500.0,1.0,1.1385682461350384,1.125159545339335,1.1319484056406146,1.1
300.0,500.0,1.0,1.067413282818424,1.0421565245101798,1.0447539144535616,1.1
300.0,500.0,1.0,1.349285979003113,1.335870265898396,1.3458287629304575,1.1
300.0,500.0,1.5,1.2507563327911908,1.1720497614354897,1.2076018802029518,1.1
300.0,500.0,1.5,1.3357058508835684,1.3214787030897706,1.3301078195199254,1.0
300.0,500.0,1.5,1.2442344172312738,1.2238848841769618,1.2360169833212178,1.1
300.0,500.0,1.5,1.1137476543291256,1.028119734535742,1.0409123832761429,1.1
300.0,500.0,1.5,1.3195902514505269,1.2558841620881864,1.2838180320423542,1.1
300.0,500.0,1.5,0.964617207570144,0.8738489731291975,0.8799573035234574,1.0
300.0,500.0,1.5,1.179820454052,1.1020097761443293,1.1133692397353314,1.0
300.0,500.0,1.5,0.8551600976910804,0.7758736888071246,0.7915062543997644,1.1
300.0,500.0,1.5,1.3612619492877402,1.2766051037052484,1.3010722262010563,1.1
300.0,500.0,1.5,1.348510152079384,1.3279925929884997,1.3302340615433352,1.1
300.0,500.0,1.5,1.001931291179998,0.941619438652008,0.9719607004296495,1.1
300.0,500.0,1.5,1.2657212044145223,1.1610246207034716,1.1614125114283396,1.1
300.0,500.0,1.5,1.0774173241882743,0.9844394987500086,0.996699387095209,1.0
300.0,500.0,1.5,0.9152440177279864,0.8275515408116731,0.8506659026827696,1.1
300.0,500.0,1.5,0.7496611218551329,0.6503595129544764,0.659061110125555,1.1
300.0,500.0,1.5,1.2059026837831093,1.193128552951897,1.1990630473035129,1.0
300.0,500.0,1.5,1.186337978560422,1.13502594512678,1.1447099095315405,1.0
300.0,500.0,1.5,1.172309424428273,1.1706835446789494,1.172309424428273,1.1
300.0,500.0,1.5,1.1435943021994943,1.046714577973204,1.0805878762056411,1.1
300.0,500.0,1.5,1.2398588052994606,1.1988407313350975,1.208771370381902,1.1
300.0,500.0,1.5,1.0392899878257136,0.9449449861409388,0.9388769552931012,1.0
300.0,500.0,1.5,0.9678391630779196,0.880146729746692,0.8915867551899647,1.0
300.0,500.0,1.5,0.9896834117760028,0.9052124978328424,0.9353095752928589,1.1
300.0,500.0,1.5,1.0477017057273383,0.9369833874137568,0.9883700937102342,1.0
300.0,500.0,1.5,1.202334490032047,1.1015037956115032,1.109275025663731,1.0
300.0,500.0,1.5,1.376227536142941,1.3746053386717554,1.3762275361429408,1.1
300.0,500.0,1.5,1.1666197210019753,1.10947670158035,1.1359068980525788,1.1
300.0,500.0,1.5,1.1918370922456782,1.0975053613464525,1.1021977365959512,1.0
300.0,500.0,1.5,0.9660039659286724,0.8740977684683471,0.8985988138281015,1.1
300.0,500.0,1.5,1.4505421585060276,1.41565696487288,1.4278988526171177,1.1
300.0,500.0,1.5,1.354692444387404,1.2616243006743917,1.3008019242353457,1.0
300.0,500.0,1.5,1.1413658243158635,1.047062441866023,1.082940440813406,1.0
300.0,500.0,1.5,1.0803148368657067,0.9874008641383624,0.9784807678985638,1.0
300.0,500.0,1.5,1.0220302976416606,0.9288352425466444,0.9575513379198092,1.1
300.0,500.0,1.5,0.9967509569378424,0.910443013975354,0.9213121900501552,1.1
300.0,500.0,1.5,1.080534570859435,1.041944371915163,1.0596771636655689,1.1
300.0,500.0,1.5,1.204864307436365,1.1081003158763894,1.1152725543484625,1.1
300.0,500.0,1.5,1.2283170804383556,1.149533302309602,1.1436545920629786,1.1
300.0,500.0,1.5,1.176505568858203,1.091218715635692,1.1233227531026702,1.1
300.0,500.0,1.5,1.0314283393911454,0.9825430118310682,1.0132061163967494,1.1
300.0,500.0,1.5,1.1548284646536704,1.0445896489349482,1.056701134956237,1.0
300.0,500.0,1.5,1.1130256655950208,1.0215663209562442,1.0591154173461288,1.0
300.0,500.0,1.5,0.9309615753034852,0.8513261048017539,0.8739148045944379,1.0
300.0,500.0,1.5,1.0877864886169335,1.018251348768643,1.045433433474372,1.1
300.0,500.0,1.5,0.8576627982712379,0.7704945649910742,0.7903312038492076,1.0
300.0,500.0,1.5,1.014700456057836,0.9717260019085108,0.99844120884888,1.0
300.0,500.0,1.5,1.1941021038293238,1.1349732700649104,1.1651154266447905,1.1
300.0,500.0,1.5,1.1578523692025575,1.1333720980607958,1.1429311781410472,1.1
300.0,500.0,1.5,1.051119924227636,0.9984596291912932,1.0086689969259188,1.1
300.0,500.0,1.5,1.4739289685046693,1.4495558753599451,1.4676153576115183,1.1
300.0,500.0,2.0,1.3010084437215876,1.1886457606566017,1.2341759177247746,1.1
300.0,500.0,2.0,1.4476078011780908,1.431223322936779,1.4406574570086168,1.0
300.0,500.0,2.0,1.2923125563083653,1.26069717892795,1.2787656371657328,1.1
300.0,500.0,2.0,1.1183302057721671,0.9982630288684048,1.01642319115338,1.1
300.0,500.0,2.0,1.3927870019340358,1.3019170490957777,1.3339797216525195,1.1
300.0,500.0,2.0,0.9528229434268588,0.8355535239446957,0.8468624744519141,1.0
300.0,500.0,2.0,1.2397606054026666,1.1439271491777965,1.1630536033737906,1.0
300.0,500.0,2.0,0.7735467969214403,0.6617053828278061,0.6799693913353172,1.1
300.0,500.0,2.0,1.4483492657169867,1.3284477226670357,1.3568554626914866,1.1
300.0,500.0,2.0,1.4313468694391789,1.3966811694095196,1.4024618567521958,1.1
300.0,500.0,2.0,0.9692417215733308,0.8804686081219244,0.9223671406967092,1.1
300.0,500.0,2.0,1.326532938049707,1.1863839436818049,1.18298927855857,1.0
300.0,500.0,2.0,1.1032230989176988,0.9819458559184574,1.0031372184471572,1.0
300.0,500.0,2.0,0.8536586903039817,0.7337441992770182,0.7605709237736453,1.1
300.0,500.0,2.0,0.6328814958068437,0.4988791452143788,0.5062469830913638,1.1
300.0,500.0,2.0,1.274536911710812,1.261495453146665,1.2673026455197005,1.0
300.0,500.0,2.0,1.248450638080563,1.1845214365854515,1.198460886648411,1.0
300.0,500.0,2.0,1.1964125659043643,1.1921284650937332,1.1964125659043643,1.1
300.0,500.0,2.0,1.1581257362659927,1.0250377065408562,1.0591193730689403,1.1
300.0,500.0,2.0,1.2864784070659476,1.2267372002265111,1.2384603496099726,1.1
300.0,500.0,2.0,1.052386650434285,0.927657008057716,0.9299144426027526,1.0
300.0,500.0,2.0,0.9571188841038928,0.8457078195939617,0.870530462504549,1.0
300.0,500.0,2.0,0.9529112157013372,0.836052139735282,0.8729532545936497,1.1
300.0,500.0,2.0,1.0636022743031175,0.9183400417897224,0.9876035129461136,1.0
300.0,500.0,2.0,1.2697793200427294,1.1362255936498555,1.1575213226158974,1.0
300.0,500.0,2.0,1.4683033815239217,1.4661404515623409,1.4683033815239217,1.1
300.0,500.0,2.0,1.1888262946693002,1.1013824945498751,1.1435528456383628,1.1
300.0,500.0,2.0,1.2557827896609044,1.1391863296865097,1.147027621282796,1.0
300.0,500.0,2.0,0.9213386212382298,0.7917616045389408,0.8246372547943696,1.1
300.0,500.0,2.0,1.5673895446747037,1.5115808393574834,1.5336559873522717,1.1
300.0,500.0,2.0,1.472923259183205,1.35184957335093,1.4080216144318456,1.0
300.0,500.0,2.0,1.188487765754485,1.0656356228951318,1.112941812022887,1.0
300.0,500.0,2.0,1.1070864491542756,0.9841573388487124,0.9799854049510396,1.0
300.0,500.0,2.0,0.9960403968555476,0.8694502310476947,0.8996700622366083,1.1
300.0,500.0,2.0,0.9623346092504566,0.8460125538879343,0.853257656189812,1.1
300.0,500.0,2.0,1.0740460944792465,1.0121626589320325,1.0428688478953332,1.1
300.0,500.0,2.0,1.2398190765818202,1.1069251410440084,1.1075781757939969,1.1
300.0,500.0,2.0,1.271089440584474,1.159223283405699,1.1457203931852311,1.1
300.0,500.0,2.0,1.2020074251442707,1.0851799743248205,1.1177025566881855,1.1
300.0,500.0,2.0,1.008571119188194,0.9365832518687444,0.9788370952833948,1.1
300.0,500.0,2.0,1.2064379528715603,1.0621720599238125,1.0878139506361404,1.0
300.0,500.0,2.0,1.1507008874600275,1.0335653734147667,1.08818799729863,1.0
300.0,500.0,2.0,0.9079487670713138,0.8074091691256575,0.8393851460023533,1.0
300.0,500.0,2.0,1.0837153181559114,0.9856088848604476,1.0190920265888792,1.1
300.0,500.0,2.0,0.8102170643616508,0.6964152810587979,0.7338553887000684,1.0
300.0,500.0,2.0,1.0196006080771147,0.9710901959966752,1.0005116710109574,1.0
300.0,500.0,2.0,1.2254694717724317,1.1393990633155504,1.1774375312912602,1.1
300.0,500.0,2.0,1.1771364922700769,1.1373445269403808,1.156994203798664,1.1
300.0,500.0,2.0,1.0348265656368478,0.955961331227217,0.969318830747445,1.1
300.0,500.0,2.0,1.5985719580062256,1.5595899609426978,1.5868480911361185,1.1
300.0,500.0,2.5,1.3512605546519847,1.2064615096223426,1.26697697259115,1.1
300.0,500.0,2.5,1.5595097514726133,1.5423364522607137,1.553052260146859,1.0
300.0,500.0,2.5,1.3403906953854563,1.29684906147625,1.3202747870235094,1.1
300.0,500.0,2.5,1.122912757215209,0.9708254024441464,0.9911622467030732,1.1
300.0,500.0,2.5,1.4659837524175443,1.347364752164229,1.3852604331377685,1.1
300.0,500.0,2.5,0.9410286792835734,0.7973735033146416,0.8150432908716769,1.0
300.0,500.0,2.5,1.2997007567533336,1.1854564014671611,1.2085928050998167,1.0
300.0,500.0,2.5,0.6919334961518006,0.5468069969317401,0.5686224747430604,1.1
300.0,500.0,2.5,1.5354365821462337,1.381176910184328,1.4157131748240046,1.1
300.0,500.0,2.5,1.5141835867989732,1.465970002517869,1.4769532197257995,1.1
300.0,500.0,2.5,0.9365521519666636,0.8211510173628845,0.8664840477362785,1.1
300.0,500.0,2.5,1.408166172562134,1.2331766919311409,1.2356194806950846,1.0
300.0,500.0,2.5,1.1290288736471237,0.9803816851187248,1.0140876004708268,1.0
300.0,500.0,2.5,0.792073362879977,0.6404621069359507,0.6708857241646503,1.1
300.0,500.0,2.5,0.5161018697585547,0.3479013881749863,0.3543393966953805,1.1
300.0,500.0,2.5,1.343171139638515,1.3302659677668176,1.3350129246200737,1.0
300.0,500.0,2.5,1.3105632976007031,1.2346288242991588,1.256026577721716,1.0
300.0,500.0,2.5,1.2205157073804551,1.212638184418378,1.2205157073804551,1.1
300.0,500.0,2.5,1.1726571703324908,1.0033646011051067,1.0443628477592877,1.1
300.0,500.0,2.5,1.3330980088324345,1.2525324866822882,1.270513624034575,1.1
300.0,500.0,2.5,1.0654833130428565,0.9109437312902618,0.9259955090538684,1.0
300.0,500.0,2.5,0.9463986051298664,0.8108984105545438,0.84819427256432,1.0
300.0,500.0,2.5,0.9161390196266714,0.7687803705636749,0.803716972947777,1.1
300.0,500.0,2.5,1.079502842878897,0.9007069770666436,0.9938711229316072,1.0
300.0,500.0,2.5,1.337224150053412,1.1722646244330697,1.199849899472363,1.0
300.0,500.0,2.5,1.5603792269049015,1.5528650280928156,1.560379226904902,1.1
300.0,500.0,2.5,1.2110328683366252,1.0963379849495392,1.1514415325928626,1.1
300.0,500.0,2.5,1.3197284870761303,1.177680901947857,1.1889271045327128,1.0
300.0,500.0,2.5,0.8766732765477874,0.7116162717958869,0.7514167921085273,1.1
300.0,500.0,2.5,1.684236930843379,1.6122259919296082,1.639798340307168,1.1
300.0,500.0,2.5,1.5911540739790069,1.4415271262739449,1.5131269783389725,1.0
300.0,500.0,2.5,1.235609707193106,1.085011170451518,1.1450060178279544,1.0
300.0,500.0,2.5,1.1338580614428444,0.9827567281785524,0.989826583634716,1.0
300.0,500.0,2.5,0.9700504960694346,0.8109628431619003,0.8431313892647769,1.1
300.0,500.0,2.5,0.9279182615630706,0.782422567663301,0.7851730573883454,1.1
300.0,500.0,2.5,1.0675576180990582,0.9850779813320452,1.0228739623330083,1.1
300.0,500.0,2.5,1.274773845727275,1.1074521232915158,1.1005510814288817,1.1
300.0,500.0,2.5,1.3138618007305924,1.17128014848721,1.1465220605500743,1.1
300.0,500.0,2.5,1.2275092814303386,1.0786627655563956,1.1156623915217505,1.1
300.0,500.0,2.5,0.9857138989852424,0.8889031347072296,0.9443615220935588,1.1
300.0,500.0,2.5,1.2580474410894509,1.079819112127994,1.1125081455600574,1.0
300.0,500.0,2.5,1.1883761093250342,1.0457333392799353,1.1114046544661675,1.0
300.0,500.0,2.5,0.8849359588391421,0.7641038795599346,0.8069061712086283,1.0
300.0,500.0,2.5,1.0796441476948893,0.9496079054745687,0.993780318738828,1.1
300.0,500.0,2.5,0.7627713304520634,0.6240105892814168,0.6733411179989643,1.0
300.0,500.0,2.5,1.0245007600963938,0.9662070095040008,1.000928433045269,1.0
300.0,500.0,2.5,1.2568368397155396,1.1409191587103085,1.1937180078191,1.1
300.0,500.0,2.5,1.1964206153375958,1.1417768786794362,1.1707253402510691,1.1
300.0,500.0,2.5,1.0185332070460598,0.913165395060187,0.9312379293924392,1.1
300.0,500.0,2.5,1.723214947507782,1.6713853207150309,1.7041971715080653,1.1
300.0,500.0,3.0,1.4015126655823815,1.225141978415285,1.2998999446491477,1.1
300.0,500.0,3.0,1.671411701767136,1.6528258808873564,1.663662712176231,1.0
300.0,500.0,3.0,1.388468834462548,1.3315882380009298,1.36392306827285,1.1
300.0,500.0,3.0,1.1274953086582502,0.9427156575467104,0.9588637171333816,1.1
300.0,500.0,3.0,1.5391805029010532,1.393002894636626,1.4395196426348515,1.1
300.0,500.0,3.0,0.929234415140288,0.7591286791100835,0.7798328161747448,1.0
300.0,500.0,3.0,1.3596409081040002,1.2256496990988397,1.2564715314733168,1.0
300.0,500.0,3.0,0.6103201953821606,0.433646373171775,0.4542848092825942,1.1
300.0,500.0,3.0,1.62252389857548,1.4336504780654635,1.4715864190114438,1.1
300.0,500.0,3.0,1.597020304158768,1.5320689052639678,1.5495342781704888,1.1
300.0,500.0,3.0,0.9038625823599962,0.7611002084042747,0.8169776296935009,1.1
300.0,500.0,3.0,1.4897994070745608,1.2802616101205302,1.287207816604595,1.0
300.0,500.0,3.0,1.154834648376548,0.9785538652293718,1.029249145980954,1.0
300.0,500.0,3.0,0.7304880354559725,0.5476173834624324,0.580912760717962,1.1
300.0,500.0,3.0,0.3993222437102655,0.1973586027210023,0.2030164701486148,1.1
300.0,500.0,3.0,1.411805367566218,1.3984316712350875,1.4029438933334288,1.0
300.0,500.0,3.0,1.372675957120844,1.2840255778187166,1.3093879100545482,1.0
300.0,500.0,3.0,1.2446188488565464,1.2351658213020535,1.2446188488565462,1.1
300.0,500.0,3.0,1.187188604398989,0.981681486318782,1.0299000264768885,1.1
300.0,500.0,3.0,1.3797176105989215,1.2773340022696962,1.3014090279260668,1.1
300.0,500.0,3.0,1.0785799756514276,0.894364988241782,0.913998874894826,1.0
300.0,500.0,3.0,0.9356783261558396,0.7769242218264121,0.818643183463631,1.0
300.0,500.0,3.0,0.8793668235520058,0.7015587438171641,0.7416695451398732,1.1
300.0,500.0,3.0,1.0954034114546765,0.8829764568820695,0.9938655554301384,1.0
300.0,500.0,3.0,1.4046689800640944,1.208229504137564,1.2457228783722631,1.0
300.0,500.0,3.0,1.652455072285882,1.643438033711378,1.652455072285882,1.1
300.0,500.0,3.0,1.23323944200395,1.0940788494822378,1.160461542315061,1.1
300.0,500.0,3.0,1.3836741844913565,1.2178448429635604,1.2321319553284755,1.0
300.0,500.0,3.0,0.8320079318573448,0.6306549052261236,0.6745473262477619,1.1
300.0,500.0,3.0,1.8010843170120552,1.7120875292048163,1.7464642519515348,1.1
300.0,500.0,3.0,1.7093848887748084,1.5341483435267642,1.617905641242484,1.0
300.0,500.0,3.0,1.2827316486317273,1.1048642803526794,1.1794806491796592,1.0
300.0,500.0,3.0,1.1606296737314137,0.9816961308693672,0.999412188710498,1.0
300.0,500.0,3.0,0.9594517604121764,0.7677688817673455,0.7186722867718959,1.0
300.0,500.0,3.0,0.9108091877925648,0.7364714623569188,0.7345614048327824,1.0
300.0,500.0,3.0,1.0610691417188698,0.9561493138342196,1.0050948371694814,1.1
300.0,500.0,3.0,1.3097286148727303,1.1072965259971557,1.096742867032624,1.1
300.0,500.0,3.0,1.356634160876711,1.181589694281842,1.1517445237895634,1.1
300.0,500.0,3.0,1.2530111377164062,1.0725083560366435,1.1156669548147924,1.1
300.0,500.0,3.0,0.9628566787822906,0.8444349340219928,0.9124694421216714,1.1
300.0,500.0,3.0,1.309656929307341,1.097445796677429,1.1396770808449677,1.0
300.0,500.0,3.0,1.2260513311900407,1.056590828877308,1.136291411628477,1.0
300.0,500.0,3.0,0.8619231506069704,0.7224032544760843,0.7698472601687946,1.0
300.0,500.0,3.0,1.0755729772338674,0.9126825026436278,0.9674154904787572,1.1
300.0,500.0,3.0,0.7153255965424761,0.551695831504302,0.6187860922973301,1.0
300.0,500.0,3.0,1.0294009121156724,0.9652866290862474,1.0024914994574416,1.0
300.0,500.0,3.0,1.2882042076586475,1.1405650017528624,1.20844583970146,1.1
300.0,500.0,3.0,1.215704738405115,1.1444932819715976,1.1790509115338723,1.1
300.0,500.0,3.0,1.0022398484552717,0.8728926428578513,0.8927998985114399,1.1
300.0,500.0,3.0,1.8478579370093384,1.7820023916144967,1.822744408813932,1.1
300.0,500.0,4.0,1.5020168874431756,1.2603314566565336,1.3580278472032066,1.1
300.0,500.0,4.0,1.8952156023561813,1.8760063097705824,1.8848836162349745,1.0
300.0,500.0,4.0,1.4846251126167305,1.404798709135337,1.4491354553802298,1.1
300.0,500.0,4.0,1.1366604115443335,0.8867896509161295,0.9025916959316762,1.1
300.0,500.0,4.0,1.685574003868071,1.4851963944886786,1.5441089543879905,1.1
300.0,500.0,4.0,0.9056458868537172,0.6854627285055725,0.7260537993668754,1.0
300.0,500.0,4.0,1.479521210805334,1.3074247172299898,1.3580189641899754,1.0
300.0,500.0,4.0,0.4470935938428808,0.2090709028967186,0.2315166925403864,1.1
300.0,500.0,4.0,1.7966985314339734,1.5422147818542573,1.5843608628517798,1.1
300.0,500.0,4.0,1.7626937388783577,1.661395065546064,1.694222946331151,1.1
300.0,500.0,4.0,0.8384834431466619,0.641066576782979,0.7089295146521081,1.1
300.0,500.0,4.0,1.6530658760994146,1.3747832455927154,1.3916077360135286,1.0
300.0,500.0,4.0,1.2064461978353973,0.9750921860436872,1.0498463680059134,1.0
300.0,500.0,4.0,0.6073173806079631,0.3618453003201262,0.390571965344311,1.1
300.0,500.0,4.0,0.1877411328699475,-0.0809312836788294,-0.100281881461022,1.0
300.0,500.0,4.0,1.549073823421624,1.53124222831345,1.5372585244445711,1.0
300.0,500.0,4.0,1.4969012761611256,1.3855853415187944,1.418267136364142,1.0
300.0,500.0,4.0,1.2928251318087285,1.2802210950694046,1.292825131808728,1.1
300.0,500.0,4.0,1.2162514725319855,0.9374745334584148,0.988162853840628,1.1
300.0,500.0,4.0,1.4729568141318952,1.3277374498329773,1.3630852256078887,1.1
300.0,500.0,4.0,1.10477330086857,0.8641190254753685,0.8989532636017994,1.0
300.0,500.0,4.0,0.9142377682077862,0.7080763147236764,0.771371633642307,1.0
300.0,500.0,4.0,0.8058224314026743,0.5681838619421521,0.6074269181233168,1.1
300.0,500.0,4.0,1.1272045486062354,0.8496855393011082,0.9963868358493352,1.0
300.0,500.0,4.0,1.5395586400854588,1.2811226208191515,1.3344686889388109,1.0
300.0,500.0,4.0,1.8366067630478429,1.824584044948505,1.8366067630478429,1.1
300.0,500.0,4.0,1.2776525893385997,1.0854536018866208,1.1746994306771523,1.1
300.0,500.0,4.0,1.5115655793218084,1.2948039565921217,1.326652031574033,1.0
300.0,500.0,4.0,0.7426772424764598,0.4703684506108294,0.5227116923888245,1.1
300.0,500.0,4.0,2.034779089349407,1.9127872756500577,1.9589617103609085,1.1
300.0,500.0,4.0,1.945846518366411,1.7150639485286427,1.82850004172422,1.0
300.0,500.0,4.0,1.37697553150897,1.1463383993428236,1.2411095595084198,1.0
300.0,500.0,4.0,1.2141728983085514,0.9798812378039322,1.002628368618348,1.0
300.0,500.0,4.0,0.9459356805495688,0.6901454130703963,0.6336326613827309,1.0
300.0,500.0,4.0,0.8810789170567532,0.6495061737848217,0.6506361268991384,1.0
300.0,500.0,4.0,1.048092188958493,0.9006398567251248,0.96705950893161,1.1
300.0,500.0,4.0,1.3796381531636404,1.108328005942707,1.0865168804520429,1.1
300.0,500.0,4.0,1.4421788811689478,1.204654841952987,1.1603498364569056,1.1
300.0,500.0,4.0,1.3040148502885418,1.060649500109052,1.109985178502573,1.1
300.0,500.0,4.0,0.9171422383763874,0.7506583416382446,0.844868922081269,1.1
300.0,500.0,4.0,1.4128759057431215,1.1339754890820235,1.1929403506766358,1.0
300.0,500.0,4.0,1.3014017749200546,1.0804606908863248,1.1815818798413111,1.0
300.0,500.0,4.0,0.8158975341426273,0.6387899863454476,0.6978104393290031,1.0
300.0,500.0,4.0,1.067430636311823,0.8442681297478422,0.91144835865273,1.1
300.0,500.0,4.0,0.6204341287233015,0.405094812081278,0.4959678645429817,1.0
300.0,500.0,4.0,1.03920121615423,0.9596908712713704,1.00467790615264,1.0
300.0,500.0,4.0,1.350938943544863,1.1458984486592398,1.2417179800545954,1.1
300.0,500.0,4.0,1.2542729845401532,1.1484298483208135,1.2021661940992876,1.1
300.0,500.0,4.0,0.9696531312736956,0.7910112615938132,0.8198832339269306,1.1
300.0,500.0,4.0,2.097143916012451,2.0069318038873143,2.0601237673582924,1.1
300.0,500.0,5.0,1.6025211093039695,1.2937008722489731,1.417701815993224,1.1
300.0,500.0,5.0,2.119019502945226,2.095007887213228,2.1104044810028952,1.0
300.0,500.0,5.0,1.5807813907709132,1.47609774509888,1.5364193192252873,1.1
300.0,500.0,5.0,1.1458255144304166,0.8304894492314269,0.8477409130296201,1.1
300.0,500.0,5.0,1.8319675048350887,1.5774165998491587,1.650930296320912,1.1
300.0,500.0,5.0,0.8820573585671466,0.6131295379653156,0.6689975023343013,1.0
300.0,500.0,5.0,1.5994015135066677,1.387136973444371,1.448809010724931,1.0
300.0,500.0,5.0,0.283866992303601,-0.0145013232471452,0.0023627879561888,1.1
300.0,500.0,5.0,1.9708731642924664,1.649724246894741,1.6952873438471463,1.1
300.0,500.0,5.0,1.9283671735979468,1.792841524597664,1.8399941788093108,1.1
300.0,500.0,5.0,0.7731043039333273,0.5242543755015805,0.6062520026812963,1.1
300.0,500.0,5.0,1.8163323451242683,1.4705831035254262,1.498898598493699,1.0
300.0,500.0,5.0,1.258057747294247,0.9726912270449184,1.071740592336741,1.0
300.0,500.0,5.0,0.4892833375943478,0.1816263559150334,0.1719667966365112,1.0
300.0,500.0,5.0,-0.0153235839125657,-0.3506793044652452,-0.3751058193637664,1.0
300.0,500.0,5.0,1.6863422792770302,1.6677250106254558,1.6738020273096867,1.0
300.0,500.0,5.0,1.621126595201407,1.4863631087600675,1.5291790618081915,1.0
300.0,500.0,5.0,1.3410314147609106,1.3204317717086602,1.3397441892109798,1.1
300.0,500.0,5.0,1.2453143406649818,0.8952770357809325,0.9577677110749544,1.1
300.0,500.0,5.0,1.5661960176648688,1.3776507693815856,1.4261740808314645,1.1
300.0,500.0,5.0,1.1309666260857127,0.8329572641663672,0.8768403382725274,1.0
300.0,500.0,5.0,0.8927972102597328,0.6403407810913582,0.7214673681348729,1.0
300.0,500.0,5.0,0.7322780392533427,0.4347575901452638,0.4776394153937355,1.1
300.0,500.0,5.0,1.1590056857577944,0.817158242064075,1.001472811887122,1.0
300.0,500.0,5.0,1.6744483001068238,1.3548341794286176,1.41908914258471,1.0
300.0,500.0,5.0,2.020758453809804,2.0057300561856306,2.020758453809804,1.1
300.0,500.0,5.0,1.3220657366732491,1.0695229281640954,1.1869699529753237,1.1
300.0,500.0,5.0,1.6394569741522602,1.3800052331450412,1.4190412571858997,1.0
300.0,500.0,5.0,0.6533465530955751,0.3113484703922168,0.3652985212855344,1.1
300.0,500.0,5.0,2.2684738616867586,2.1119703438393103,2.17410281857011,1.1
300.0,500.0,5.0,2.182308147958014,1.89782647377316,2.0394424960089985,1.0
300.0,500.0,5.0,1.471219414386212,1.1881382666058389,1.3052602719495154,1.0
300.0,500.0,5.0,1.267716122885689,0.9791957327218772,1.0063281482765003,1.0
300.0,500.0,5.0,0.9324196006869608,0.6129236197103246,0.547538639144583,1.0
300.0,500.0,5.0,0.8513486463209413,0.562783451833827,0.5722775450643001,1.0
300.0,500.0,5.0,1.0351152361981164,0.8489633176320757,0.9288785744959522,1.1
300.0,500.0,5.0,1.4495476914545504,1.1098566703262456,1.0680283176811982,1.1
300.0,500.0,5.0,1.5277236014611848,1.2272022764550403,1.167261162922378,1.1
300.0,500.0,5.0,1.355018562860677,1.049548642771819,1.1054841485499365,1.1
300.0,500.0,5.0,0.8714277979704841,0.6564271391451209,0.7807194153818251,1.1
300.0,500.0,5.0,1.5160948821789022,1.1681575770158,1.2488627748765584,1.0
300.0,500.0,5.0,1.3767522186500678,1.1039411996290254,1.2277488557055425,1.0
300.0,500.0,5.0,0.7698719176782843,0.5557506743435143,0.6323097116049667,1.0
300.0,500.0,5.0,1.0592882953897786,0.7773578231819178,0.8582318672867759,1.1
300.0,500.0,5.0,0.5255426609041267,0.2615771871683827,0.3807233415699479,1.0
300.0,500.0,5.0,1.0490015201927876,0.954775954277673,1.0058473826908,1.0
300.0,500.0,5.0,1.4136736794310787,1.150818459107347,1.2746109837211153,1.1
300.0,500.0,5.0,1.2928412306751915,1.1583505867314683,1.2259965409098523,1.1
300.0,500.0,5.0,0.9370664140921192,0.7108051849123033,0.7449011533480333,1.1
300.0,500.0,5.0,2.3464298950155635,2.2336647548591424,2.3001547091978654,1.1
300.0,500.0,6.0,1.7030253311647634,1.329900281932871,1.47486052462397,1.1
300.0,500.0,6.0,2.3428234035342714,2.3140094646558724,2.3324853772034744,1.0
300.0,500.0,6.0,1.6769376689250957,1.5484516744208037,1.6180903941469316,1.1
300.0,500.0,6.0,1.1549906173165,0.7752330635693807,0.7942583640948813,1.1
300.0,500.0,6.0,1.9783610058021068,1.667966374621853,1.7558324557365752,1.1
300.0,500.0,6.0,0.8584688302805756,0.5368896430948719,0.6027970028011614,1.0
300.0,500.0,6.0,1.7192818162080008,1.4681083816399834,1.5416884458050475,1.0
300.0,500.0,6.0,0.1206403907643212,-0.2379574318367536,-0.2228086926977601,1.1
300.0,500.0,6.0,2.14504779715096,1.757099857964472,1.8117055262851416,1.1
300.0,500.0,6.0,2.0940406083175365,1.923577047052879,1.987993014571173,1.1
300.0,500.0,6.0,0.707725164719993,0.4067386504548166,0.5052992429529743,1.1
300.0,500.0,6.0,1.979598814149122,1.5672504264829954,1.6018199221697342,1.0
300.0,500.0,6.0,1.3096692967530956,0.9689055078975448,1.0860887108040882,1.0
300.0,500.0,6.0,0.3871400051132172,0.0176177161382633,0.0043528660304253,1.0
300.0,500.0,6.0,-0.2183883006950786,-0.6202126124306553,-0.6469992612464125,1.0
300.0,500.0,6.0,1.8236107351324369,1.8012700127505474,1.8085624327716243,1.0
300.0,500.0,6.0,1.745351914241688,1.5836357305120814,1.637459114063042,1.0
300.0,500.0,6.0,1.389237697713093,1.364518126050393,1.387693027053176,1.1
300.0,500.0,6.0,1.274377208797978,0.852597601546377,0.9229701742645342,1.1
300.0,500.0,6.0,1.6594352211978427,1.4331809232579027,1.4868850457761629,1.1
300.0,500.0,6.0,1.1571599513028552,0.8013998809880877,0.8635579773615971,1.0
300.0,500.0,6.0,0.8713566523116795,0.5736418977054841,0.6715471056542648,1.0
300.0,500.0,6.0,0.6587336471040112,0.3017213343884619,0.3485611930636402,1.1
300.0,500.0,6.0,1.1908068229093531,0.7824581604529282,1.0078833720133522,1.0
300.0,500.0,6.0,1.8093379601281885,1.4290386205737988,1.505502351977818,1.0
300.0,500.0,6.0,2.204910144571764,2.1868760674227565,2.204910144571764,1.1
300.0,500.0,6.0,1.3664788840078992,1.0582474965893949,1.2016359259324974,1.1
300.0,500.0,6.0,1.7673483689827123,1.46134935820663,1.5099872441373212,1.0
300.0,500.0,6.0,0.56401586371469,0.148858715333506,0.2142377648252962,1.1
300.0,500.0,6.0,2.5021686340241103,2.3096743378685654,2.381587179158714,1.1
300.0,500.0,6.0,2.418769777549617,2.083474716275208,2.254109007351559,1.0
300.0,500.0,6.0,1.5654632972634546,1.2285944346981663,1.3648661107451137,1.0
300.0,500.0,6.0,1.3212593474628271,0.9764455994345672,1.0175225608785792,1.0
300.0,500.0,6.0,0.918903520824353,0.5356220181256379,0.4701939820560155,1.0
300.0,500.0,6.0,0.8216183755851294,0.4765858515197604,0.4886330427607316,1.0
300.0,500.0,6.0,1.02213828343774,0.7944468362193061,0.8933607062417032,1.1
300.0,500.0,6.0,1.5194572297454605,1.111447409338026,1.0569384756582836,1.1
300.0,500.0,6.0,1.6132683217534216,1.2516822849910147,1.1741670709953584,1.1
300.0,500.0,6.0,1.4060222754328122,1.038864020617786,1.1031204474462035,1.1
300.0,500.0,6.0,0.8257133575645811,0.5616389959743067,0.7155105585969161,1.1
300.0,500.0,6.0,1.6193138586146822,1.2035694897136286,1.303119608623098,1.0
300.0,500.0,6.0,1.4521026623800817,1.1278848600864493,1.2753265524703767,1.0
300.0,500.0,6.0,0.723846301213941,0.4722643748129417,0.5639600249342929,1.0
300.0,500.0,6.0,1.0511459544677342,0.7059793113462676,0.8087357367345238,1.1
300.0,500.0,6.0,0.4306511930849519,0.1138926246020592,0.2630437421686551,1.0
300.0,500.0,6.0,1.0588018242313448,0.948857300842032,1.0103969288327572,1.0
300.0,500.0,6.0,1.476408415317295,1.1533389508250134,1.3025063221319877,1.1
300.0,500.0,6.0,1.3314094768102298,1.1700207040777622,1.2482959353324166,1.1
300.0,500.0,6.0,0.9044796969105432,0.6278534205864563,0.66473534125117,1.1
300.0,500.0,6.0,2.5957158740186763,2.46039770583097,2.5401856510374383,1.1
300.0,500.0,7.0,1.8035295530255573,1.3654150732535155,1.535347575694742,1.1
300.0,500.0,7.0,2.5666273041233167,2.5330110420985186,2.5545662734040526,1.0
300.0,500.0,7.0,1.7730939470792786,1.6198835836671244,1.7002106871869396,1.1
300.0,500.0,7.0,1.1641557202025832,0.7207345092199473,0.7433014247773614,1.1
300.0,500.0,7.0,2.1247545067691243,1.7595923515399725,1.8573589497532612,1.1
300.0,500.0,7.0,0.8348803019940048,0.4610738904449791,0.5452897393309337,1.0
300.0,500.0,7.0,1.8391621189093348,1.548234854239559,1.636003894480759,1.0
300.0,500.0,7.0,-0.0425862107749587,-0.4625749878002842,-0.4518447021299641,1.1
300.0,500.0,7.0,2.319222430009453,1.863759792111132,1.9162841933989423,1.1
300.0,500.0,7.0,2.2597140430371256,2.0578296652325507,2.132232337869985,1.1
300.0,500.0,7.0,0.6423460255066586,0.2871530104693611,0.3972066508510914,1.1
300.0,500.0,7.0,2.1428652831739754,1.6640981827813637,1.7045220913324135,1.0
300.0,500.0,7.0,1.361280846211945,0.967734438256976,1.1027844624437662,1.0
300.0,500.0,7.0,0.2849966726320868,-0.1461203825536626,-0.1578545406636769,1.0
300.0,500.0,7.0,-0.4214530174775919,-0.8897426912483415,-0.9147582068659098,1.0
300.0,500.0,7.0,1.9608791909878427,1.934815014875639,1.945476281401416,1.0
300.0,500.0,7.0,1.8695772332819696,1.6872856483164227,1.7490731958973142,1.0
300.0,500.0,7.0,1.437443980665275,1.4086044803921252,1.435641864895372,1.1
300.0,500.0,7.0,1.3034400769309744,0.8107431976347794,0.8925603146496444,1.1
300.0,500.0,7.0,1.7526744247308166,1.4863432996255554,1.551365886738857,1.1
300.0,500.0,7.0,1.183353276519998,0.7706159042645743,0.8466154543342914,1.0
300.0,500.0,7.0,0.8499160943636259,0.5041597516014147,0.6167697762649037,1.0
300.0,500.0,7.0,0.5851892549546798,0.1687931119679183,0.2205921045819939,1.1
300.0,500.0,7.0,1.222607960060912,0.7495606714123104,1.0096830221322664,1.0
300.0,500.0,7.0,1.944227620149553,1.5005450573360986,1.596502979212984,1.0
300.0,500.0,7.0,2.3890618353337247,2.3680220786598825,2.3890618353337243,1.1
300.0,500.0,7.0,1.4108920313425486,1.0498166856985556,1.2163728077254932,1.1
300.0,500.0,7.0,1.8952397638131648,1.546715673174445,1.5949851181602082,1.0
300.0,500.0,7.0,0.4746851743338051,-0.0135805645153008,0.0660721650577664,1.1
300.0,500.0,7.0,2.735863406361462,2.5112867275133266,2.595185042351833,1.1
300.0,500.0,7.0,2.65523140714122,2.265285152924598,2.4668281078642837,1.0
300.0,500.0,7.0,1.6597071801406975,1.2701271229492097,1.4318977334524394,1.0
300.0,500.0,7.0,1.3748025720399646,0.9759796031540888,1.0254426635577107,1.0
300.0,500.0,7.0,0.9053874409617452,0.4585732447328212,0.3974341392198449,1.0
300.0,500.0,7.0,0.7918881048493176,0.3905573300108924,0.4034052165541869,1.0
300.0,500.0,7.0,1.009161330677363,0.7410474138706991,0.8554816334574702,1.1
300.0,500.0,7.0,1.58936676803637,1.113285272693625,1.0494726711337838,1.1
300.0,500.0,7.0,1.6988130420456584,1.2764206660469355,1.1860033376554378,1.1
300.0,500.0,7.0,1.457025988004948,1.027706016479878,1.0980020227707876,1.1
300.0,500.0,7.0,0.7799989171586779,0.4695804803688282,0.6511900418386567,1.1
300.0,500.0,7.0,1.7225328350504632,1.2396434273847037,1.3572836889002184,1.0
300.0,500.0,7.0,1.527453106110095,1.1517673824747414,1.3226141103644282,1.0
300.0,500.0,7.0,0.677820684749598,0.3927862200270243,0.4937739417038422,1.0
300.0,500.0,7.0,1.04300361354569,0.6364030444817732,0.7516670304826321,1.1
300.0,500.0,7.0,0.3357597252657772,-0.030341613301604,0.1402176991967642,1.0
300.0,500.0,7.0,1.0686021282699023,0.944048028270428,1.0121297503048836,1.0
300.0,500.0,7.0,1.5391431512035108,1.1622287759625154,1.3362573758206522,1.1
300.0,500.0,7.0,1.369977722945268,1.1816908214240558,1.2688021365357085,1.1
300.0,500.0,7.0,0.8718929797289672,0.543290134703539,0.5859698164871564,1.1
300.0,500.0,7.0,2.84500185302179,2.6871306568028,2.7802165928770126,1.1
300.0,500.0,8.0,1.9040337748863516,1.4033315122897323,1.5975400865082765,1.1
300.0,500.0,8.0,2.790431204712362,2.7520126195411643,2.776647169604632,1.0
300.0,500.0,8.0,1.8692502252334608,1.69041486234902,1.783701026570563,1.1
300.0,500.0,8.0,1.1733208230886665,0.6661690183231918,0.6923654627236031,1.1
300.0,500.0,8.0,2.271148007736142,1.8538198303313969,1.9609972003283676,1.1
300.0,500.0,8.0,0.8112917737074343,0.3872524715859571,0.4817646089709364,1.0
300.0,500.0,8.0,1.959042421610668,1.6289938721658574,1.7304335230253394,1.0
300.0,500.0,8.0,-0.2058128123142384,-0.6866830883915171,-0.6840811341827857,1.1
300.0,500.0,8.0,2.493397062867947,1.9696774959308687,2.032896221027363,1.1
300.0,500.0,8.0,2.425387477756715,2.191258415880345,2.2731796145710192,1.1
300.0,500.0,8.0,0.5769668862933238,0.1695183123097892,0.2968076009726756,1.1
300.0,500.0,8.0,2.306131752198829,1.75896935175013,1.8061170955438712,1.0
300.0,500.0,8.0,1.4128923956707942,0.966653271013454,1.1121739346382251,1.0
300.0,500.0,8.0,0.1828533401509565,-0.3098372488907897,-0.3085755864165471,1.0
300.0,500.0,8.0,-0.6245177342601052,-1.1597059328552477,-1.1816177188765322,1.0
300.0,500.0,8.0,2.0981476468432483,2.068360017000729,2.080544321601617,1.0
300.0,500.0,8.0,1.9938025523222511,1.7854693123616263,1.8643123975349536,1.0
300.0,500.0,8.0,1.4856502636174571,1.452690834733857,1.4835907027375677,1.1
300.0,500.0,8.0,1.332502945063971,0.7673299317029847,0.858074597656983,1.1
300.0,500.0,8.0,1.845913628263791,1.5362160274999457,1.6008187264180556,1.1
300.0,500.0,8.0,1.2095466017371403,0.743300016888147,0.8255976929070615,1.0
300.0,500.0,8.0,0.8284755364155728,0.433325430401617,0.5649788473384627,1.0
300.0,500.0,8.0,0.5116448628053484,0.0358475101062675,0.0930990545212591,1.1
300.0,500.0,8.0,1.2544090972124708,0.7176888608575774,1.0166075091050562,1.0
300.0,500.0,8.0,2.0791172801709177,1.5720514940983985,1.681717690529125,1.0
300.0,500.0,8.0,2.573213526095685,2.5491680898970084,2.573213526095685,1.1
300.0,500.0,8.0,1.4553051786771984,1.0410085442369454,1.22759578663665,1.1
300.0,500.0,8.0,2.0231311586436167,1.6297213523605796,1.684542392613498,1.0
300.0,500.0,8.0,0.3853544849529201,-0.1769372729514058,-0.0918112731225736,1.1
300.0,500.0,8.0,2.969558178698813,2.712899117158087,2.8029567917759755,1.1
300.0,500.0,8.0,2.891693036732822,2.450308514178268,2.680961421892912,1.0
300.0,500.0,8.0,1.75395106301794,1.3100579353493105,1.4981064963741988,1.0
300.0,500.0,8.0,1.4283457966171025,0.9745737097756966,1.0324968140154098,1.0
300.0,500.0,8.0,0.8918713610991373,0.3825509588387297,0.3121383009390569,1.0
300.0,500.0,8.0,0.762157834113506,0.3039723962171155,0.3238237730518994,1.0
300.0,500.0,8.0,0.9961843779169864,0.6842067348922813,0.8205504382371086,1.1
300.0,500.0,8.0,1.6662065530713115,1.122123077470087,1.257253689558766,1.0
300.0,500.0,8.0,1.7843577623378954,1.2987574569306743,1.1772222803856782,1.1
300.0,500.0,8.0,1.5080297005770833,1.016991548419579,1.0952942842870672,1.1
300.0,500.0,8.0,0.7342844767527745,0.3795205489929463,0.5743901338132261,1.1
300.0,500.0,8.0,1.825751811486244,1.2763641119996816,1.4136912320160766,1.0
300.0,500.0,8.0,1.6028035498401083,1.1749401190737598,1.3771021463435142,1.0
300.0,500.0,8.0,0.6317950682852544,0.3060413943165988,0.4214559333758192,1.0
300.0,500.0,8.0,1.0348612726236457,0.5687268814102799,0.7019051776944367,1.1
300.0,500.0,8.0,0.2408682574466025,-0.1761933050805587,0.0181863303029451,1.0
300.0,500.0,8.0,1.0784024323084598,0.9360548894519176,1.0138625717770096,1.0
300.0,500.0,8.0,1.6018778870897266,1.171118601100018,1.3634692055800524,1.1
300.0,500.0,8.0,1.4085459690803068,1.1798369234994506,1.2922609920980994,1.1
300.0,500.0,8.0,0.839306262547391,0.4549364777243808,0.5125369331281786,1.1
300.0,500.0,8.0,3.0942878320249028,2.9138636077746285,3.0170127250036542,1.1
300.0,500.0,9.0,2.0045379967471453,1.437789495421359,1.656923663145091,1.1
300.0,500.0,9.0,3.014235105301407,2.971014196983809,2.998728065805211,1.0
300.0,500.0,9.0,1.965406503387644,1.7600149744413514,1.8691636548918835,1.1
300.0,500.0,9.0,1.1824859259747496,0.6115441384306454,0.6385878140950156,1.1
300.0,500.0,9.0,2.41754150870316,1.9480473091228216,2.065474653122898,1.1
300.0,500.0,9.0,0.7877032454208639,0.3142616701282827,0.4232159133769443,1.0
300.0,500.0,9.0,2.078922724312002,1.7159800249459969,1.823664556738624,1.0
300.0,500.0,9.0,-0.3690394138535181,-0.910617843399351,-0.9070912759556338,1.1
300.0,500.0,9.0,2.66757169572644,2.07486604567611,2.142187352949054,1.1
300.0,500.0,9.0,2.5910609124763044,2.327665717865389,2.4198270663923966,1.1
300.0,500.0,9.0,0.5115877470799892,0.0515350139188052,0.1940836704589306,1.1
300.0,500.0,9.0,2.469398221223684,1.8558419560547172,1.906881732486856,1.0
300.0,500.0,9.0,1.4645039451296435,0.965194270762844,1.1261956764680032,1.0
300.0,500.0,9.0,0.080710007669826,-0.4735146276087491,-0.4668115909122114,1.0
300.0,500.0,9.0,-0.8275824510426183,-1.4296691744621537,-1.4543199337360986,1.0
300.0,500.0,9.0,2.2354161026986543,2.2019050191258205,2.2156123618018198,1.0
300.0,500.0,9.0,2.118027871362532,1.883652976406829,1.9893291908727104,1.0
300.0,500.0,9.0,1.5338565465696392,1.496777189075589,1.5315395405797636,1.1
300.0,500.0,9.0,1.3615658131969677,0.7257461731658582,0.8249483707310419,1.1
300.0,500.0,9.0,1.9391528317967643,1.5907430309374384,1.6637666419101829,1.1
300.0,500.0,9.0,1.235739926954283,0.7122702575829096,0.807365458222659,1.0
300.0,500.0,9.0,0.8070349784675194,0.364566270474279,0.5106012032557705,1.0
300.0,500.0,9.0,0.4381004706560165,-0.0969580851294361,-0.0371193034083672,1.1
300.0,500.0,9.0,1.2862102343640296,0.6823999684647746,1.0286199532444051,1.0
300.0,500.0,9.0,2.2140069401922826,1.645735524692398,1.766932401845266,1.0
300.0,500.0,9.0,2.7573652168576457,2.7303141011341343,2.757365216857645,1.1
300.0,500.0,9.0,1.4997183260118483,1.028144060773131,1.2360939392822048,1.1
300.0,500.0,9.0,2.151022553474069,1.708436521405652,1.7701101916901858,1.0
300.0,500.0,9.0,0.2960237955720352,-0.3365544320703317,-0.2407876822628952,1.1
300.0,500.0,9.0,3.2032529510361654,2.911113212619473,3.015826390747973,1.1
300.0,500.0,9.0,3.1281546663244253,2.634860810784714,2.893265840326037,1.0
300.0,500.0,9.0,1.848194945895182,1.3518673922796742,1.564443101191069,1.0
300.0,500.0,9.0,1.4818890211942404,0.9713954234976588,1.0369715988487738,1.0
300.0,500.0,9.0,0.8783552812365294,0.3062336354101186,0.226155588556439,1.0
300.0,500.0,9.0,0.732427563377694,0.2181265067017808,0.2537339320452801,1.0
300.0,500.0,9.0,0.9832074251566104,0.6260328909964756,0.7856192430167479,1.1
300.0,500.0,9.0,1.7494823722052255,1.137439245633672,1.2894104007536116,1.0
300.0,500.0,9.0,1.8699024826301327,1.3223858883089226,1.1868750654338889,1.1
300.0,500.0,9.0,1.559033413149219,1.0066154919720267,1.088716681952851,1.1
300.0,500.0,9.0,0.6885700363468714,0.2865439201994538,0.5079418896336105,1.1
300.0,500.0,9.0,1.928970787922024,1.3152102126946943,1.465402636018086,1.0
300.0,500.0,9.0,1.6781539935701222,1.1985100037967231,1.4242399146364535,1.0
300.0,500.0,9.0,0.5857694518209116,0.2248832749620737,0.3552702667022367,1.0
300.0,500.0,9.0,1.0267189317016014,0.5023177415865651,0.6459007281242422,1.1
300.0,500.0,9.0,0.1459767896274282,-0.3201230270051242,-0.0941824923653296,1.0
300.0,500.0,9.0,1.0882027363470173,0.9328838916973824,1.0184064560181008,1.0
300.0,500.0,9.0,1.664612622975942,1.1772503324718342,1.3964028562775586,1.1
300.0,500.0,9.0,1.4471142152153451,1.1860340279571142,1.3152446549641217,1.1
300.0,500.0,9.0,0.8067195453658149,0.3694130253844696,0.4371852106424824,1.1
300.0,500.0,9.0,3.343573811028015,3.135549781612873,3.2566393156291107,1.1
300.0,500.0,10.0,2.1050422186079394,1.4753216615792883,1.7166165429583995,1.1
300.0,500.0,10.0,3.238039005890452,3.1900157744264543,3.220808962005791,1.0
300.0,500.0,10.0,2.0615627815418263,1.8287133148727128,1.954626283213204,1.1
300.0,500.0,10.0,1.191651028860833,0.5564305449394489,0.5827334950596598,1.1
300.0,500.0,10.0,2.563935009670178,2.04075233958658,2.167474125237088,1.1
300.0,500.0,10.0,0.764114717134293,0.2380685223647585,0.3591287926410491,1.0
300.0,500.0,10.0,2.1988030270133354,1.8017538772903927,1.9151828408206928,1.0
300.0,500.0,10.0,-0.5322660153927983,-1.134327081421702,-1.1347189629445391,1.1
300.0,500.0,10.0,2.841746328584933,2.181897386138083,2.244224518611376,1.1
300.0,500.0,10.0,2.756734347195894,2.4640730198504315,2.561522482415488,1.1
300.0,500.0,10.0,0.4462086078666551,-0.0667982932947555,0.0917559033560151,1.1
300.0,500.0,10.0,2.6326646902485367,1.950935506727464,2.0076463694298394,1.0
300.0,500.0,10.0,1.5161154945884927,0.962857271292591,1.1402174182977816,1.0
300.0,500.0,10.0,-0.0214333248113043,-0.6371616171179917,-0.6297906565691238,1.0
300.0,500.0,10.0,-1.0306471678251317,-1.699157341140365,-1.7193663644293706,1.0
300.0,500.0,10.0,2.3726845585540604,2.3354500212509115,2.350680402002022,1.0
300.0,500.0,10.0,2.242253190402814,1.981836640452033,2.1010268124464604,1.0
300.0,500.0,10.0,1.5820628295218215,1.540863543417321,1.5756041970422523,1.1
300.0,500.0,10.0,1.3906286813299638,0.6825559158291249,0.7922301519124346,1.1
300.0,500.0,10.0,2.032392035329738,1.6420099800747745,1.7166519279669834,1.1
300.0,500.0,10.0,1.261933252171426,0.6814971002021967,0.785054016092771,1.0
300.0,500.0,10.0,0.7855944205194657,0.2986557797074298,0.461134197605565,1.0
300.0,500.0,10.0,0.3645560785066852,-0.2295118114262337,-0.1706518457865602,1.1
300.0,500.0,10.0,1.3180113715155886,0.6521878078853317,1.0346342802567567,1.0
300.0,500.0,10.0,2.348896600213647,1.7199568334562505,1.8521471131614065,1.0
300.0,500.0,10.0,2.9415169076196066,2.911460112371261,2.9415169076196066,1.1
300.0,500.0,10.0,1.544131473346498,1.0201600675257003,1.2441692328599236,1.1
300.0,500.0,10.0,2.278913948304521,1.7902726913356932,1.863636128077952,1.0
300.0,500.0,10.0,0.2066931061911503,-0.4970111528823537,-0.3959664714724745,1.1
300.0,500.0,10.0,3.436947723373517,3.1085976849355017,3.2286959897199705,1.1
300.0,500.0,10.0,3.3646162959160284,2.822025358729312,3.102815561964386,1.0
300.0,500.0,10.0,1.9424388287724248,1.3909637691996388,1.6323463133435363,1.0
300.0,500.0,10.0,1.5354322457713785,0.9682171372196212,1.0410795542764155,1.0
300.0,500.0,10.0,0.8648392013739219,0.229826674506311,0.1507378829079987,1.0
300.0,500.0,10.0,0.7026972926418822,0.1319268623457222,0.177056837611245,1.0
300.0,500.0,10.0,0.9702304723962334,0.5665457490188722,0.7424662535295162,1.1
300.0,500.0,10.0,1.83275819133914,1.1527799765104492,1.3211150822853814,1.0
300.0,500.0,10.0,1.9554472029223693,1.3457810457224624,1.1965278504820982,1.1
300.0,500.0,10.0,1.6100371257213542,0.9960511703718352,1.0733405390121271,1.1
300.0,500.0,10.0,0.6428555959409681,0.1929446031350618,0.4421576551484558,1.1
300.0,500.0,10.0,2.0321897643578044,1.3502335696607717,1.52098285923138,1.0
300.0,500.0,10.0,1.7535044373001354,1.2205666708852472,1.472619295622972,1.0
300.0,500.0,10.0,0.5397438353565682,0.1387591944023039,0.2836336296691518,1.0
300.0,500.0,10.0,1.0185765907795568,0.4341469471935049,0.5954452534713796,1.1
300.0,500.0,10.0,0.0510853218082532,-0.4615658555552948,-0.2121055829868042,1.0
300.0,500.0,10.0,1.098003040385575,0.925426546330425,1.0204516177978895,1.0
300.0,500.0,10.0,1.7273473588621582,1.185833702746483,1.4293365069750656,1.1
300.0,500.0,10.0,1.4856824613503836,1.1914350975032624,1.3388438013604806,1.1
300.0,500.0,10.0,0.7741328281842388,0.2828344764820905,0.3635391229360914,1.1
300.0,500.0,10.0,3.5928597900311283,3.350572830762649,3.493772626883373,1.1
400.0,500.0,0.5,1.0257108170283789,0.9969047584756876,0.9884461551758164,1.1
400.0,500.0,0.5,1.15699708753033,1.15699708753033,1.15699708753033,1.1
400.0,500.0,0.5,1.0254209914819497,0.9987579664726562,1.001858582850814,1.1
400.0,500.0,0.5,1.1183093830872255,1.113379968585737,1.1175191595676968,1.1
400.0,500.0,0.5,1.1088944512009415,1.1088944512009415,1.1088301362045951,1.1
400.0,500.0,0.5,1.191684800280301,1.189856842644318,1.1901323815093972,1.1
400.0,500.0,0.5,1.0118919011551315,0.997642528501213,1.0015288316457478,1.1
400.0,500.0,0.5,1.1619271644963227,1.1586828921141206,1.1590092881597815,1.1
400.0,500.0,0.5,1.0512001439936758,1.0239224776689215,1.014190584757816,1.1
400.0,500.0,0.5,1.1067879306725068,1.082343568158057,1.0934988175400322,1.1
400.0,500.0,0.5,1.0395060723348013,1.037530868711961,1.0378713482343305,1.1
400.0,500.0,0.5,1.0193524448957347,0.9937741077804966,0.9974431206982566,1.1
400.0,500.0,0.5,1.183492361640611,1.183106010119572,1.183492361640611,1.1
400.0,500.0,0.5,1.1054175766852947,1.0934321209104143,1.0999194253712197,1.1
400.0,500.0,0.5,1.0958668334746562,1.0847570834107163,1.0881139907905764,1.1
400.0,500.0,0.5,1.0493246898348303,1.0267189151032137,1.0327604138963669,1.1
400.0,500.0,0.5,1.1219804215137066,1.1135822611653543,1.1187727116027997,1.1
400.0,500.0,0.5,1.1110794996060585,1.104052828495473,1.1056596199999706,1.1
400.0,500.0,0.5,1.165559195385521,1.165154873160208,1.16542136187487,1.1
400.0,500.0,0.5,1.1048341001346875,1.0973142671615963,1.0991374418009492,1.1
400.0,500.0,0.5,1.12987190209457,1.1276041715456957,1.127270529531915,1.1
400.0,500.0,0.5,1.0673508072419675,1.0503435778999084,1.0597362630024612,1.1
400.0,500.0,0.5,1.1426616063134012,1.1426616063134012,1.142661606313401,1.1
400.0,500.0,0.5,1.0487150750233738,1.0403339061241748,1.0428529060702143,1.1
400.0,500.0,0.5,1.0725404861039889,1.0503510214211336,1.0585112477751186,1.1
400.0,500.0,0.5,1.221100018957817,1.221100018957817,1.2211000189578167,1.1
400.0,500.0,0.5,1.13510485533488,1.1187585872745138,1.1261794975052786,1.1
400.0,500.0,0.5,1.1408300442053796,1.1408300442053796,1.1406308596339034,1.1
400.0,500.0,0.5,1.0911682167088208,1.0849126736382295,1.0859690301635934,1.1
400.0,500.0,0.5,1.1716116561012764,1.1712017365387897,1.1711888887710729,1.1
400.0,500.0,0.5,1.1433793299030306,1.1433793299030306,1.143262842772955,1.1
400.0,500.0,0.5,1.09055778939655,1.0753392943240916,1.081504538193764,1.1
400.0,500.0,0.5,1.140490495814161,1.1285890170225217,1.1352930567361526,1.1
400.0,500.0,0.5,1.047206845896547,1.0237240705812305,1.0345160594283376,1.1
400.0,500.0,0.5,1.0377993570311856,1.027970598118374,1.0318413522774803,1.1
400.0,500.0,0.5,1.0907090600391895,1.070789591682476,1.0770469707251649,1.1
400.0,500.0,0.5,1.1151311880300214,1.1140379207612483,1.1146577295149172,1.1
400.0,500.0,0.5,1.1270416845042064,1.1203749342112437,1.1231093010418332,1.1
400.0,500.0,0.5,1.1085720809295538,1.1061381317442214,1.108284207100832,1.1
400.0,500.0,0.5,1.0807826087157355,1.067002180267516,1.0735887212556627,1.1
400.0,500.0,0.5,1.1695223758149913,1.1634457963472618,1.1680617795453108,1.1
400.0,500.0,0.5,1.2033648123000005,1.2033648123000005,1.2033648123,1.1
400.0,500.0,0.5,1.0861825810578312,1.0647891299946262,1.071429165421058,1.1
400.0,500.0,0.5,1.1129448526499457,1.0918699948823256,1.1000855409807573,1.1
400.0,500.0,0.5,1.0299341353759546,1.017451811495141,1.0210936461666356,1.1
400.0,500.0,0.5,1.106077702309259,1.093116729255606,1.0995220618303585,1.1
400.0,500.0,0.5,1.0575453745861467,1.0358760998896082,1.0449607250763,1.1
400.0,500.0,0.5,1.1424201456163443,1.1322530623796982,1.1360894357641584,1.1
400.0,500.0,0.5,1.142449229500345,1.1217821766206733,1.1303351221378384,1.1
400.0,500.0,0.5,1.1274669432838509,1.1133403422036297,1.1194568573989447,1.1
400.0,500.0,1.0,0.9608322936405672,0.906537489515128,0.9236384665636374,1.0
400.0,500.0,1.0,1.21399417506066,1.21399417506066,1.2132903678820244,1.1
400.0,500.0,1.0,1.0126600551896838,0.9673335582252957,0.9834519126918876,1.0
400.0,500.0,1.0,1.136618766174451,1.1060235417677076,1.1252480013702744,1.1
400.0,500.0,1.0,1.1177889024018828,1.110610464546326,1.1149035740189044,1.1
400.0,500.0,1.0,1.283369600560603,1.2663542662174554,1.2703721474285323,1.1
400.0,500.0,1.0,0.9237838023102628,0.8723400607545932,0.8738019947604717,1.1
400.0,500.0,1.0,1.223854328992645,1.2047937750072977,1.2091692590985128,1.1
400.0,500.0,1.0,1.0990037781972175,1.0545660353804072,1.0787206311492794,1.0
400.0,500.0,1.0,1.129193017320579,1.069269259214644,1.0674113703463106,1.0
400.0,500.0,1.0,0.9790121446696024,0.9638854553353022,0.9676711690913892,1.1
400.0,500.0,1.0,1.0213909062712587,0.9781417790249444,0.9824118783961616,1.0
400.0,500.0,1.0,1.266984723281222,1.2580795565125833,1.2650478490142878,1.1
400.0,500.0,1.0,1.1108351533705896,1.0654844137748063,1.0773130752995,1.1
400.0,500.0,1.0,1.0917336669493125,1.0394009845937802,1.0538090022301254,1.1
400.0,500.0,1.0,0.9986493796696608,0.9376385906564954,0.9398451861467974,1.1
400.0,500.0,1.0,1.1439608430274133,1.108292710788938,1.123030796682302,1.1
400.0,500.0,1.0,1.1221589992121177,1.083387052933286,1.0956917648292703,1.1
400.0,500.0,1.0,1.2311183907710417,1.225092775666221,1.2291583916805098,1.1
400.0,500.0,1.0,1.1096682002693743,1.0668940593373784,1.0841445721839542,1.1
400.0,500.0,1.0,1.15974380418914,1.1378292657279958,1.1454101623242603,1.1
400.0,500.0,1.0,1.034701614483935,0.98083298982118,1.0028697272982627,1.1
400.0,500.0,1.0,1.1853232126268027,1.1853232126268027,1.185323212626803,1.1
400.0,500.0,1.0,0.9974301500467472,0.9586351495149936,0.9694344389840176,1.1
400.0,500.0,1.0,1.0450809722079772,0.987698386887975,0.9960521115463972,1.1
400.0,500.0,1.0,1.3422000379156336,1.3422000379156338,1.3415892280860493,1.1
400.0,500.0,1.0,1.1702097106697598,1.1179733791982704,1.1246797286097143,1.1
400.0,500.0,1.0,1.1816600884107589,1.178121001294861,1.178873129682438,1.1
400.0,500.0,1.0,1.0823364334176415,1.046086965600087,1.0573124150874027,1.1
400.0,500.0,1.0,1.2432233122025529,1.2416510622392256,1.2404321227449242,1.1
400.0,500.0,1.0,1.186758659806061,1.1801214496994652,1.1835485572593658,1.1
400.0,500.0,1.0,1.0811155787930995,1.0291707044204326,1.0350301099157515,1.1
400.0,500.0,1.0,1.180980991628322,1.1338526676045102,1.1503716156626205,1.1
400.0,500.0,1.0,1.0298705790411813,0.9779278963654264,0.9838678879149796,1.0
400.0,500.0,1.0,0.9755987140623712,0.934363613547422,0.9470022373354804,1.1
400.0,500.0,1.0,1.081418120078379,1.0265528992894832,1.0272372448785096,1.1
400.0,500.0,1.0,1.1302623760600423,1.1180948185549937,1.1239847068583853,1.1
400.0,500.0,1.0,1.154083369008413,1.1191487964920772,1.1285495634607188,1.1
400.0,500.0,1.0,1.1171441618591078,1.1036741358313853,1.1109805390248648,1.1
400.0,500.0,1.0,1.0615652174314714,1.0141060538073028,1.0197734119054522,1.1
400.0,500.0,1.0,1.239044751629982,1.2051544452908622,1.2257925851602531,1.1
400.0,500.0,1.0,1.3067296246,1.3067296246,1.3056743644271436,1.1
400.0,500.0,1.0,1.078656918377451,1.0255841320478405,1.0301412968222592,1.0
400.0,500.0,1.0,1.147688997293422,1.0971242837375148,1.0957432549761732,1.0
400.0,500.0,1.0,0.9598682707519092,0.9120382795715818,0.9192290433854576,1.1
400.0,500.0,1.0,1.1121554046185174,1.06260872294282,1.0787726989057944,1.1
400.0,500.0,1.0,1.0150907491722938,0.9553470896436824,0.964628614098672,1.1
400.0,500.0,1.0,1.1848402912326887,1.1409639980468886,1.153043072430118,1.1
400.0,500.0,1.0,1.18489845900069,1.1252871879595578,1.1377804808706111,1.1
400.0,500.0,1.0,1.1549338865677012,1.1040403385772846,1.1184084905800011,1.1
400.0,500.0,1.5,0.9412484404608508,0.8661311543172077,0.896583519392417,1.0
400.0,500.0,1.5,1.27099126259099,1.27099126259099,1.2693522094794902,1.1
400.0,500.0,1.5,1.0189900827845255,0.9622679055817996,0.982940878001502,1.0
400.0,500.0,1.5,1.1549281492616763,1.10092648243334,1.1307412922289977,1.1
400.0,500.0,1.5,1.126683353602824,1.1052214658039572,1.1195851149077252,1.1
400.0,500.0,1.5,1.3750544008409045,1.3426605303367962,1.3517205724003505,1.1
400.0,500.0,1.5,0.8436712789943217,0.7630910670528577,0.777690611685923,1.0
400.0,500.0,1.5,1.2857814934889669,1.2421322817739748,1.2547511730066006,1.1
400.0,500.0,1.5,1.1485056672958265,1.091358466004926,1.1253776030296112,1.0
400.0,500.0,1.5,1.1937895259808688,1.1067576700365822,1.122859179943365,1.0
400.0,500.0,1.5,0.9185182170044032,0.8842145928889513,0.8918045453092789,1.1
400.0,500.0,1.5,1.032086359406888,0.9761368859709604,0.9839558891696534,1.0
400.0,500.0,1.5,1.3504770849218328,1.3339742406332038,1.3452265117172222,1.1
400.0,500.0,1.5,1.1162527300558842,1.0403993704474437,1.0483012186496266,1.1
400.0,500.0,1.5,1.0876005004239686,1.0033120775439803,1.0177670517370974,1.1
400.0,500.0,1.5,0.9479740695044911,0.854837773386046,0.8415300457075295,1.1
400.0,500.0,1.5,1.1659412645411198,1.1037737809320325,1.1297754271498786,1.1
400.0,500.0,1.5,1.133238498818176,1.066614389541976,1.0730069489260703,1.1
400.0,500.0,1.5,1.296677586156562,1.2802568614414436,1.2916956631198948,1.1
400.0,500.0,1.5,1.1145023004040615,1.0408013056325602,1.0609580517327024,1.1
400.0,500.0,1.5,1.1896157062837096,1.1469225227160047,1.1558488617600622,1.1
400.0,500.0,1.5,1.0020524217259026,0.9167982807788544,0.93682952958391,1.1
400.0,500.0,1.5,1.2279848189402038,1.2279848189402038,1.227984818940204,1.1
400.0,500.0,1.5,0.9461452250701208,0.8739777774357682,0.8878077858398157,1.1
400.0,500.0,1.5,1.0314717569952654,0.9450886109996912,0.9517623032028876,1.0
400.0,500.0,1.5,1.4633000568734502,1.458945508685148,1.4609270030675905,1.1
400.0,500.0,1.5,1.2053145660046396,1.1235579879503728,1.125534558221771,1.1
400.0,500.0,1.5,1.222490132616138,1.2107768777062526,1.215242330877199,1.1
400.0,500.0,1.5,1.073504650126463,1.0043859396380557,1.0262896979626723,1.1
400.0,500.0,1.5,1.3148349683038287,1.3099466819305632,1.308357388999523,1.1
400.0,500.0,1.5,1.230137989709092,1.2126686610851536,1.22165835938637,1.1
400.0,500.0,1.5,1.071673368189649,0.9900414994875562,0.983517732907698,1.1
400.0,500.0,1.5,1.221471487442483,1.1449307275596088,1.1618841083573577,1.1
400.0,500.0,1.5,1.0448058685617718,0.973755809310712,0.9909621678444932,1.0
400.0,500.0,1.5,0.9133980710935568,0.8423445760595315,0.8568968410692185,1.1
400.0,500.0,1.5,1.110225903071253,1.0290664680276853,1.0392963046542594,1.0
400.0,500.0,1.5,1.1453935640900634,1.1191008717729478,1.1301314448738335,1.1
400.0,500.0,1.5,1.1811250535126194,1.1189148621704796,1.1336698327899724,1.1
400.0,500.0,1.5,1.1257162427886616,1.0939302677613885,1.1099131608481816,1.1
400.0,500.0,1.5,1.0423478261472072,0.9644359585431888,0.9642951773037548,1.1
400.0,500.0,1.5,1.308567127444973,1.24499220626267,1.2824089444992195,1.1
400.0,500.0,1.5,1.4100944369,1.4100944369,1.4076660217506685,1.1
400.0,500.0,1.5,1.1179853775661766,1.0428467711660854,1.0534636844718634,1.0
400.0,500.0,1.5,1.221533495940133,1.1516234095752529,1.1607611935237323,1.0
400.0,500.0,1.5,0.8898024061278633,0.8128111596587235,0.8041476235609736,1.1
400.0,500.0,1.5,1.118233106927776,1.0373784231801713,1.0517552253908171,1.1
400.0,500.0,1.5,0.9907829964817766,0.9006688533378296,0.9048598691952224,1.0
400.0,500.0,1.5,1.2272604368490327,1.1526996799055051,1.16331516869077,1.1
400.0,500.0,1.5,1.2273476885010344,1.1345544965633771,1.1400378285792736,1.1
400.0,500.0,1.5,1.1824008298515514,1.0958583718528934,1.1142782023883138,1.1
400.0,500.0,2.0,0.9216645872811344,0.8267156644336822,0.8707905897021013,1.0
400.0,500.0,2.0,1.32798835012132,1.32798835012132,1.3253474272871135,1.1
400.0,500.0,2.0,1.0253201103793672,0.958767431968468,0.9827833622120922,1.0
400.0,500.0,2.0,1.1732375323489015,1.0974555512819888,1.1371210354952568,1.1
400.0,500.0,2.0,1.135577804803765,1.0993412416981956,1.1197018103314114,1.1
400.0,500.0,2.0,1.4667392011212064,1.4133618422107104,1.4312411686343685,1.1
400.0,500.0,2.0,0.7915617053257622,0.684171263116012,0.7063650509888937,1.0
400.0,500.0,2.0,1.3477086579852893,1.2831127053960232,1.3007381194198226,1.1
400.0,500.0,2.0,1.1980075563944352,1.1269120789100655,1.1712161978912938,1.0
400.0,500.0,2.0,1.2583860346411582,1.146867029317169,1.1712341196366074,1.0
400.0,500.0,2.0,0.8580242893392043,0.8042353990895542,0.8161919201116564,1.1
400.0,500.0,2.0,1.0427818125425177,0.9759598290492084,0.9855488136239978,1.0
400.0,500.0,2.0,1.4339694465624435,1.4044036467339316,1.4240067796306235,1.1
400.0,500.0,2.0,1.121670306741179,1.0154739230532503,1.025315431587135,1.1
400.0,500.0,2.0,1.083467333898625,0.9684585849642916,0.9843892956467376,1.1
400.0,500.0,2.0,0.9289259028950988,0.8058158082572155,0.8334403765014716,1.0
400.0,500.0,2.0,1.1879216860548265,1.0949149323155738,1.134446126748015,1.1
400.0,500.0,2.0,1.1443179984242349,1.0507394502121978,1.054849752339453,1.1
400.0,500.0,2.0,1.3622367815420826,1.3353558373700771,1.355084131985803,1.1
400.0,500.0,2.0,1.1193364005387485,1.0162602185072969,1.0430270137349675,1.1
400.0,500.0,2.0,1.2194876083782795,1.1548957882981417,1.1685936743798877,1.1
400.0,500.0,2.0,0.96940322896787,0.8547311107731346,0.8782364717963969,1.1
400.0,500.0,2.0,1.270646425253605,1.270646425253605,1.2694530678116351,1.1
400.0,500.0,2.0,0.8948603000934943,0.7934977795781298,0.8097097650583264,1.1
400.0,500.0,2.0,1.0419623426603537,0.9288360349390544,0.9505053101882646,1.0
400.0,500.0,2.0,1.584400075831267,1.5772644547244543,1.579754395556137,1.1
400.0,500.0,2.0,1.264689078334122,1.1558831692000189,1.1705323473249074,1.0
400.0,500.0,2.0,1.2633201768215176,1.247702503608337,1.2510137126934986,1.1
400.0,500.0,2.0,1.0646728668352834,0.9661878267304652,0.990528061840244,1.1
400.0,500.0,2.0,1.386446624405105,1.3757641781254462,1.374712313143173,1.1
400.0,500.0,2.0,1.2735173196121226,1.2457141912744845,1.2598554493859209,1.1
400.0,500.0,2.0,1.062231157586199,0.9530673727735124,0.9377805159977864,1.1
400.0,500.0,2.0,1.261961983256644,1.1584100037501617,1.181693326753067,1.1
400.0,500.0,2.0,1.0597411580823624,0.969971752319936,0.998279222828602,1.0
400.0,500.0,2.0,0.8511974281247423,0.7516465704403807,0.7657786526631188,1.1
400.0,500.0,2.0,1.1469678707616704,1.041008272211844,1.06653237790903,1.0
400.0,500.0,2.0,1.160524752120085,1.118722628449223,1.134445342659275,1.1
400.0,500.0,2.0,1.2081667380168255,1.1182978042496527,1.1360693534039208,1.1
400.0,500.0,2.0,1.1342883237182153,1.0819900644315217,1.1126029191095768,1.1
400.0,500.0,2.0,1.0231304348629426,0.9182594206724864,0.9069170756669772,1.1
400.0,500.0,2.0,1.3780895032599636,1.289033374460016,1.3352594343106132,1.1
400.0,500.0,2.0,1.5134592492,1.5134592492,1.5102213623342242,1.1
400.0,500.0,2.0,1.157313836754902,1.0623224349464766,1.083910875544433,1.0
400.0,500.0,2.0,1.295377994586844,1.2097181911787511,1.2209891773148187,1.0
400.0,500.0,2.0,0.8288692178470034,0.725075278241606,0.7320247806144502,1.0
400.0,500.0,2.0,1.1243108092370346,1.013675028343662,1.0267374051878326,1.1
400.0,500.0,2.0,0.987710661975702,0.8699342183012159,0.8765507998440368,1.0
400.0,500.0,2.0,1.269680582465377,1.164855195920756,1.175065361176436,1.1
400.0,500.0,2.0,1.2802063034504232,1.1562194752267778,1.1410222883634362,1.0
400.0,500.0,2.0,1.209867773135402,1.090564434248093,1.108604773998351,1.1
400.0,500.0,2.5,0.902080734101418,0.7906554269081956,0.8442490295881487,1.0
400.0,500.0,2.5,1.38498543765165,1.3832150960960905,1.3807141525506597,1.1
400.0,500.0,2.5,1.031650137974209,0.9530994797161428,0.9824147137018612,1.0
400.0,500.0,2.5,1.1915469154361271,1.093054855375148,1.1423490477660545,1.1
400.0,500.0,2.5,1.1444722560047065,1.0935023364583012,1.1222615014723285,1.1
400.0,500.0,2.5,1.5584240014015078,1.4850025784301013,1.5097496722912254,1.1
400.0,500.0,2.5,0.7394521316572028,0.6065090100082653,0.6401125684526493,1.0
400.0,500.0,2.5,1.4096358224816117,1.3222955885408718,1.3448800924504407,1.1
400.0,500.0,2.5,1.247509445493044,1.1636110108779292,1.2149359468358287,1.0
400.0,500.0,2.5,1.322982543301448,1.186932470051167,1.224020388766599,1.0
400.0,500.0,2.5,0.7975303616740053,0.7219934969332128,0.7410304659702435,1.1
400.0,500.0,2.5,1.0534772656781466,0.9766309973347578,0.994759354813155,1.0
400.0,500.0,2.5,1.5174618082030544,1.4759889771183687,1.5023944645408032,1.1
400.0,500.0,2.5,1.1270878834264737,0.9906352066776782,0.9954285659124656,1.1
400.0,500.0,2.5,1.0793341673732813,0.9346499334399264,0.9476673385031154,1.1
400.0,500.0,2.5,0.9111573786188734,0.7582581624131879,0.7996801204384241,1.0
400.0,500.0,2.5,1.2099021075685332,1.087090278184712,1.1324046059396309,1.1
400.0,500.0,2.5,1.1553974980302937,1.0342824816434453,1.03802570163241,1.1
400.0,500.0,2.5,1.4277959769276032,1.3930184137106725,1.418605945713178,1.1
400.0,500.0,2.5,1.1241705006734355,0.9892607181859256,1.0258878965420664,1.1
400.0,500.0,2.5,1.2493595104728494,1.1604637078620672,1.1835482217633069,1.1
400.0,500.0,2.5,0.9460886929884108,0.8032404816372777,0.7932854002475631,1.0
400.0,500.0,2.5,1.3133080315670065,1.3090523665626352,1.3110054440317809,1.1
400.0,500.0,2.5,0.843575375116868,0.7133320838376803,0.7300837158321489,1.1
400.0,500.0,2.5,1.052452928325442,0.9137101713402576,0.9478789307559274,1.0
400.0,500.0,2.5,1.7055000947890837,1.6949697917028674,1.6996929944451709,1.1
400.0,500.0,2.5,1.3308613479176523,1.1961290990026716,1.2143103194301454,1.0
400.0,500.0,2.5,1.3041502210268971,1.2818988926650412,1.286838850327595,1.1
400.0,500.0,2.5,1.0558410835441043,0.9293922033416396,0.9543697834746572,1.1
400.0,500.0,2.5,1.4580582805063813,1.4409864121066975,1.4428742234267502,1.1
400.0,500.0,2.5,1.316896649515153,1.2778977805423437,1.296584966744995,1.1
400.0,500.0,2.5,1.074551568776532,0.9388440603543198,0.9574095365366232,1.0
400.0,500.0,2.5,1.3142292437092653,1.1843781180926654,1.1817411617104407,1.0
400.0,500.0,2.5,1.074676447602953,0.9682398199618588,1.003952883329287,1.0
400.0,500.0,2.5,0.788996785155928,0.6619350964745148,0.6773105641137137,1.1
400.0,500.0,2.5,1.183709838452088,1.0541056027495277,1.0891202617871474,1.0
400.0,500.0,2.5,1.175655940150106,1.113817114896195,1.1426054350826975,1.1
400.0,500.0,2.5,1.235208422521032,1.1177000774980903,1.1343705324284925,1.1
400.0,500.0,2.5,1.1428604046477693,1.072560421929471,1.1135240343197137,1.1
400.0,500.0,2.5,1.007142741152148,0.875995169239152,0.905962380546658,1.0
400.0,500.0,2.5,1.4476118790749546,1.3284569158395494,1.3881768677704232,1.1
400.0,500.0,2.5,1.6168240614999998,1.6168240615,1.611461754715109,1.1
400.0,500.0,2.5,1.1966422959436276,1.0835959896084646,1.1133510059948142,1.0
400.0,500.0,2.5,1.369222493233555,1.2680275123026006,1.289531244327215,1.0
400.0,500.0,2.5,0.7860865223087544,0.6563162322725474,0.6694661604847886,1.0
400.0,500.0,2.5,1.1303885115462933,0.9913057972112114,1.000101538882144,1.1
400.0,500.0,2.5,0.9846383274696276,0.8386954560676138,0.8500692013326053,1.0
400.0,500.0,2.5,1.3121007280817207,1.1800239082303652,1.1901796087225642,1.1
400.0,500.0,2.5,1.3502578793130289,1.195797110439683,1.18439089522065,1.0
400.0,500.0,2.5,1.237334716419252,1.0859113739062425,1.0986689995871273,1.1
400.0,500.0,3.0,0.8824968809217015,0.755250211671806,0.8191455117371312,1.0
400.0,500.0,3.0,1.4419825251819798,1.4378008939812392,1.4368569830607916,1.1
400.0,500.0,3.0,1.0379801655690506,0.9503927741008388,0.9834325757132938,1.0
400.0,500.0,3.0,1.2098562985233523,1.0862878027321878,1.1456309901618422,1.1
400.0,500.0,3.0,1.1533667072056475,1.0885377332002824,1.1241790243433911,1.1
400.0,500.0,3.0,1.6501088016818093,1.5581841014850706,1.590106734217556,1.1
400.0,500.0,3.0,0.6873425579886432,0.5299837508434029,0.5724532285276075,1.0
400.0,500.0,3.0,1.4715629869779336,1.3654032741697442,1.386359686421062,1.1
400.0,500.0,3.0,1.2970113345916523,1.203441573317677,1.2583439025460277,1.0
400.0,500.0,3.0,1.3875790519617377,1.2281577535360055,1.278791267265344,1.0
400.0,500.0,3.0,0.7370364340088063,0.6413628289575873,0.6662705788484211,1.1
400.0,500.0,3.0,1.0641727188137755,0.975397606017806,0.9977654826930448,1.0
400.0,500.0,3.0,1.6009541698436651,1.5472818477801833,1.581270033660073,1.1
400.0,500.0,3.0,1.1325054601117683,0.96791449856632,0.965020026582288,1.1
400.0,500.0,3.0,1.0752010008479371,0.9013610409508028,0.905851284021556,1.1
400.0,500.0,3.0,0.893388854342648,0.7120486582981576,0.768855423634033,1.0
400.0,500.0,3.0,1.2318825290822395,1.080488957840479,1.133462987243107,1.1
400.0,500.0,3.0,1.1664769976363525,1.019445862251788,1.0167770784574763,1.1
400.0,500.0,3.0,1.4933551723131235,1.4475034879106898,1.4811613374818018,1.1
400.0,500.0,3.0,1.1290046008081225,0.9633294520677048,1.0078224267394944,1.1
400.0,500.0,3.0,1.2792314125674196,1.168269693398706,1.1962097968586851,1.1
400.0,500.0,3.0,0.935306431586093,0.7643749338104456,0.7599353552039521,1.0
400.0,500.0,3.0,1.3559696378804076,1.3508628398751623,1.3516973969407908,1.1
400.0,500.0,3.0,0.7922904501402414,0.631824129929191,0.6553495812295633,1.1
400.0,500.0,3.0,1.0629435139905303,0.8992853745318128,0.9414883863542388,1.0
400.0,500.0,3.0,1.8266001137469003,1.8120933146942984,1.819058865578052,1.1
400.0,500.0,3.0,1.3970336175011828,1.2365221918095262,1.268182216510413,1.0
400.0,500.0,3.0,1.3449802652322764,1.3150856366712462,1.32057509323815,1.1
400.0,500.0,3.0,1.0470093002529253,0.8949653166511055,0.9187342566024764,1.1
400.0,500.0,3.0,1.5296699366076578,1.5034234368124098,1.5063218474348137,1.1
400.0,500.0,3.0,1.3602759794181838,1.3061822144570308,1.3334063532439395,1.1
400.0,500.0,3.0,1.0894618825318385,0.9276600517656608,0.9542597253158503,1.0
400.0,500.0,3.0,1.377075092451118,1.221609653197026,1.221165724693864,1.0
400.0,500.0,3.0,1.0896117371235436,0.9652918366075828,1.006263123722681,1.0
400.0,500.0,3.0,0.7267961421871135,0.5710496836063667,0.5881871968623549,1.1
400.0,500.0,3.0,1.2204518061425056,1.068143298798241,1.109749466648728,1.0
400.0,500.0,3.0,1.190787128180127,1.113587857701452,1.146554366250759,1.1
400.0,500.0,3.0,1.2622501070252383,1.118134064049516,1.1353134208000113,1.1
400.0,500.0,3.0,1.151432485577323,1.0652295097523836,1.1143548490805273,1.1
400.0,500.0,3.0,1.0085712893825778,0.8516404101259094,0.8919699475204367,1.0
400.0,500.0,3.0,1.5171342548899456,1.372378513089175,1.4404708708135414,1.1
400.0,500.0,3.0,1.7201888737999995,1.7201888737999995,1.713754105658131,1.1
400.0,500.0,3.0,1.2359707551323529,1.1021099514493111,1.1402296040557975,1.0
400.0,500.0,3.0,1.443066991880266,1.325285082018206,1.3505320008722943,1.0
400.0,500.0,3.0,0.7433038267705054,0.588048251043663,0.6064128386387612,1.0
400.0,500.0,3.0,1.1364662138555517,0.969369361081466,0.9673168785108616,1.1
400.0,500.0,3.0,0.9815659929635532,0.8079490636623345,0.8251343397887194,1.0
400.0,500.0,3.0,1.354520873698065,1.1941859666335417,1.1995617304236768,1.1
400.0,500.0,3.0,1.4203094551756348,1.235396223706152,1.2244267496072876,1.0
400.0,500.0,3.0,1.2648016597031029,1.0816100457726454,1.0926602330684465,1.1
400.0,500.0,4.0,0.8433291745622689,0.6837640491437166,0.7673144782733035,1.0
400.0,500.0,4.0,1.5559767002426397,1.5450599305663753,1.5473121149226483,1.1
400.0,500.0,4.0,1.0506402207587342,0.9409079137862753,0.9808327825440172,1.0
400.0,500.0,4.0,1.2464750646978031,1.0729954705997022,1.1566553321536173,1.1
400.0,500.0,4.0,1.1711556096075302,1.0766299855431178,1.1291311969774311,1.1
400.0,500.0,4.0,1.8334784022424124,1.699883383677993,1.7425960300197658,1.1
400.0,500.0,4.0,0.5831234106515245,0.3777580410055279,0.4359770730802184,1.0
400.0,500.0,4.0,1.5954173159705782,1.4463070127710378,1.471230192114526,1.1
400.0,500.0,4.0,1.3960151127888705,1.2786866442614342,1.3468888585264471,1.0
400.0,500.0,4.0,1.5167720692823166,1.311161974406319,1.381308612321411,1.0
400.0,500.0,4.0,0.6160485786784083,0.4794781789800061,0.5197311823203751,1.1
400.0,500.0,4.0,1.0855636250850345,0.978145777003582,1.0015205444002278,1.0
400.0,500.0,4.0,1.767938893124887,1.6897795123049666,1.7396825091600645,1.1
400.0,500.0,4.0,1.143340613482358,0.922141196377358,0.9054068781841358,1.1
400.0,500.0,4.0,1.0669346677972498,0.835341542760688,0.8339562283660413,1.1
400.0,500.0,4.0,0.8578518057901975,0.6186929621209531,0.7009628962128305,1.0
400.0,500.0,4.0,1.2758433721096527,1.0673957235302804,1.1364683904780453,1.1
400.0,500.0,4.0,1.18863599684847,0.9899847146446428,0.978952696255294,1.1
400.0,500.0,4.0,1.624473563084165,1.5615442581433578,1.6048546115136888,1.1
400.0,500.0,4.0,1.1386728010774962,0.914308941693494,0.9658186664650712,1.1
400.0,500.0,4.0,1.3389752167565592,1.1874898247507144,1.220793404990202,1.1
400.0,500.0,4.0,0.9137419087814572,0.6884802210048111,0.689335197250168,1.0
400.0,500.0,4.0,1.44129285050721,1.4344837865002165,1.435596529254388,1.1
400.0,500.0,4.0,0.6897206001869883,0.474155842870418,0.4974608005097319,1.1
400.0,500.0,4.0,1.0839246853207072,0.8692902882826893,0.9293240680271816,1.0
400.0,500.0,4.0,2.0688001516625336,2.0446280342856946,2.0550040985105684,1.1
400.0,500.0,4.0,1.5293781566682436,1.318029898600002,1.364664446430224,1.0
400.0,500.0,4.0,1.4266403536430357,1.3846879538447077,1.3885106509485228,1.1
400.0,500.0,4.0,1.029345733670567,0.8211735571404528,0.8542372394582759,1.1
400.0,500.0,4.0,1.6728932488102102,1.6322854089447638,1.6354148039923484,1.1
400.0,500.0,4.0,1.4470346392242448,1.3733363088671389,1.4080776184202282,1.1
400.0,500.0,4.0,1.119282510042451,0.9057418909045892,0.9496234838056296,1.0
400.0,500.0,4.0,1.502766789934824,1.2967838249753056,1.3062557291009478,1.0
400.0,500.0,4.0,1.1194823161647247,0.9603398579382668,1.0126634319615386,1.0
400.0,500.0,4.0,0.6023948562494847,0.3917189483438055,0.4097051654859485,1.1
400.0,500.0,4.0,1.2939357415233408,1.0998986021600767,1.1568067439255776,1.0
400.0,500.0,4.0,1.2210495042401692,1.1092342181477617,1.1502265757876902,1.1
400.0,500.0,4.0,1.3163334760336514,1.1207625710926403,1.138518665824601,1.1
400.0,500.0,4.0,1.1685766474364307,1.0453539297344294,1.1178421784434571,1.1
400.0,500.0,4.0,1.0114283858434372,0.8030420804121684,0.8597717428964512,1.0
400.0,500.0,4.0,1.656179006519927,1.457434437492122,1.5447059440239743,1.1
400.0,500.0,4.0,1.9269184983999996,1.9269184983999996,1.9183388075441743,1.1
400.0,500.0,4.0,1.314627673509804,1.142164618700831,1.1931501667367543,1.0
400.0,500.0,4.0,1.590755989173688,1.441975471520309,1.4803790010532276,1.0
400.0,500.0,4.0,0.6577384356940074,0.4522808043379035,0.4852610990546668,1.0
400.0,500.0,4.0,1.1486216184740687,0.9259312202579428,0.9119788160211768,1.1
400.0,500.0,4.0,0.975421323951404,0.7481827441597265,0.7710877585712945,1.0
400.0,500.0,4.0,1.4393611649307532,1.224822757052672,1.2230653371007645,1.1
400.0,500.0,4.0,1.5604126069008464,1.3165822094483155,1.318258637540252,1.0
400.0,500.0,4.0,1.3197355462708031,1.073716146312473,1.0718479204804696,1.1
400.0,500.0,5.0,0.804161468202836,0.6114102750230153,0.7108423967237328,1.0
400.0,500.0,5.0,1.6699708753032994,1.6563249132079685,1.657729857649785,1.1
400.0,500.0,5.0,1.0633002759484176,0.9292124887997696,0.9868233418039624,1.0
400.0,500.0,5.0,1.283093830872254,1.056033953817723,1.1649764202927833,1.1
400.0,500.0,5.0,1.1889445120094124,1.0638535731869176,1.1337613642557205,1.1
400.0,500.0,5.0,2.016848002803016,1.8454861394335689,1.903245037524708,1.1
400.0,500.0,5.0,0.4789042633144054,0.2229096023146847,0.2956829746897697,1.0
400.0,500.0,5.0,1.7192716449632224,1.5260482277474816,1.5599544946416322,1.1
400.0,500.0,5.0,1.495018890986088,1.3548744582601888,1.4357633364847164,1.0
400.0,500.0,5.0,1.645965086602896,1.3957098228277685,1.4819859460428098,1.0
400.0,500.0,5.0,0.4950607233480104,0.3158509658844727,0.368934262281304,1.1
400.0,500.0,5.0,1.106954531356293,0.982103145717254,1.0074870994391405,1.0
400.0,500.0,5.0,1.9349236164061083,1.831163815747144,1.897718733497742,1.1
400.0,500.0,5.0,1.154175766852947,0.8773642735420988,0.8543882965706939,1.1
400.0,500.0,5.0,1.0822391937000173,0.7933536567072296,0.7771123127296831,1.0
400.0,500.0,5.0,0.8223147572377469,0.5268144395307297,0.6312968657735113,1.0
400.0,500.0,5.0,1.319804215137066,1.0524386275807718,1.14274561846395,1.1
400.0,500.0,5.0,1.2107949960605875,0.961082992542054,0.938715174673277,1.1
400.0,500.0,5.0,1.7555919538552058,1.672652945051095,1.7297369485545735,1.1
400.0,500.0,5.0,1.1483410013468702,0.8666911988385726,0.926153885562099,1.1
400.0,500.0,5.0,1.398719020945699,1.2062990037184638,1.2440551002997118,1.1
400.0,500.0,5.0,0.8921773859768217,0.6121709361877222,0.6282535965545768,1.0
400.0,500.0,5.0,1.5266160631340124,1.5181047331252706,1.5194956615679849,1.1
400.0,500.0,5.0,0.5871507502337354,0.314678138932261,0.3419082655275849,1.1
400.0,500.0,5.0,1.1049058566508838,0.8428924483441425,0.9213465402811318,1.0
400.0,500.0,5.0,2.311000189578167,2.271949208250569,2.2937551231382103,1.1
400.0,500.0,5.0,1.6617226958353046,1.398324415353831,1.469962390884455,1.0
400.0,500.0,5.0,1.5083004420537942,1.4483410801785108,1.4572504167870408,1.1
400.0,500.0,5.0,1.0116821670882086,0.7495084637349432,0.7862563428583793,1.1
400.0,500.0,5.0,1.8161165610127623,1.7653567611809544,1.7687035284200765,1.1
400.0,500.0,5.0,1.533793299030306,1.4360345358839095,1.4844409525074291,1.1
400.0,500.0,5.0,1.1491031375530638,0.885917507341394,0.9354567462385902,1.0
400.0,500.0,5.0,1.6284584874185302,1.3725129582923286,1.4014500026849226,1.0
400.0,500.0,5.0,1.149352895205906,0.9547987462853064,1.021576383481104,1.0
400.0,500.0,5.0,0.4779935703118558,0.2123791982975685,0.2285968812553529,1.1
400.0,500.0,5.0,1.3674196769041762,1.1321950536022771,1.2055105337814729,1.0
400.0,500.0,5.0,1.2513118803002117,1.0994435435581549,1.1564891328460454,1.1
400.0,500.0,5.0,1.370416845042064,1.1240549467757486,1.145708364623822,1.1
400.0,500.0,5.0,1.1857208092955382,1.0260143707723317,1.1191212040058107,1.1
400.0,500.0,5.0,1.0142854823042962,0.7554719017444804,0.8256090048712238,1.0
400.0,500.0,5.0,1.795223758149909,1.5420635517353571,1.6482484099141397,1.1
400.0,500.0,5.0,2.1336481229999995,2.133648123,2.121161172426965,1.1
400.0,500.0,5.0,1.3932845918872547,1.1813124659622332,1.246815801843015,1.0
400.0,500.0,5.0,1.7384449864671097,1.5575868881496524,1.6103382324153597,1.0
400.0,500.0,5.0,0.5721730446175092,0.3171150201311799,0.3718071002683244,1.0
400.0,500.0,5.0,1.1709740836920568,0.8933276843893492,0.8601811350985453,1.0
400.0,500.0,5.0,0.9692766549392552,0.6874503156704914,0.7214969211183314,1.0
400.0,500.0,5.0,1.5242014561634414,1.255519668288445,1.2495001226158955,1.1
400.0,500.0,5.0,1.7005157586260575,1.3983767597097585,1.4023429704597197,1.0
400.0,500.0,5.0,1.3746694328385038,1.0661304309079496,1.0640345850165935,1.1
400.0,500.0,6.0,0.7649937618434034,0.5364684372706968,0.6537059586520617,1.0
400.0,500.0,6.0,1.7839650503639592,1.7636911583070085,1.769275829179742,1.1
400.0,500.0,6.0,1.0759603311381012,0.9207595508206629,0.985318013889469,1.0
400.0,500.0,6.0,1.3197125970467043,1.045294749689579,1.1768355280344414,1.1
400.0,500.0,6.0,1.206733414411295,1.0550016085314482,1.1405136371068645,1.1
400.0,500.0,6.0,2.200217603363619,1.986078481122152,2.062202327564347,1.1
400.0,500.0,6.0,0.3746851159772865,0.0694062754741871,0.1624146742152167,1.0
400.0,500.0,6.0,1.8431259739558667,1.6055798280311755,1.650613399924569,1.1
400.0,500.0,6.0,1.5940226691833057,1.43186931706484,1.5270107380042144,1.0
400.0,500.0,6.0,1.7751581039234752,1.475940858444678,1.5783801359074063,1.0
400.0,500.0,6.0,0.3740728680176123,0.1553200480718215,0.2199235757441151,1.1
400.0,500.0,6.0,1.1283454376275517,0.9862604987434428,1.010662515466203,1.0
400.0,500.0,6.0,2.1019083396873297,1.9750244517233704,2.0550842038057024,1.1
400.0,500.0,6.0,1.1650109202235366,0.83186611309222,0.7987656507816023,1.1
400.0,500.0,6.0,1.0986870324400209,0.7530036409530512,0.7348215005156977,1.0
400.0,500.0,6.0,0.7867777086852964,0.4366206532730051,0.5579738140909886,1.0
400.0,500.0,6.0,1.3637650581644791,1.0395779673259242,1.1458976277180908,1.1
400.0,500.0,6.0,1.2329539952727049,0.9330392581710452,0.9018027341760088,1.1
400.0,500.0,6.0,1.886710344626247,1.7821444783752924,1.851976599893382,1.1
400.0,500.0,6.0,1.158009201616244,0.8174487386058576,0.884215295917965,1.1
400.0,500.0,6.0,1.4584628251348386,1.2215998063080662,1.270232753930472,1.1
400.0,500.0,6.0,0.8706128631721859,0.5356743017796615,0.5542724848211645,1.0
400.0,500.0,6.0,1.6119392757608149,1.6017256797503243,1.6011706939889674,1.1
400.0,500.0,6.0,0.4845809002804822,0.1539132592504311,0.1813489217187982,1.1
400.0,500.0,6.0,1.1258870279810609,0.8129744158015553,0.9053321356390968,1.0
400.0,500.0,6.0,2.5532002274938006,2.5028398628671757,2.530359342076808,1.1
400.0,500.0,6.0,1.7940672350023652,1.482226365311142,1.5698643110929609,1.0
400.0,500.0,6.0,1.5899605304645528,1.51505470001654,1.5287005001444487,1.1
400.0,500.0,6.0,0.9940186005058504,0.6781526697485951,0.717686779440188,1.1
400.0,500.0,6.0,1.959339873215315,1.8957656663027695,1.8992448115623728,1.1
400.0,500.0,6.0,1.6205519588363675,1.498852226675561,1.5541824158190063,1.1
400.0,500.0,6.0,1.1789237650636768,0.864391936799098,0.933664733284334,1.0
400.0,500.0,6.0,1.7541501849022365,1.4475625419526437,1.487211484023356,1.0
400.0,500.0,6.0,1.1792234742470873,0.9525129374849972,1.0294683308122536,1.0
400.0,500.0,6.0,0.3535922843742269,0.0334110708078716,0.0543162575064234,1.1
400.0,500.0,6.0,1.4409036122850112,1.1629190781459038,1.251201373216922,1.0
400.0,500.0,6.0,1.2815742563602537,1.0975560818930712,1.163443823654746,1.1
400.0,500.0,6.0,1.4245002140504768,1.1264420054362096,1.1472240057811456,1.1
400.0,500.0,6.0,1.202864971154646,1.0062688220062814,1.1171329870260047,1.1
400.0,500.0,6.0,1.0171425787651551,0.707771837104147,0.7968523497534801,1.0
400.0,500.0,6.0,1.9342685097798904,1.6278043276301957,1.753246849475103,1.1
400.0,500.0,6.0,2.340377747599999,2.3403777475999994,2.3236408947867,1.1
400.0,500.0,6.0,1.4719415102647058,1.2198517853058228,1.305867616934739,1.0
400.0,500.0,6.0,1.886133983760532,1.6728946223530252,1.736709189345719,1.0
400.0,500.0,6.0,0.4866076535410111,0.1820714169160592,0.2586688359469402,1.0
400.0,500.0,6.0,1.205168900430468,0.8721562774651487,0.8454523726576291,1.0
400.0,500.0,6.0,0.963131985927106,0.6278088557783529,0.6746724314225756,1.0
400.0,500.0,6.0,1.6090417473961296,1.286114242012663,1.2756019539238528,1.1
400.0,500.0,6.0,1.840618910351269,1.4811770604060608,1.481550970707339,1.0
400.0,500.0,6.0,1.4296033194062048,1.0591950643142831,1.0501354606948023,1.1
400.0,500.0,7.0,0.7258260554839706,0.4625377898158329,0.5998946483307458,1.0
400.0,500.0,7.0,1.8979592254246191,1.869792965310067,1.8808218007096988,1.1
400.0,500.0,7.0,1.0886203863277846,0.91208206222317,0.9828710162043806,1.0
400.0,500.0,7.0,1.356331363221155,1.0339954829119526,1.1868784695078982,1.1
400.0,500.0,7.0,1.2245223168131774,1.041999458072816,1.1472659099580085,1.1
400.0,500.0,7.0,2.383587203924222,2.131802114902385,2.211893332299696,1.1
400.0,500.0,7.0,0.2704659686401675,-0.083910459083804,0.0270044335844109,1.0
400.0,500.0,7.0,1.9669803029485116,1.687308671760559,1.7391630706691157,1.1
400.0,500.0,7.0,1.6930264473805232,1.506243174729518,1.6161770699610758,1.0
400.0,500.0,7.0,1.904351121244054,1.556560137526691,1.6761001973839178,1.0
400.0,500.0,7.0,0.2530850126872142,-0.0077497792721004,0.0729119412200018,1.1
400.0,500.0,7.0,1.14973634389881,0.9862659675124592,1.0124396013772368,1.0
400.0,500.0,7.0,2.2688930629685515,2.1181437789186144,2.210713047582801,1.1
400.0,500.0,7.0,1.175846073594126,0.786978969687029,0.7426669659553362,1.1
400.0,500.0,7.0,1.1151348711800242,0.7130201366614455,0.6940850904978442,1.0
400.0,500.0,7.0,0.7512406601328458,0.3427240954851728,0.4907887112285658,1.0
400.0,500.0,7.0,1.4077259011918923,1.024501119859465,1.1551583564825811,1.1
400.0,500.0,7.0,1.2551129944848225,0.903530971438339,0.8638167395681253,1.1
400.0,500.0,7.0,2.017828735397289,1.8958352247711752,1.9773060332089465,1.1
400.0,500.0,7.0,1.1676774018856182,0.7693553430987945,0.8443823293243983,1.1
400.0,500.0,7.0,1.5182066293239784,1.2364533579446002,1.296243392043158,1.1
400.0,500.0,7.0,0.8490483403675506,0.4596853248162287,0.4905602410929217,1.0
400.0,500.0,7.0,1.6972624883876173,1.6853466263753785,1.6846991429871288,1.1
400.0,500.0,7.0,0.3820110503272295,-0.0047811584861637,0.0258439034356828,1.1
400.0,500.0,7.0,1.1468681993112373,0.7872045103258136,0.8907819306543265,1.0
400.0,500.0,7.0,2.7954002654094343,2.7366465066783707,2.768303023020616,1.1
400.0,500.0,7.0,1.9264117741694264,1.56513949113775,1.6712853126843947,1.0
400.0,500.0,7.0,1.6716206188753115,1.580807580900935,1.5970900389659315,1.1
400.0,500.0,7.0,0.9763550339234922,0.6073965832276433,0.6411336559795152,1.1
400.0,500.0,7.0,2.102563185417868,2.0283932773532314,2.0303245463735045,1.1
400.0,500.0,7.0,1.7073106186424285,1.5577797726108715,1.6298794851221736,1.1
400.0,500.0,7.0,1.2087443925742891,0.8439259812302649,0.9276069330411596,1.0
400.0,500.0,7.0,1.8798418823859424,1.5243243204638068,1.5700505941359937,1.0
400.0,500.0,7.0,1.2090940532882684,0.9494605740841124,1.0378250375979767,1.0
400.0,500.0,7.0,0.2291909984365981,-0.14636578769406,-0.1263262990324479,1.1
400.0,500.0,7.0,1.5143875476658464,1.1931570289112967,1.295071568641904,1.0
400.0,500.0,7.0,1.311836632420296,1.0951321158413374,1.1694925753832055,1.1
400.0,500.0,7.0,1.4785835830588898,1.130404934082495,1.1353096052405955,1.1
400.0,500.0,7.0,1.2200091330137537,0.9849762212019384,1.115060921231683,1.1
400.0,500.0,7.0,1.0199996752260148,0.6618232385451888,0.761186947180265,1.0
400.0,500.0,7.0,2.0733132614098726,1.7135745837748235,1.8625377176673623,1.1
400.0,500.0,7.0,2.5471073721999997,2.5471073721999997,2.527581043917817,1.1
400.0,500.0,7.0,1.5505984286421568,1.2592123120579952,1.362053715584248,1.0
400.0,500.0,7.0,2.0338229810539543,1.7880829429718363,1.859494054236673,1.0
400.0,500.0,7.0,0.4010422624645131,0.0469805184812646,0.1380213811794265,1.0
400.0,500.0,7.0,1.2393637171688792,0.8515259097567787,0.8196944347672338,1.0
400.0,500.0,7.0,0.9569873169149568,0.5684120581483201,0.622104311087518,1.0
400.0,500.0,7.0,1.6938820386288178,1.3167744295742811,1.2979237187954125,1.1
400.0,500.0,7.0,1.9807220620764807,1.5619486660222055,1.568646798947898,1.0
400.0,500.0,7.0,1.484537205973905,1.0520233927446196,1.0418247041439357,1.1
400.0,500.0,8.0,0.6866583491245379,0.3876908154979542,0.5442146407125082,1.0
400.0,500.0,8.0,2.011953400485279,1.9797633889257904,1.992367772239656,1.1
400.0,500.0,8.0,1.101280441517468,0.9073863189382518,0.985927560172945,1.0
400.0,500.0,8.0,1.392950129395606,1.0221176885622525,1.195239046237132,1.1
400.0,500.0,8.0,1.2423112192150596,1.0295847173154051,1.1506018292680655,1.1
400.0,500.0,8.0,2.566956804484825,2.2770208426031338,2.370735236913939,1.1
400.0,500.0,8.0,0.1662468213030484,-0.2373029829956938,-0.1098434200541938,1.0
400.0,500.0,8.0,2.0908346319411555,1.7654911556766102,1.8303796057528956,1.1
400.0,500.0,8.0,1.792030225577741,1.5813106668964227,1.705531259969277,1.0
400.0,500.0,8.0,2.033544138564633,1.6360687286019324,1.772703267396912,1.0
400.0,500.0,8.0,0.1320971573568162,-0.169118872486945,-0.0750984695847917,1.1
400.0,500.0,8.0,1.1711272501700682,0.9869625093004,1.0182782945874067,1.0
400.0,500.0,8.0,2.4358777862497734,2.2635928901927027,2.367810687745941,1.1
400.0,500.0,8.0,1.1866812269647151,0.7419323029770021,0.6868529308957043,1.1
400.0,500.0,8.0,1.1315827099200275,0.672641300207441,0.649881705602446,1.0
400.0,500.0,8.0,0.715703611580395,0.2497571369761049,0.4210155937073026,1.0
400.0,500.0,8.0,1.4516867442193058,1.0095282612565533,1.1574228258032309,1.1
400.0,500.0,8.0,1.27727199369694,0.8743165438729457,0.8252150717733724,1.1
400.0,500.0,8.0,2.148947126168329,2.009525971167056,2.102635466524509,1.1
400.0,500.0,8.0,1.1773456021549922,0.7217892261135243,0.8078655192278837,1.1
400.0,500.0,8.0,1.5779504335131185,1.249912276518118,1.312176919549544,1.1
400.0,500.0,8.0,0.8274838175629146,0.3824975140756895,0.4216659068653558,1.0
400.0,500.0,8.0,1.78258570101442,1.7689675730004328,1.76822759198529,1.1
400.0,500.0,8.0,0.2794412003739764,-0.1631519198155536,-0.1372967533578348,1.1
400.0,500.0,8.0,1.1678493706414144,0.7610447164149408,0.8816442456797775,1.0
400.0,500.0,8.0,3.037600303325068,2.970453150489566,3.006632026309275,1.1
400.0,500.0,8.0,2.0587563133364872,1.6474355919164378,1.7709760648010475,1.0
400.0,500.0,8.0,1.7532807072860703,1.645625636695407,1.6661860125391057,1.1
400.0,500.0,8.0,0.9586914673411336,0.53558596494261,0.5733175796988441,1.1
400.0,500.0,8.0,2.2457864976204203,2.150656057315238,2.1632280529982904,1.1
400.0,500.0,8.0,1.7940692784484895,1.620324244954643,1.7055765544253416,1.1
400.0,500.0,8.0,1.238565020084902,0.824241209556061,0.9253920762763496,1.0
400.0,500.0,8.0,2.005533579869648,1.600554210409067,1.6528000532069105,1.0
400.0,500.0,8.0,1.2389646323294494,0.9422406560961284,1.0439017839124385,1.0
400.0,500.0,8.0,0.1047897124989693,-0.3249269557529526,-0.3111577632142474,1.1
400.0,500.0,8.0,1.5878714830466816,1.2268212830292269,1.3372246498764615,1.0
400.0,500.0,8.0,1.342099008480338,1.092164896378176,1.1764464121019012,1.1
400.0,500.0,8.0,1.5326669520673024,1.133832505659653,1.1407795322403291,1.1
400.0,500.0,8.0,1.2371532948728614,0.9600151923463464,1.1122155900922226,1.1
400.0,500.0,8.0,1.0228567716868742,0.6159163445201312,0.7286057961454688,1.0
400.0,500.0,8.0,2.2123580130398546,1.7987956175637558,1.968515199312416,1.1
400.0,500.0,8.0,2.753836996799999,2.748026523212917,2.731521193048933,1.1
400.0,500.0,8.0,1.6292553470196076,1.3010231057052453,1.4133893703923173,1.0
400.0,500.0,8.0,2.181511978347376,1.9024403122853732,1.98621606826411,1.0
400.0,500.0,8.0,0.3154768713880153,-0.0876537628982435,0.0225088953874294,1.0
400.0,500.0,8.0,1.2735585339072908,0.8306159636437729,0.7996845194716807,1.0
400.0,500.0,8.0,0.9508426479028078,0.5077910143076775,0.5708413407017165,1.0
400.0,500.0,8.0,1.7787223298615058,1.3475813539757466,1.321311506114779,1.1
400.0,500.0,8.0,2.1208252138016923,1.6442499590964323,1.6473004092716863,1.0
400.0,500.0,8.0,1.539471092541606,1.045055731948326,1.0382467168090632,1.1
400.0,500.0,9.0,0.647490642765105,0.3111521674351983,0.4872414708015716,1.0
400.0,500.0,9.0,2.125947575545939,2.084013020294296,2.103913743769613,1.1
400.0,500.0,9.0,1.1139404967071511,0.9017747328389676,0.987394043648064,1.0
400.0,500.0,9.0,1.429568895570057,1.0110390181295437,1.207143927016774,1.1
400.0,500.0,9.0,1.2601001216169423,1.0070124009041277,1.155341737724443,1.1
400.0,500.0,9.0,2.7503264050454286,2.421704127595722,2.5295771415281814,1.1
400.0,500.0,9.0,0.0620276739659298,-0.3885838673809712,-0.2475581651762606,1.0
400.0,500.0,9.0,2.2146889609338003,1.8455458974050256,1.9225837425376853,1.1
400.0,500.0,9.0,1.8910340037749584,1.6602130324640425,1.7937226674654363,1.0
400.0,500.0,9.0,2.162737155885212,1.7155773196771742,1.8714469949144588,1.0
400.0,500.0,9.0,0.0111093020264184,-0.3312336746019526,-0.2219857782828905,1.1
400.0,500.0,9.0,1.1925181564413267,0.9913728948885816,1.0205630814108324,1.0
400.0,500.0,9.0,2.602862509530995,2.40904200146679,2.5196868631246723,1.1
400.0,500.0,9.0,1.1975163803353048,0.6970358564425699,0.6260349615947638,1.1
400.0,500.0,9.0,1.148030548660031,0.6317214627333709,0.6098595668642984,1.0
400.0,500.0,9.0,0.6801665630279444,0.1570559650270925,0.3513806080404011,1.0
400.0,500.0,9.0,1.4956475872467192,0.9966778779972792,1.164600679028635,1.1
400.0,500.0,9.0,1.2994309929090575,0.845209226201103,0.7823469734467264,1.1
400.0,500.0,9.0,2.2800655169393704,2.119554363700314,2.227964899840073,1.1
400.0,500.0,9.0,1.1870138024243664,0.6734511925643061,0.7672158712121528,1.1
400.0,500.0,9.0,1.637694237702258,1.265324836208704,1.3386990344932372,1.1
400.0,500.0,9.0,0.805919294758279,0.3059812079007847,0.3517103227107314,1.0
400.0,500.0,9.0,1.8679089136412224,1.852588519625487,1.851756040983451,1.1
400.0,500.0,9.0,0.1768713504207233,-0.3227636785658105,-0.2972115557952088,1.1
400.0,500.0,9.0,1.188830541971591,0.7336414496698682,0.8668497763897498,1.0
400.0,500.0,9.0,3.2798003412407013,3.204259794300763,3.2420050894297505,1.1
400.0,500.0,9.0,2.191100852503548,1.7292580285756678,1.8731057850127124,1.0
400.0,500.0,9.0,1.834940795696829,1.7138288412823328,1.7369592641064937,1.1
400.0,500.0,9.0,0.9410279007587754,0.4635102712757988,0.5038971241228309,1.1
400.0,500.0,9.0,2.389009809822973,2.278113279878544,2.2940778639408097,1.1
400.0,500.0,9.0,1.880827938254551,1.6821824975153916,1.7783894388042951,1.1
400.0,500.0,9.0,1.268385647595515,0.8030412911648455,0.9177292583577308,1.0
400.0,500.0,9.0,2.131225277353354,1.6766752848271982,1.74019501417707,1.0
400.0,500.0,9.0,1.2688352113706305,0.935020738108144,1.0537691734989063,1.0
400.0,500.0,9.0,-0.0196115734386595,-0.5035449482747877,-0.4867933594114956,1.1
400.0,500.0,9.0,1.661355418427517,1.2579595962205694,1.3793777311110196,1.0
400.0,500.0,9.0,1.3723613845403806,1.0886437865744467,1.186002213614639,1.1
400.0,500.0,9.0,1.5867503210757152,1.137077528790526,1.1387595283454368,1.1
400.0,500.0,9.0,1.2542974567319691,0.9401515814310412,1.1137425388537503,1.1
400.0,500.0,9.0,1.025713868147733,0.5679058875851468,0.6989996406373755,1.0
400.0,500.0,9.0,2.351402764669836,1.88437945972668,2.0726988411016425,1.1
400.0,500.0,9.0,2.9605666213999986,2.954029838614531,2.9354613421800497,1.1
400.0,500.0,9.0,1.7079122653970584,1.347719569313427,1.4673884530066723,1.0
400.0,500.0,9.0,2.329200975640798,2.0212960114853384,2.115354385754713,1.0
400.0,500.0,9.0,0.2299114803115171,-0.2230149764047025,-0.0950458381749457,1.0
400.0,500.0,9.0,1.3077533506457022,0.8108637643750545,0.7725546541723584,1.0
400.0,500.0,9.0,0.9446979788906588,0.447458086281115,0.5194210199062181,1.0
400.0,500.0,9.0,1.8635626210941945,1.3785134984483167,1.3429901479772992,1.1
400.0,500.0,9.0,2.260928365526904,1.7271483026539785,1.728586983284239,1.0
400.0,500.0,9.0,1.594404979109307,1.037866986619143,1.0245077806841072,1.1
400.0,500.0,10.0,0.6083229364056724,0.2370988132960854,0.4374593004815496,1.0
400.0,500.0,10.0,2.239941750606599,2.1933478003269964,2.2154597152995703,1.1
400.0,500.0,10.0,1.1266005518968352,0.9008734314384084,0.9859933818311828,1.0
400.0,500.0,10.0,1.466187661744508,0.9982294711344706,1.2146312593493067,1.1
400.0,500.0,10.0,1.2778890240188248,0.9941572465059384,1.1578181606492632,1.1
400.0,500.0,10.0,2.933696005606031,2.5685601417730237,2.684110656438956,1.1
400.0,500.0,10.0,-0.0421914733711891,-0.5409529929365255,-0.3826657338751524,1.0
400.0,500.0,10.0,2.3385432899264447,1.926652641889088,2.0094683065543206,1.1
400.0,500.0,10.0,1.990037781972176,1.7370805282074393,1.8844653533839264,1.0
400.0,500.0,10.0,2.291930173205792,1.8009000221085232,1.9682744387938436,1.0
400.0,500.0,10.0,-0.1098785533039795,-0.492164166522798,-0.3745379156580865,1.1
400.0,500.0,10.0,1.2139090627125853,0.9971840311216758,1.0230228308684977,1.0
400.0,500.0,10.0,2.769847232812216,2.539268585964148,2.677429847916301,1.1
400.0,500.0,10.0,1.2132300329675825,0.6569887748101321,0.6887167130445327,1.0
400.0,500.0,10.0,1.1644783874000342,0.5908016252593009,0.5738475784256496,1.0
400.0,500.0,10.0,0.6446295144754935,0.0633955166967691,0.2794986838766776,1.0
400.0,500.0,10.0,1.5396084302741322,0.9851976422191988,1.161856013776077,1.1
400.0,500.0,10.0,1.321589992121175,0.8154224912684802,0.7433202106673544,1.1
400.0,500.0,10.0,2.411183907710411,2.224735019285157,2.3541134566711084,1.1
400.0,500.0,10.0,1.19668200269374,0.6260568806270063,0.7156507550820863,1.1
400.0,500.0,10.0,1.697438041891398,1.2818771528802984,1.3610098414761738,1.1
400.0,500.0,10.0,0.7843547719536437,0.2303821555450208,0.2817667523164288,1.0
400.0,500.0,10.0,1.9532321262680248,1.9206745789721489,1.9352844899816124,1.1
400.0,500.0,10.0,0.0743015004674707,-0.4827148459938111,-0.4560349280732174,1.1
400.0,500.0,10.0,1.2098117133017676,0.7068123575986571,0.8520553070997218,1.0
400.0,500.0,10.0,3.522000379156334,3.4380664381119583,3.480005654921944,1.1
400.0,500.0,10.0,2.3234453916706093,1.812340276975838,1.9738146076810543,1.0
400.0,500.0,10.0,1.916600884107588,1.77723819498517,1.8077325156738824,1.1
400.0,500.0,10.0,0.9233643341764172,0.3922492316733005,0.4299797276044928,1.1
400.0,500.0,10.0,2.5322331220255254,2.4090147554206047,2.424088498214037,1.1
400.0,500.0,10.0,1.9675865980606124,1.7433525439419693,1.853766043115884,1.1
400.0,500.0,10.0,1.2982062751061276,0.7837855008049674,0.9122301940575676,1.0
400.0,500.0,10.0,2.2569169748370603,1.75309433453978,1.8345631527264008,1.0
400.0,500.0,10.0,1.2987057904118118,0.9278008201201604,1.0598045112358188,1.0
400.0,500.0,10.0,-0.1440128593762883,-0.6819838414329946,-0.6647270183439323,1.1
400.0,500.0,10.0,1.7348393538083522,1.2866217735784105,1.4215308123455772,1.0
400.0,500.0,10.0,1.4026237606004228,1.084588031759583,1.1871359877449978,1.1
400.0,500.0,10.0,1.640833690084128,1.139636168201521,1.137673367131586,1.1
400.0,500.0,10.0,1.2714416185910768,0.9197911775105352,1.1140114860754156,1.1
400.0,500.0,10.0,1.0285709646085928,0.5198954306501639,0.6685350975977731,1.0
400.0,500.0,10.0,2.4904475162998176,1.9705794564841097,2.1807764901129363,1.1
400.0,500.0,10.0,3.1672962459999985,3.160033154016145,3.1394014913111663,1.1
400.0,500.0,10.0,1.7865691837745097,1.390449912917757,1.5235436759601169,1.0
400.0,500.0,10.0,2.47688997293422,2.137031547673148,2.2452708773322345,1.0
400.0,500.0,10.0,0.1443460892350192,-0.3575520913528639,-0.2167073737367822,1.0
400.0,500.0,10.0,1.3419481673841136,0.7915551222236623,0.7495051817076136,1.0
400.0,500.0,10.0,0.93855330987851,0.3874162395163208,0.4663843513617801,1.0
400.0,500.0,10.0,1.948402912326883,1.409536530770235,1.3699890533081098,1.1
400.0,500.0,10.0,2.4010315172521155,1.8079425585044209,1.809541092538044,1.0
400.0,500.0,10.0,1.6493388656770076,1.030886910771546,1.014611868576731,1.1
500.0,500.0,0.5,1.0775113242251593,1.0612837216918374,1.0695522651884306,1.1
500.0,500.0,0.5,1.0897207780612872,1.08376753983494,1.0863071528698356,1.1
500.0,500.0,0.5,1.0944472714969486,1.090887683925149,1.0936668914140324,1.1
500.0,500.0,0.5,1.1008615139072564,1.10048560813202,1.1006547480473592,1.1
500.0,500.0,0.5,1.141048934599278,1.138706221570631,1.1390551372983313,1.1
500.0,500.0,0.5,1.1355376685337073,1.117390166518096,1.1247079740774446,1.1
500.0,500.0,0.5,1.0938255711836369,1.0827362527963096,1.0897758542532747,1.1
500.0,500.0,0.5,1.12361181200057,1.1162369403164436,1.1187394316607977,1.1
500.0,500.0,0.5,1.0867982082188772,1.0645202751732534,1.0674488961218365,1.1
500.0,500.0,0.5,1.080695052151601,1.0744387887008957,1.077893924765683,1.1
500.0,500.0,0.5,1.1401780108937345,1.139877763921305,1.1394524443947411,1.1
500.0,500.0,0.5,1.0969390021364815,1.0912576799545106,1.093762180474842,1.1
500.0,500.0,0.5,1.1343669328531034,1.1343669328531034,1.134366932853103,1.1
500.0,500.0,0.5,1.1236703146986518,1.1226873625482343,1.1220575047184864,1.1
500.0,500.0,0.5,1.2444029770490728,1.2444029770490728,1.2436977270738372,1.1
500.0,500.0,0.5,1.1408678734039353,1.1371538971296515,1.138541341822943,1.1
500.0,500.0,0.5,1.1381451290728402,1.1357289274151694,1.1379663940425682,1.1
500.0,500.0,0.5,1.0389098800686225,1.0154670183709364,1.0186345755261002,1.0
500.0,500.0,0.5,1.0349394428731609,1.0098978421546565,1.011480659140776,1.1
500.0,500.0,0.5,1.1148280073447736,1.1137453273784643,1.1144567240681678,1.1
500.0,500.0,0.5,1.1378937374647813,1.136859969836096,1.1373129816381102,1.1
500.0,500.0,0.5,1.1053096310684976,1.1015627899575324,1.1044394579936685,1.1
500.0,500.0,0.5,1.1245544885358425,1.1154692603443854,1.1198204036652604,1.1
500.0,500.0,0.5,1.0271819208166495,1.018464988740281,1.0227345755967654,1.1
500.0,500.0,0.5,1.066948982396326,1.055500703830217,1.0582280443732632,1.1
500.0,500.0,0.5,1.1487104069357326,1.1471116408865163,1.1476506557344426,1.1
500.0,500.0,0.5,1.1120265354721104,1.1098854445566366,1.1102665247159187,1.1
500.0,500.0,0.5,1.1100643862579398,1.10781236754775,1.1092152577736307,1.1
500.0,500.0,0.5,1.1405958460096943,1.135440225218448,1.13613756583285,1.1
500.0,500.0,0.5,1.0419611409492522,1.016801877720429,1.0172597206201652,1.1
500.0,500.0,0.5,1.0941003202647797,1.0835419233985424,1.0884352150000305,1.1
500.0,500.0,0.5,1.1529613057157242,1.131039880556275,1.138900753220102,1.1
500.0,500.0,0.5,1.048763829631168,1.0262949943711737,1.0300643366396454,1.1
500.0,500.0,0.5,1.064596802677945,1.0523981746138316,1.0591406910969507,1.1
500.0,500.0,0.5,1.127102907064956,1.1248378322012105,1.125976199114762,1.1
500.0,500.0,0.5,1.1248347309210946,1.1248347309210946,1.1243984406115417,1.1
500.0,500.0,0.5,1.0875271291083777,1.0690129157946586,1.078380174141134,1.1
500.0,500.0,0.5,1.1310943179108628,1.129715147698311,1.1303976620631973,1.1
500.0,500.0,0.5,1.0671894643069035,1.0542493178966237,1.059728234729164,1.1
500.0,500.0,0.5,1.1407414424666076,1.1382623052136998,1.1403516522362518,1.1
500.0,500.0,0.5,1.1231689921328911,1.1208412896299291,1.121024332464904,1.1
500.0,500.0,0.5,1.064895063929128,1.0443505727216258,1.049735463076376,1.1
500.0,500.0,0.5,1.177198048095233,1.1696339586510476,1.1739506977206935,1.1
500.0,500.0,0.5,1.1186292598216756,1.1159425555008613,1.1181996742067812,1.1
500.0,500.0,0.5,1.039020389318497,1.016106142473014,1.0210175076481771,1.1
500.0,500.0,0.5,1.0852904127495058,1.0725487485888512,1.0783634971787284,1.1
500.0,500.0,0.5,1.0401643206621125,1.016956714126782,1.0227644963171825,1.1
500.0,500.0,0.5,1.0899671149363437,1.0827708112800287,1.0859381111408144,1.1
500.0,500.0,0.5,1.1137254271997894,1.0837947237791945,1.08122093549651,1.0
500.0,500.0,0.5,1.0680902007020454,1.0577461884300974,1.0605748377247897,1.1
500.0,500.0,1.0,1.116013446527648,1.095734370834193,1.108170166207067,1.1
500.0,500.0,1.0,1.079441556122574,1.046999342277783,1.0586431336643942,1.1
500.0,500.0,1.0,1.088894542993897,1.0686080672315563,1.0780397680986145,1.1
500.0,500.0,1.0,1.1017230278145127,1.098441307310527,1.1008166896083942,1.1
500.0,500.0,1.0,1.182097869198556,1.1594589982713297,1.1689292503666242,1.1
500.0,500.0,1.0,1.1710753370674143,1.1191817957502526,1.1251202709771262,1.1
500.0,500.0,1.0,1.0876511423672734,1.042231332105177,1.0648521874838206,1.1
500.0,500.0,1.0,1.1472236240011402,1.1093245548046349,1.1165311516628036,1.1
500.0,500.0,1.0,1.1397330383903332,1.0976592515294297,1.1077362368377095,1.0
500.0,500.0,1.0,1.0613901043032024,1.0239589452243858,1.043425374110845,1.1
500.0,500.0,1.0,1.180356021787469,1.166061385524259,1.175256692155435,1.1
500.0,500.0,1.0,1.093878004272963,1.058827933434739,1.077166622457717,1.1
500.0,500.0,1.0,1.168733865706207,1.1657493127319771,1.1661880320472189,1.1
500.0,500.0,1.0,1.1473406293973034,1.1310943172382184,1.1384649473225108,1.1
500.0,500.0,1.0,1.3888059540981454,1.3818022658069389,1.385627272328254,1.1
500.0,500.0,1.0,1.1817357468078704,1.1516229313049229,1.1610130233592917,1.1
500.0,500.0,1.0,1.1762902581456802,1.159885744200306,1.1687914818124856,1.1
500.0,500.0,1.0,1.0778197601372446,1.0495284507345393,1.060589972691267,1.0
500.0,500.0,1.0,1.0236252755030653,0.9735996240858122,0.9953170702464488,1.0
500.0,500.0,1.0,1.129656014689547,1.116917502722368,1.1251377316429796,1.1
500.0,500.0,1.0,1.175787474929562,1.166417829296619,1.170055713118566,1.1
500.0,500.0,1.0,1.110619262136995,1.0840272735032817,1.1008393040279654,1.1
500.0,500.0,1.0,1.1491089770716842,1.1077073849056145,1.120853764797952,1.1
500.0,500.0,1.0,0.9543638416332992,0.9141285812670146,0.9317677141385464,1.1
500.0,500.0,1.0,1.033897964792652,0.9888541521996188,0.9838208063856728,1.1
500.0,500.0,1.0,1.1974208138714648,1.1840106031205466,1.1909887530214422,1.1
500.0,500.0,1.0,1.1240530709442211,1.105611035013406,1.114621847102888,1.1
500.0,500.0,1.0,1.1201287725158793,1.1022818035719857,1.1088319583199702,1.1
500.0,500.0,1.0,1.1811916920193892,1.1494602775954863,1.1562509045392504,1.1
500.0,500.0,1.0,1.081326426591719,1.0434802276113977,1.0579999599224257,1.0
500.0,500.0,1.0,1.0882006405295588,1.0466715325275284,1.054032475445823,1.1
500.0,500.0,1.0,1.2392062236407986,1.190394295501112,1.2007244220383857,1.0
500.0,500.0,1.0,1.0693358053897275,1.029525306393975,1.043840776233484,1.0
500.0,500.0,1.0,1.02919360535589,0.9836657634425864,1.0016472558275855,1.1
500.0,500.0,1.0,1.1542058141299116,1.1358255908863095,1.143564360890483,1.1
500.0,500.0,1.0,1.1496694618421894,1.1443540877822846,1.1461350594538708,1.1
500.0,500.0,1.0,1.0951461344943578,1.0476302306110503,1.0361111173509283,1.0
500.0,500.0,1.0,1.1621886358217255,1.1487524653517265,1.155652708504531,1.1
500.0,500.0,1.0,1.034378928613807,0.9870581857092182,0.9959631605859682,1.1
500.0,500.0,1.0,1.1814828849332155,1.1636286548035,1.1739640666465898,1.1
500.0,500.0,1.0,1.1463379842657826,1.125433239841851,1.1285787557453797,1.1
500.0,500.0,1.0,1.0321321211510583,0.9775750946888344,0.9764635878950432,1.0
500.0,500.0,1.0,1.254396096190466,1.2185505752902914,1.2304755967400025,1.1
500.0,500.0,1.0,1.137258519643351,1.116437299491566,1.1288103862302148,1.1
500.0,500.0,1.0,1.022064167075031,0.975225976636716,0.9869972816972974,1.0
500.0,500.0,1.0,1.0705808254990117,1.0238832840790288,1.0384014691914274,1.1
500.0,500.0,1.0,0.980328641324224,0.922718029115827,0.9109007899520172,1.1
500.0,500.0,1.0,1.0799342298726873,1.0397759520601189,1.053348255244665,1.1
500.0,500.0,1.0,1.2274508543995786,1.1788279397011776,1.1881588306110191,1.0
500.0,500.0,1.0,1.0361804014040903,0.9928244292350028,1.0037087272361165,1.1
500.0,500.0,1.5,1.124020169791472,1.0815794334319673,1.1048607190616162,1.1
500.0,500.0,1.5,1.0691623341838608,1.0083615171127496,1.02594799056063,1.1
500.0,500.0,1.5,1.0833418144908455,1.041062068768273,1.0553350060393174,1.1
500.0,500.0,1.5,1.1025845417217688,1.0933317731300902,1.0971848463555367,1.1
500.0,500.0,1.5,1.2231468037978337,1.1807996917398356,1.1942802924299376,1.1
500.0,500.0,1.5,1.2305815965211655,1.153943170666219,1.1600707748008954,1.0
500.0,500.0,1.5,1.0814767135509102,1.0091265911465388,1.035138180590045,1.1
500.0,500.0,1.5,1.1708354360017104,1.104514155935758,1.1089486433299538,1.1
500.0,500.0,1.5,1.2095995575855,1.1584856023555965,1.1738059507319991,1.0
500.0,500.0,1.5,1.0420851564548037,0.9744372636834748,1.0028244482815627,1.1
500.0,500.0,1.5,1.2205340326812029,1.1877061617840532,1.2091987654294551,1.1
500.0,500.0,1.5,1.0908170064094442,1.0286958464080602,1.0567424773250869,1.1
500.0,500.0,1.5,1.2031007985593107,1.194181259666826,1.1977793516723436,1.1
500.0,500.0,1.5,1.171010944095955,1.1366023589268452,1.1521503088562934,1.1
500.0,500.0,1.5,1.533208931147218,1.519604736249618,1.5264035657428303,1.1
500.0,500.0,1.5,1.2226036202118054,1.1649887765504694,1.1870942335090306,1.1
500.0,500.0,1.5,1.2144353872185203,1.176590081005369,1.1987278349056545,1.1
500.0,500.0,1.5,1.116729640205867,1.0856302653260328,1.098317726848213,1.0
500.0,500.0,1.5,1.035437913254598,0.96995617293917,1.0045343974556968,1.0
500.0,500.0,1.5,1.1444840220343204,1.1197996877801493,1.1300332553461996,1.1
500.0,500.0,1.5,1.213681212394343,1.1923064660992966,1.198827554989958,1.1
500.0,500.0,1.5,1.1159288932054927,1.0664785582593692,1.090106437894168,1.1
500.0,500.0,1.5,1.1736634656075262,1.101765448932396,1.1153351514302676,1.1
500.0,500.0,1.5,0.8815457624499488,0.8098318443942486,0.834522877610349,1.1
500.0,500.0,1.5,1.000846947188978,0.9300373053243284,0.907996111744984,1.1
500.0,500.0,1.5,1.2461312208071975,1.2162033490896735,1.231697288920406,1.1
500.0,500.0,1.5,1.1360796064163314,1.097214397044365,1.118533718716925,1.1
500.0,500.0,1.5,1.1301931587738192,1.095991516687248,1.1057477941075926,1.1
500.0,500.0,1.5,1.2217875380290837,1.1647588035381773,1.1714307121378742,1.1
500.0,500.0,1.5,1.1219896398875784,1.0760979340836454,1.0988178960424575,1.0
500.0,500.0,1.5,1.0823009607943384,1.0136307526016848,1.01754927142184,1.1
500.0,500.0,1.5,1.358809335461198,1.293095790024381,1.3148676929398622,1.0
500.0,500.0,1.5,1.1040037080845917,1.0575661427358911,1.071911217206809,1.0
500.0,500.0,1.5,0.9937904080338352,0.9227412032192688,0.9407699963411148,1.1
500.0,500.0,1.5,1.181308721194868,1.1411429557563428,1.1564611869303367,1.1
500.0,500.0,1.5,1.174504192763284,1.158430006178602,1.1655499321359186,1.1
500.0,500.0,1.5,1.1427192017415366,1.0773020790032952,1.0748284205845886,1.0
500.0,500.0,1.5,1.193282953732588,1.1573321058801138,1.1725624036971074,1.1
500.0,500.0,1.5,1.0015683929207104,0.9276524467716591,0.9240186526177736,1.1
500.0,500.0,1.5,1.2222243273998237,1.181126419696915,1.2040609092965804,1.1
500.0,500.0,1.5,1.1695069763986738,1.1240747229115045,1.1296953512640049,1.1
500.0,500.0,1.5,1.0481981817265873,0.9680125727024684,0.9820019103782692,1.0
500.0,500.0,1.5,1.3315941442856984,1.2670179189850792,1.2829718145982982,1.1
500.0,500.0,1.5,1.1558877794650266,1.111307227724921,1.137047245604116,1.1
500.0,500.0,1.5,1.0330962506125467,0.9727771257643936,0.9935373377713036,1.0
500.0,500.0,1.5,1.055871238248517,0.9780084718781028,0.995181384898734,1.1
500.0,500.0,1.5,0.9654833406782662,0.881939621512589,0.9095675976361498,1.0
500.0,500.0,1.5,1.0699013448090309,0.999378661871229,1.0186711935058166,1.1
500.0,500.0,1.5,1.341176281599368,1.2825137930142605,1.294693424274182,1.0
500.0,500.0,1.5,1.0042706021061356,0.9319707579594848,0.942355900965862,1.1
500.0,500.0,2.0,1.1320268930552957,1.0655779188053995,1.099772363737997,1.1
500.0,500.0,2.0,1.0588831122451476,0.9691677546911992,0.9925697045815411,1.1
500.0,500.0,2.0,1.0777890859877937,1.013306290296996,1.036132348336061,1.1
500.0,500.0,2.0,1.103446055629025,1.0848031025994314,1.0919051699092746,1.1
500.0,500.0,2.0,1.2641957383971114,1.1974493043243646,1.221001677937766,1.1
500.0,500.0,2.0,1.3074421286948874,1.2085976336790634,1.2231234627454737,1.0
500.0,500.0,2.0,1.077908923708708,0.9809441285655834,0.9553346783874777,1.0
500.0,500.0,2.0,1.1944472480022807,1.1035920763330107,1.1033933935311155,1.1
500.0,500.0,2.0,1.279466076780667,1.219404685848822,1.2355446502655865,1.0
500.0,500.0,2.0,1.022780208606405,0.9287433729819342,0.9636967462308876,1.1
500.0,500.0,2.0,1.2607120435749373,1.2085439812549696,1.240562518042038,1.1
500.0,500.0,2.0,1.0877560085459257,0.996272074355532,1.0377123977118052,1.1
500.0,500.0,2.0,1.2374677314124145,1.219569094829775,1.2284131582670834,1.1
500.0,500.0,2.0,1.1946812587946063,1.1412266628495389,1.1647921876347471,1.1
500.0,500.0,2.0,1.6776119081962906,1.6519522387209995,1.665608926806886,1.1
500.0,500.0,2.0,1.2634714936157407,1.180487507169255,1.2062383472111495,1.1
500.0,500.0,2.0,1.2525805162913608,1.1942468569354063,1.2291183006040003,1.1
500.0,500.0,2.0,1.1556395202744891,1.1205864722566816,1.1346204227866807,1.0
500.0,500.0,2.0,1.0472505510061303,0.9665869452339249,1.0127498781675612,1.0
500.0,500.0,2.0,1.1593120293790935,1.1219390131963438,1.1381583641641813,1.1
500.0,500.0,2.0,1.251574949859124,1.2167683353534984,1.2296641393980128,1.1
500.0,500.0,2.0,1.1212385242739904,1.0469981790010563,1.0786958172006855,1.1
500.0,500.0,2.0,1.1982179541433682,1.0991823958506866,1.113865531324224,1.1
500.0,500.0,2.0,0.8087276832665983,0.708661373093199,0.7369047300080956,1.1
500.0,500.0,2.0,0.97789876818816,0.8838741608843487,0.907055697905224,1.0
500.0,500.0,2.0,1.2948416277429295,1.2459019339017985,1.2688694509617626,1.1
500.0,500.0,2.0,1.1481061418884422,1.0895173048765143,1.1155177052961642,1.1
500.0,500.0,2.0,1.140257545031759,1.088517527861257,1.1005641240957145,1.1
500.0,500.0,2.0,1.2623833840387784,1.1798286338673354,1.184032519685824,1.1
500.0,500.0,2.0,1.1626528531834377,1.1080381969872894,1.13602712323367,1.0
500.0,500.0,2.0,1.0764012810591177,0.982990590289158,0.9746959714900244,1.1
500.0,500.0,2.0,1.4784124472815972,1.3983653716865976,1.427860392227784,1.0
500.0,500.0,2.0,1.1386716107794554,1.082849213072129,1.103429204163222,1.0
500.0,500.0,2.0,0.9754499201930044,0.8809021335153405,0.8768028859459018,1.0
500.0,500.0,2.0,1.2084116282598236,1.146607123860506,1.168317443515147,1.1
500.0,500.0,2.0,1.1993389236843788,1.17090149410077,1.1861081441211885,1.1
500.0,500.0,2.0,1.1902922689887154,1.1080989523690274,1.109929814289709,1.0
500.0,500.0,2.0,1.224377271643451,1.1646763791229018,1.1936050648560592,1.1
500.0,500.0,2.0,0.9848830246638864,0.8859873824647341,0.9067652073324828,1.0
500.0,500.0,2.0,1.2629657698664312,1.202435354608536,1.2350690295886677,1.1
500.0,500.0,2.0,1.192675968531565,1.119998129069345,1.1336404764433536,1.1
500.0,500.0,2.0,1.0642642423021165,0.9624677675891132,0.980988170169985,1.0
500.0,500.0,2.0,1.4087921923809312,1.3176912578231104,1.3382913519367752,1.1
500.0,500.0,2.0,1.174517039286702,1.1049367134201185,1.1446374410189526,1.1
500.0,500.0,2.0,1.0441283341500625,0.9697007618617264,0.9966214198421252,1.0
500.0,500.0,2.0,1.0411616509980226,0.9344912198603392,0.9517891179042668,1.1
500.0,500.0,2.0,0.9539777875710218,0.8450187045032984,0.8849057482646331,1.0
500.0,500.0,2.0,1.0598684597453745,0.9603572742985986,0.9834644365811016,1.1
500.0,500.0,2.0,1.454901708799157,1.3849007735521612,1.4011933842654094,1.0
500.0,500.0,2.0,0.9723608028081808,0.8742250231745758,0.8781775720233342,1.1
500.0,500.0,2.5,1.1400336163191196,1.048917752358045,1.0977781213178608,1.1
500.0,500.0,2.5,1.0486038903064343,0.933268323956149,0.9624172941577096,1.1
500.0,500.0,2.5,1.072236357484742,0.9843731525727896,1.0097188095254443,1.1
500.0,500.0,2.5,1.1043075695362812,1.0767734311589157,1.0888167071118502,1.1
500.0,500.0,2.5,1.3052446729963891,1.2154339695530696,1.2470095763091165,1.1
500.0,500.0,2.5,1.384302660868609,1.262669949670382,1.283911104844372,1.0
500.0,500.0,2.5,1.0973861546358847,0.9769936839145592,0.9567538056297192,1.0
500.0,500.0,2.5,1.2180590600028507,1.10330595996498,1.094874327182427,1.1
500.0,500.0,2.5,1.3493325959758335,1.2794883280731462,1.2981197930264483,1.0
500.0,500.0,2.5,1.0034752607580062,0.8808363695182684,0.92318962202862,1.1
500.0,500.0,2.5,1.3008900544686717,1.229878773853485,1.2731590356336209,1.1
500.0,500.0,2.5,1.084695010682407,0.9672682534778364,1.0142876524670954,1.1
500.0,500.0,2.5,1.2718346642655178,1.242396130431704,1.2591873237616635,1.1
500.0,500.0,2.5,1.218351573493258,1.1441744028182512,1.1788622590143654,1.1
500.0,500.0,2.5,1.822014885245363,1.7854582817235003,1.8041009228796647,1.1
500.0,500.0,2.5,1.3043393670196757,1.1943300403194197,1.2245388667473238,1.1
500.0,500.0,2.5,1.290725645364201,1.2136330716952972,1.2576421762516026,1.1
500.0,500.0,2.5,1.1945494003431116,1.152467575179438,1.1704687057907,1.0
500.0,500.0,2.5,1.059063188757663,0.9636241695593876,1.018248552673086,1.0
500.0,500.0,2.5,1.174140036723867,1.1222945653173664,1.1397589456735042,1.1
500.0,500.0,2.5,1.289468687323905,1.2426928740694043,1.258126585863658,1.1
500.0,500.0,2.5,1.126548155342488,1.0277097360809655,1.0685013486192367,1.1
500.0,500.0,2.5,1.22277244267921,1.0958081036501657,1.101760740755921,1.1
500.0,500.0,2.5,0.7359096040832478,0.6083575326695106,0.6377250827633638,1.1
500.0,500.0,2.5,0.9723734602352004,0.8565871827497822,0.8889609113533841,1.0
500.0,500.0,2.5,1.343552034678662,1.278333609977776,1.3098083762059958,1.1
500.0,500.0,2.5,1.1601326773605527,1.0813123450902655,1.1182818849324287,1.1
500.0,500.0,2.5,1.1503219312896986,1.0818607393759538,1.0959344179086183,1.1
500.0,500.0,2.5,1.3029792300484728,1.1965936696529176,1.1951043871212417,1.1
500.0,500.0,2.5,1.2033160664792972,1.1380511951064718,1.174627322449361,1.0
500.0,500.0,2.5,1.0942579343314702,0.9766488415766914,0.9935356148357588,1.0
500.0,500.0,2.5,1.5980155591019962,1.5019100018368146,1.5409941564896674,1.0
500.0,500.0,2.5,1.173339513474319,1.108528153308418,1.137313261765714,1.0
500.0,500.0,2.5,0.9693124002412554,0.852529520398549,0.8550237107026292,1.0
500.0,500.0,2.5,1.2355145353247796,1.1525236655551805,1.1799215539290355,1.1
500.0,500.0,2.5,1.2241736546054731,1.1874617488400177,1.2067505113225891,1.1
500.0,500.0,2.5,1.2378653362358942,1.1399744150372153,1.1436323377517443,1.0
500.0,500.0,2.5,1.2554715895543131,1.1756878746101846,1.209944328480977,1.1
500.0,500.0,2.5,0.981103780829858,0.8589492752208482,0.8874174956208932,1.0
500.0,500.0,2.5,1.3037072123330389,1.2204406200311784,1.263235547683925,1.1
500.0,500.0,2.5,1.2158449606644564,1.1194612299967304,1.1352743365264029,1.1
500.0,500.0,2.5,1.0803303028776454,0.9557293296851828,0.9908590404638276,1.0
500.0,500.0,2.5,1.485990240476164,1.3688565459820117,1.3896874636106236,1.1
500.0,500.0,2.5,1.1931462991083772,1.0986991619948403,1.1493388610682869,1.1
500.0,500.0,2.5,1.0551604176875775,0.9697271320887898,1.0012984747352125,1.0
500.0,500.0,2.5,1.0264520637475285,0.8922845861137756,0.907758688284054,1.1
500.0,500.0,2.5,0.9424722344637774,0.8109757472436077,0.8666555407156846,1.0
500.0,500.0,2.5,1.0498355746817178,0.9220177243055484,0.949897151941983,1.1
500.0,500.0,2.5,1.568627135998946,1.4885925640179185,1.5088904845386872,1.0
500.0,500.0,2.5,0.940451003510226,0.817428082258072,0.8156662274838482,1.1
500.0,500.0,3.0,1.1480403395829435,1.0341874848549224,1.0940489809583185,1.1
500.0,500.0,3.0,1.0383246683677212,0.8959609774178987,0.9345873329641988,1.1
500.0,500.0,3.0,1.0666836289816903,0.956463362375934,0.9875462388159094,1.1
500.0,500.0,3.0,1.1051690834435377,1.06608928861296,1.0846171695094593,1.1
500.0,500.0,3.0,1.3462936075956669,1.2346836130421166,1.271751451823436,1.1
500.0,500.0,3.0,1.461163193042331,1.3158574356116173,1.3468339608468725,1.0
500.0,500.0,3.0,1.1168633855630616,0.9734876305926864,0.9567020569685398,1.0
500.0,500.0,3.0,1.241670872003421,1.1034539851865115,1.087088145080373,1.1
500.0,500.0,3.0,1.4191991151710002,1.3412496067856805,1.3633652282114903,1.0
500.0,500.0,3.0,0.9841703129096075,0.8362641531134793,0.8770610363432966,1.1
500.0,500.0,3.0,1.3410680653624056,1.2525759544866262,1.3059325721720283,1.1
500.0,500.0,3.0,1.0816340128188884,0.9381340407634304,0.9904550657951467,1.1
500.0,500.0,3.0,1.3062015971186214,1.266173027679186,1.2871094289853169,1.1
500.0,500.0,3.0,1.2420218881919096,1.1427604833830145,1.1920657078468573,1.1
500.0,500.0,3.0,1.966417862294436,1.9199511492310288,1.9404440261189173,1.1
500.0,500.0,3.0,1.3452072404236108,1.208128639603265,1.2422729619024544,1.1
500.0,500.0,3.0,1.3288707744370414,1.2331861974818348,1.2866204973921525,1.1
500.0,500.0,3.0,1.2334592804117337,1.1873819326123238,1.2091718074201192,1.0
500.0,500.0,3.0,1.0708758265091955,0.961254697727104,1.0242723166509375,1.0
500.0,500.0,3.0,1.18896804406864,1.120909890828801,1.1445593999659391,1.1
500.0,500.0,3.0,1.327362424788686,1.2674839923044907,1.28571303293866,1.1
500.0,500.0,3.0,1.1318577864109858,1.008699497249513,1.059333519165746,1.1
500.0,500.0,3.0,1.247326931215052,1.0939021434823044,1.0932595448826086,1.1
500.0,500.0,3.0,0.6630915248998972,0.5081815227108604,0.5358792048717111,1.1
500.0,500.0,3.0,0.9668481522822404,0.8296511821215274,0.8681323295741774,1.0
500.0,500.0,3.0,1.3922624416143945,1.3101865954727725,1.3505846379672457,1.1
500.0,500.0,3.0,1.1721592128326632,1.073689368255749,1.1204571099503895,1.1
500.0,500.0,3.0,1.1603863175476383,1.0775385535359627,1.0894283681304913,1.1
500.0,500.0,3.0,1.3435750760581673,1.213602446672149,1.2106131243522498,1.1
500.0,500.0,3.0,1.2439792797751568,1.1703588236431577,1.2132647349697785,1.0
500.0,500.0,3.0,1.1131095211977642,0.9721005781750536,0.9963599645755388,1.0
500.0,500.0,3.0,1.7176186709223955,1.6069403113829854,1.6537006233596905,1.0
500.0,500.0,3.0,1.208007416169183,1.136560458108567,1.1700961423367764,1.0
500.0,500.0,3.0,0.9631748802895064,0.8242428195119491,0.8281196874943463,1.0
500.0,500.0,3.0,1.2626174423897356,1.1571572721086318,1.1938694697491767,1.1
500.0,500.0,3.0,1.249008385526568,1.2049540986080212,1.2265334852668208,1.1
500.0,500.0,3.0,1.285438403483073,1.174029646742342,1.1807650912121586,1.0
500.0,500.0,3.0,1.2865659074651756,1.1852092970967112,1.2287923743384666,1.1
500.0,500.0,3.0,0.9773245369958294,0.8318245287818284,0.8727427141632937,1.0
500.0,500.0,3.0,1.3444486547996466,1.2425876079777478,1.2910605193021425,1.1
500.0,500.0,3.0,1.2390139527973476,1.1192588331067117,1.139256124703096,1.1
500.0,500.0,3.0,1.0963963634531746,0.9520021681090708,0.9910146644759944,1.0
500.0,500.0,3.0,1.5631882885713968,1.420908480332412,1.4430404052523662,1.1
500.0,500.0,3.0,1.2117755589300527,1.09304267842411,1.1555709881921523,1.1
500.0,500.0,3.0,1.0661925012250937,0.967623998514212,1.0032165014353946,1.0
500.0,500.0,3.0,1.0117424764970342,0.8503814054927286,0.8604583196564135,1.1
500.0,500.0,3.0,0.9309666813565328,0.7759925816896965,0.847043703457957,1.0
500.0,500.0,3.0,1.0398026896180614,0.8846388507538874,0.9151499681855654,1.1
500.0,500.0,3.0,1.682352563198735,1.594808341873793,1.6143362933310157,1.0
500.0,500.0,3.0,0.9260457314425036,0.7787178236019051,0.7550409174658717,1.0
500.0,500.0,4.0,1.1640537861105913,1.0058486901037629,1.081321971810184,1.1
500.0,500.0,4.0,1.017766224490295,0.82491523018177,0.8774690101956877,1.1
500.0,500.0,4.0,1.055578171975587,0.9018819985704876,0.9423840638236104,1.1
500.0,500.0,4.0,1.10689211125805,1.0485132434792468,1.0723417520819187,1.1
500.0,500.0,4.0,1.4283914767942223,1.2731766502722897,1.324692511797299,1.1
500.0,500.0,4.0,1.6148842573897746,1.4251440619063462,1.4729692020254266,1.0
500.0,500.0,4.0,1.1558178474174157,0.9663131822363534,0.962784547163583,1.0
500.0,500.0,4.0,1.3037926550120118,1.1195785191644825,1.1417460916298374,1.0
500.0,500.0,4.0,1.558932153561334,1.4664013767768695,1.4894414914064418,1.0
500.0,500.0,4.0,0.9455604172128104,0.745126758398457,0.7942435567466768,1.1
500.0,500.0,4.0,1.4214240871498744,1.2920753285479616,1.3704964478398896,1.1
500.0,500.0,4.0,1.0755120170918513,0.8808823989138713,0.9467824935561584,1.1
500.0,500.0,4.0,1.3749354628248285,1.3185772419489907,1.342860417449152,1.1
500.0,500.0,4.0,1.2893625175892125,1.1434827651142312,1.2171138347801225,1.1
500.0,500.0,4.0,2.255223816392581,2.1932681989747054,2.217937570877299,1.1
500.0,500.0,4.0,1.4269429872314812,1.2364803621428997,1.2894746709169536,1.1
500.0,500.0,4.0,1.405161032582722,1.263768890579438,1.3479333757696998,1.1
500.0,500.0,4.0,1.3112790405489787,1.2513539777913547,1.2813035521351483,1.0
500.0,500.0,4.0,1.0945011020122606,0.9593251939586812,1.0384272173538684,1.0
500.0,500.0,4.0,1.218624058758187,1.119222896418841,1.1553202782353107,1.1
500.0,500.0,4.0,1.403149899718248,1.3161793562678437,1.3421720891222355,1.1
500.0,500.0,4.0,1.1424770485479807,0.9745123778014928,1.042185836629498,1.1
500.0,500.0,4.0,1.296435908286736,1.0902648671590818,1.084288822673662,1.1
500.0,500.0,4.0,0.5174553665331961,0.3090867038775078,0.336681029880472,1.1
500.0,500.0,4.0,0.9557975363763206,0.7759597873039749,0.8285199739521243,1.0
500.0,500.0,4.0,1.4896832554858594,1.3736851071876437,1.4239221308184744,1.1
500.0,500.0,4.0,1.1962122837768845,1.0590829022749255,1.1210238806437989,1.1
500.0,500.0,4.0,1.1805150900635175,1.0595400813902758,1.0829517939336353,1.1
500.0,500.0,4.0,1.4247667680775566,1.248584931287588,1.230457444328169,1.1
500.0,500.0,4.0,1.3253057063668754,1.2363935010783085,1.2859481268898063,1.0
500.0,500.0,4.0,1.1508126949303523,0.9640080846460894,1.0047139128138511,1.0
500.0,500.0,4.0,1.9568248945631936,1.8134351103996984,1.8795849352131295,1.0
500.0,500.0,4.0,1.2773432215589104,1.1864979502458,1.2311031069318843,1.0
500.0,500.0,4.0,0.9508998403860084,0.7698712736604486,0.7814180988838269,1.0
500.0,500.0,4.0,1.3168232565196474,1.1665697334033338,1.219028641401788,1.1
500.0,500.0,4.0,1.298677847368757,1.2346716677504914,1.264727834321994,1.1
500.0,500.0,4.0,1.3805845379774306,1.2395537914936967,1.2447564764232708,1.0
500.0,500.0,4.0,1.348754543286901,1.2089151272721348,1.2660631320461653,1.1
500.0,500.0,4.0,0.9697660493277724,0.7779867427480779,0.835216248591003,1.0
500.0,500.0,4.0,1.4259315397328622,1.277299691168067,1.342634647531893,1.1
500.0,500.0,4.0,1.28535193706313,1.1195835853280736,1.1446283463888711,1.1
500.0,500.0,4.0,1.1285284846042327,0.940845302902423,0.9942286992860256,1.0
500.0,500.0,4.0,1.717584384761862,1.524798867474138,1.5480142580189775,1.1
500.0,500.0,4.0,1.2490340785734038,1.087141769482966,1.1701739509686506,1.1
500.0,500.0,4.0,1.088256668300125,0.9682219557014484,1.0104764112552969,1.0
500.0,500.0,4.0,0.9823233019960456,0.7668376587871003,0.7643593633231842,1.1
500.0,500.0,4.0,0.9079555751420438,0.7074222514647128,0.8027476329268769,1.0
500.0,500.0,4.0,1.0197369194907484,0.810276410491715,0.8485617982319187,1.1
500.0,500.0,4.0,1.9098034175983132,1.803733443468906,1.8336607071975783,1.0
500.0,500.0,4.0,0.9013943085900048,0.7059757779252747,0.6778763000191799,1.0
500.0,500.0,5.0,1.180067232638239,0.9748767068725096,1.0733133131428432,1.1
500.0,500.0,5.0,0.9972077806128684,0.7529293205759662,0.8180964143001217,1.1
500.0,500.0,5.0,1.044472714969484,0.8483613309521518,0.8988110460917427,1.1
500.0,500.0,5.0,1.1086151390725627,1.0281242332781302,1.0641951587647696,1.1
500.0,500.0,5.0,1.510489345992778,1.309958350958737,1.3790637464726287,1.1
500.0,500.0,5.0,1.7686053217372182,1.534931676212665,1.6015672763205262,1.0
500.0,500.0,5.0,1.1947723092717697,0.9594738493791968,0.964660603312691,1.0
500.0,500.0,5.0,1.3797408187650149,1.1499400526131944,1.186971398661152,1.0
500.0,500.0,5.0,1.6986651919516675,1.5870959703136365,1.6190511740741544,1.0
500.0,500.0,5.0,0.9069505215160129,0.6555909286111218,0.7153521404136083,1.1
500.0,500.0,5.0,1.5017801089373428,1.3351768180649202,1.440456574806201,1.1
500.0,500.0,5.0,1.0693900213648138,0.8234036755422065,0.9032858078984078,1.1
500.0,500.0,5.0,1.4436693285310356,1.3696208503088405,1.400803384367668,1.1
500.0,500.0,5.0,1.3367031469865158,1.1444330487741157,1.2436732920595048,1.1
500.0,500.0,5.0,2.5440297704907264,2.464556881593269,2.4949817356727344,1.1
500.0,500.0,5.0,1.5086787340393513,1.2657078622199118,1.3309570644690694,1.1
500.0,500.0,5.0,1.481451290728402,1.3000390598125988,1.4040939509364647,1.1
500.0,500.0,5.0,1.389098800686223,1.3181308910396534,1.3550636732987051,1.0
500.0,500.0,5.0,1.1181263775153258,0.9582387240170068,1.0520801470894718,1.0
500.0,500.0,5.0,1.2482800734477335,1.1151015729067435,1.165144074018435,1.1
500.0,500.0,5.0,1.4789373746478098,1.3702241953348049,1.4006148045447429,1.1
500.0,500.0,5.0,1.153096310684976,0.9395032969950728,1.023845722406402,1.1
500.0,500.0,5.0,1.34554488535842,1.0870276297602373,1.080427139171012,1.1
500.0,500.0,5.0,0.3718192081664952,0.1107058493014725,0.139786929230033,1.1
500.0,500.0,5.0,0.9447469204704004,0.7219252101038369,0.787489197062596,1.0
500.0,500.0,5.0,1.5871040693573244,1.4365125684257103,1.5038705176664693,1.1
500.0,500.0,5.0,1.2202653547211055,1.0431043599836216,1.1250258504102315,1.1
500.0,500.0,5.0,1.2006438625793971,1.0390384128107066,1.0731972182629033,1.1
500.0,500.0,5.0,1.5059584600969456,1.2850203331613583,1.2506779118727398,1.1
500.0,500.0,5.0,1.4066321329585942,1.3040201675522718,1.3578327695491803,1.0
500.0,500.0,5.0,1.1885158686629405,0.9567113251648436,1.0079464985642446,1.0
500.0,500.0,5.0,2.196031118203993,2.0212533123667376,2.1045148572172843,1.0
500.0,500.0,5.0,1.3466790269486384,1.240446332295652,1.295647361863087,1.0
500.0,500.0,5.0,0.9386248004825108,0.714212178677169,0.7373376155452761,1.0
500.0,500.0,5.0,1.3710290706495591,1.1813586628458572,1.2387686261119688,1.1
500.0,500.0,5.0,1.3483473092109466,1.2661968098851224,1.303114256222191,1.1
500.0,500.0,5.0,1.4757306724717882,1.3077495153776633,1.3139229947821451,1.0
500.0,500.0,5.0,1.4109431791086262,1.229714068627895,1.3030434866267164,1.1
500.0,500.0,5.0,0.9622075616597155,0.7238663576366468,0.7994150025086926,1.0
500.0,500.0,5.0,1.5074144246660774,1.3178227669319815,1.3986503719886811,1.1
500.0,500.0,5.0,1.3316899213289124,1.118218851736739,1.1506706037073675,1.1
500.0,500.0,5.0,1.1606606057552908,0.934249028123155,0.9932979675747364,1.0
500.0,500.0,5.0,1.8719804809523275,1.6284078656687608,1.6496021176019808,1.1
500.0,500.0,5.0,1.2862925982167546,1.0813613740777972,1.184689020695243,1.1
500.0,500.0,5.0,1.110320835375156,0.9677677644581804,1.0137222931621876,1.0
500.0,500.0,5.0,0.975173673557756,0.7061257109156153,0.701193435948917,1.0
500.0,500.0,5.0,0.8849444689275549,0.6383242768581556,0.7570168792355814,1.0
500.0,500.0,5.0,0.9996711493634356,0.735872109723767,0.7773080733302795,1.1
500.0,500.0,5.0,2.137254271997892,2.0063980886467387,2.046470890794947,1.0
500.0,500.0,5.0,0.876742885737506,0.6339275662632573,0.610161610831913,1.0
500.0,500.0,6.0,1.196080679165887,0.9476967769475207,1.068961071884786,1.1
500.0,500.0,6.0,0.976649336735442,0.6812860981583897,0.7512055779948922,1.1
500.0,500.0,6.0,1.0333672579633806,0.7922798982939618,0.8585732553100911,1.1
500.0,500.0,6.0,1.110338166887075,1.0115233086886743,1.055796810187197,1.1
500.0,500.0,6.0,1.5925872151913338,1.348761049576478,1.433111284921508,1.1
500.0,500.0,6.0,1.9223263860846616,1.6508047232999437,1.7269522335135188,1.0
500.0,500.0,6.0,1.2337267711261233,0.9540278894334012,0.9585534347103272,1.0
500.0,500.0,6.0,1.4556889825180177,1.1806836655460933,1.231101119866353,1.0
500.0,500.0,6.0,1.8383982303420008,1.7095772933213058,1.7468835892613863,1.0
500.0,500.0,6.0,0.8683406258192152,0.5651251224819742,0.6338638611234861,1.1
500.0,500.0,6.0,1.5821361307248112,1.3779402641404093,1.5097725157224264,1.1
500.0,500.0,6.0,1.063268025637777,0.7655903369676046,0.8622363150501544,1.1
500.0,500.0,6.0,1.5124031942372425,1.423545020370608,1.452486551304376,1.1
500.0,500.0,6.0,1.384043776383819,1.1487471336746693,1.2694346536437873,1.1
500.0,500.0,6.0,2.832835724588872,2.735068215099049,2.772722379842229,1.1
500.0,500.0,6.0,1.5904144808472218,1.293990289707994,1.368157126194142,1.1
500.0,500.0,6.0,1.557741548874083,1.3373325544963872,1.4615629515281727,1.1
500.0,500.0,6.0,1.4669185608234678,1.386559794309566,1.43145575477743,1.0
500.0,500.0,6.0,1.1417516530183909,0.95955935581286,1.0690301390197094,1.0
500.0,500.0,6.0,1.27793608813728,1.114650348774305,1.177231754292026,1.1
500.0,500.0,6.0,1.5547248495773716,1.420947546304281,1.4583208591890693,1.1
500.0,500.0,6.0,1.1637155728219712,0.9056451442036332,1.004572954621218,1.1
500.0,500.0,6.0,1.3946538624301037,1.0842813022912994,1.072458748031103,1.1
500.0,500.0,6.0,0.2261830497997943,-0.088077184665618,-0.0565579190034064,1.1
500.0,500.0,6.0,0.9336963045644808,0.6704405483758409,0.7449870364751153,1.0
500.0,500.0,6.0,1.6845248832287891,1.5038150821108518,1.5805360851570758,1.1
500.0,500.0,6.0,1.2443184256653266,1.0263356353539916,1.1282376842061028,1.1
500.0,500.0,6.0,1.2207726350952763,1.0220607181738022,1.0612386846756754,1.1
500.0,500.0,6.0,1.595099617317274,1.3293973895083813,1.3512646087308993,1.0
500.0,500.0,6.0,1.487958559550313,1.3711347615059128,1.4348478453902245,1.0
500.0,500.0,6.0,1.2262190423955284,0.949843306956575,1.0104391835705395,1.0
500.0,500.0,6.0,2.435237341844791,2.2296795534424656,2.327148621688199,1.0
500.0,500.0,6.0,1.416014832338366,1.2921240013990756,1.359885688279846,1.0
500.0,500.0,6.0,0.9263497605790127,0.6599995510269014,0.6987060085526804,1.0
500.0,500.0,6.0,1.425234884779471,1.191144006191352,1.2630730409508553,1.1
500.0,500.0,6.0,1.3980167710531357,1.2943613828001646,1.3434567794547845,1.1
500.0,500.0,6.0,1.5708768069661458,1.3692994184531957,1.3817581150152227,1.0
500.0,500.0,6.0,1.4731318149303512,1.25252744313719,1.3384041371775826,1.1
500.0,500.0,6.0,0.9546490739916588,0.6700240951570999,0.7609083959912766,1.0
500.0,500.0,6.0,1.588897309599293,1.3548869404756807,1.4542110078232926,1.1
500.0,500.0,6.0,1.378027905594695,1.119764664569828,1.1535184894715225,1.1
500.0,500.0,6.0,1.1927927269063492,0.9230235045362926,0.9960147709219952,1.0
500.0,500.0,6.0,2.026376577142793,1.7321287638802123,1.7530194286692713,1.1
500.0,500.0,6.0,1.3235511178601054,1.0737648029002091,1.1961659521577028,1.1
500.0,500.0,6.0,1.1323850024501874,0.9706288941512708,1.0182597990391402,1.0
500.0,500.0,6.0,0.9702084082693072,0.6477027741042451,0.6466509327807923,1.0
500.0,500.0,6.0,0.8619333627130656,0.5752586689176248,0.7118138583103908,1.0
500.0,500.0,6.0,0.9796053792361228,0.6615654243210066,0.7111978878568539,1.1
500.0,500.0,6.0,2.3647051263974697,2.214015333572505,2.25665033399253,1.0
500.0,500.0,6.0,0.8520914628850071,0.5615312577100289,0.5395451654874697,1.0
500.0,500.0,7.0,1.2120941256935345,0.9210980374931068,1.0548543955544298,1.1
500.0,500.0,7.0,0.9560908928580156,0.6110254673805615,0.6903358668146959,1.1
500.0,500.0,7.0,1.0222618009572773,0.7370543655730594,0.8164044500283063,1.1
500.0,500.0,7.0,1.1120611947015877,0.9866097309549356,1.0442143244985045,1.1
500.0,500.0,7.0,1.6746850843898893,1.3890068967413387,1.4839250802462811,1.1
500.0,500.0,7.0,2.076047450432105,1.7625267768652964,1.848110939099105,1.0
500.0,500.0,7.0,1.2726812329804773,0.9485582040271208,0.9576014634611238,1.0
500.0,500.0,7.0,1.5316371462710208,1.2118791786029766,1.2696179731774122,1.0
500.0,500.0,7.0,1.9781312687323345,1.83385941319866,1.8728240407798071,1.0
500.0,500.0,7.0,0.8297307301224179,0.474889522384779,0.5541781519409796,1.1
500.0,500.0,7.0,1.66249215251228,1.419393516570914,1.576180770019016,1.1
500.0,500.0,7.0,1.0571460299107391,0.7075387204285786,0.8150483101755961,1.1
500.0,500.0,7.0,1.5811370599434498,1.4726153180087755,1.5100798693936694,1.1
500.0,500.0,7.0,1.4313844057811218,1.1530214227794953,1.294657460301142,1.1
500.0,500.0,7.0,3.121641678687017,3.00484445363488,3.051509443149268,1.1
500.0,500.0,7.0,1.6721502276550917,1.3232554638563374,1.407330019061844,1.1
500.0,500.0,7.0,1.634031807019763,1.3738126452118329,1.51550683733776,1.1
500.0,500.0,7.0,1.5447383209607124,1.4538323692571562,1.503365047240335,1.0
500.0,500.0,7.0,1.165376928521456,0.9586079429290262,1.0819252336035503,1.0
500.0,500.0,7.0,1.307592102826827,1.1131365747280135,1.1891233793294562,1.1
500.0,500.0,7.0,1.6305123245069333,1.4649072338121576,1.5136286515512636,1.1
500.0,500.0,7.0,1.1743348349589664,0.871875914802599,0.9846035889924674,1.1
500.0,500.0,7.0,1.4454245554075338,1.0833101599799702,1.0900282444808906,1.0
500.0,500.0,7.0,0.0805468914330932,-0.286450199561709,-0.2523082946974588,1.1
500.0,500.0,7.0,0.922645688658561,0.6168037818468446,0.7058478699203319,1.0
500.0,500.0,7.0,1.781945697100254,1.56962737720013,1.6539495316928976,1.1
500.0,500.0,7.0,1.2683714966095478,1.014058241246324,1.1275685984085635,1.1
500.0,500.0,7.0,1.2409014076111555,1.003672892145364,1.053876834315003,1.1
500.0,500.0,7.0,1.694282886870153,1.3842969544264443,1.407816759485128,1.0
500.0,500.0,7.0,1.5692849861420322,1.440471708693046,1.50903136763884,1.0
500.0,500.0,7.0,1.2639222161281167,0.9437984761111564,1.0148339379623548,1.0
500.0,500.0,7.0,2.6744435654855896,2.437947764365531,2.5493394450182354,1.0
500.0,500.0,7.0,1.4853506377280934,1.3429637345393868,1.4201284686244515,1.0
500.0,500.0,7.0,0.9140747206755152,0.60458163528003,0.6483017918731485,1.0
500.0,500.0,7.0,1.4794406989093831,1.2026912579828868,1.2872132725121843,1.1
500.0,500.0,7.0,1.4476862328953248,1.3267549466001922,1.382855152769211,1.1
500.0,500.0,7.0,1.666022941460504,1.435039012782916,1.4496050928337956,1.0
500.0,500.0,7.0,1.5353204507520766,1.2720643651117238,1.375247837181849,1.1
500.0,500.0,7.0,0.947090586323602,0.617347697996747,0.7235920764774397,1.0
500.0,500.0,7.0,1.6703801945325087,1.3912930818867604,1.5112957593802652,1.1
500.0,500.0,7.0,1.4243658898604776,1.1199493187516194,1.159724227722586,1.1
500.0,500.0,7.0,1.2249248480574075,0.9147869487353671,1.0011627252943525,1.0
500.0,500.0,7.0,2.180772673333258,1.8357183050644816,1.8588057992839904,1.1
500.0,500.0,7.0,1.3608096375034564,1.0639122679199868,1.2028577600640815,1.1
500.0,500.0,7.0,1.1544491695252188,0.9712632331747372,1.0265910873428492,1.0
500.0,500.0,7.0,0.9652431429808584,0.5898342441956819,0.589258351084979,1.0
500.0,500.0,7.0,0.8389222564985767,0.5069574249002304,0.6726698404735841,1.0
500.0,500.0,7.0,0.95953960910881,0.5882024265177329,0.6423992275723015,1.1
500.0,500.0,7.0,2.5921559807970485,2.42386763199269,2.4693108911250787,1.0
500.0,500.0,7.0,0.8274400400325086,0.4895471528944548,0.4662145278271907,1.0
500.0,500.0,8.0,1.2281075722211825,0.8928687154004818,1.04769293765557,1.1
500.0,500.0,8.0,0.9355324489805894,0.5401476285655922,0.6268316974983905,1.1
500.0,500.0,8.0,1.0111563439511737,0.6822882756045465,0.7652622341575482,1.1
500.0,500.0,8.0,1.1137842225161,0.967536810739992,1.0343316789655017,1.1
500.0,500.0,8.0,1.756782953588445,1.428935218798446,1.5380630157596695,1.1
500.0,500.0,8.0,2.2297685147795487,1.8739782879048932,1.9747493704805943,1.0
500.0,500.0,8.0,1.3116356948348311,0.9418795714152706,0.9547568369685172,1.0
500.0,500.0,8.0,1.6075853100240234,1.242725493475874,1.318441139339534,1.0
500.0,500.0,8.0,2.117864307122668,1.9553022853378563,1.9975131894626368,1.0
500.0,500.0,8.0,0.7911208344256206,0.3847748730177961,0.4762036022182627,1.1
500.0,500.0,8.0,1.7428481742997484,1.4595947638175402,1.6415691480173942,1.1
500.0,500.0,8.0,1.0510240341837018,0.6504964404920625,0.7667506514292175,1.1
500.0,500.0,8.0,1.649870925649657,1.52310501474489,1.5674581018742884,1.1
500.0,500.0,8.0,1.4787250351784251,1.1591546901110172,1.319971470960589,1.1
500.0,500.0,8.0,3.410447632785162,3.2769650898684337,3.3302965064563064,1.1
500.0,500.0,8.0,1.7538859744629622,1.35429739131401,1.448724587234351,1.1
500.0,500.0,8.0,1.7103220651654436,1.4112070384310489,1.5748649569574402,1.1
500.0,500.0,8.0,1.622558081097957,1.5219733765718282,1.5766039624257373,1.0
500.0,500.0,8.0,1.189002204024521,0.9616481481010386,1.0953274167564604,1.0
500.0,500.0,8.0,1.3372481175163735,1.115013228260587,1.2018552906622355,1.1
500.0,500.0,8.0,1.7062997994364957,1.514887126041636,1.5727184589157304,1.1
500.0,500.0,8.0,1.1849540970959618,0.8367777535961425,0.9687463016817616,1.1
500.0,500.0,8.0,1.5090566347514671,1.0952782023042973,1.1126142018538627,1.0
500.0,500.0,8.0,-0.0650892669336076,-0.4848347326616609,-0.4610089071222777,1.1
500.0,500.0,8.0,0.9115950727526412,0.5643740803311807,0.6735565433115934,1.0
500.0,500.0,8.0,1.8793665109717188,1.6334212086047866,1.7330851790775974,1.1
500.0,500.0,8.0,1.292424567553769,1.001780847138656,1.124610428561602,1.1
500.0,500.0,8.0,1.2610301801270352,0.9853644438718698,1.0385155258410397,1.1
500.0,500.0,8.0,1.7934661564230323,1.438880096764356,1.4670676445580435,1.0
500.0,500.0,8.0,1.6506114127337508,1.5033962385063382,1.5817501344443885,1.0
500.0,500.0,8.0,1.3016253898607046,0.9366075687132672,1.0197819534967445,1.0
500.0,500.0,8.0,2.913649789126388,2.643368873560606,2.7769925309416026,1.0
500.0,500.0,8.0,1.5546864431178211,1.394446428865413,1.4829223486960676,1.0
500.0,500.0,8.0,0.901799680772017,0.5488429330080142,0.600629613449619,1.0
500.0,500.0,8.0,1.533646513039295,1.2159959453374267,1.3101880067401013,1.1
500.0,500.0,8.0,1.4973556947375142,1.35914851040022,1.4232630317362416,1.1
500.0,500.0,8.0,1.761169075954861,1.5053126787373194,1.518526605582443,1.0
500.0,500.0,8.0,1.5975090865738018,1.296644988699113,1.4105693868192093,1.1
500.0,500.0,8.0,0.9395320986555452,0.5654451769901285,0.6899416571004802,1.0
500.0,500.0,8.0,1.7518630794657242,1.4315484655640895,1.569410149598747,1.1
500.0,500.0,8.0,1.47070387412626,1.120249748557664,1.1597711316682204,1.1
500.0,500.0,8.0,1.2570569692084654,0.90530574602873,1.0106738806096025,1.0
500.0,500.0,8.0,2.335168769523724,1.9382024946349832,1.9647431423641373,1.1
500.0,500.0,8.0,1.3980681571468072,1.0587568776228422,1.2166086485810017,1.1
500.0,500.0,8.0,1.17651333660025,0.9692895529688326,1.0323818800368072,1.0
500.0,500.0,8.0,0.9602778776924096,0.5316393834159365,0.5305809726685473,1.0
500.0,500.0,8.0,0.8159111502840878,0.4408886541677381,0.6272706519058163,1.0
500.0,500.0,8.0,0.9394738389814968,0.5147891436982943,0.5770276886540587,1.1
500.0,500.0,8.0,2.819606835196627,2.627277293705932,2.681932481896825,1.0
500.0,500.0,8.0,0.8027886171800096,0.4175165777781213,0.3871148126441482,1.0
500.0,500.0,9.0,1.2441210187488303,0.8640012013656552,1.0356397094329746,1.1
500.0,500.0,9.0,0.9149740051031632,0.4696196799897023,0.5630979620147626,1.1
500.0,500.0,9.0,1.0000508869450708,0.6284708277901581,0.7208367134903827,1.1
500.0,500.0,9.0,1.1155072503306125,0.9445937876758734,1.022347989134254,1.1
500.0,500.0,9.0,1.838880822787,1.4670835140064264,1.5912647495631067,1.1
500.0,500.0,9.0,2.383489579126992,1.9832255738930047,2.101904288103548,1.0
500.0,500.0,9.0,1.3505901566891851,0.9361573858455448,0.9511896599147728,1.0
500.0,500.0,9.0,1.6835334737770264,1.2737583960427197,1.3607561125520855,1.0
500.0,500.0,9.0,2.257597345513001,2.0773777597771304,2.124558158924237,1.0
500.0,500.0,9.0,0.7525109387288232,0.294521173557998,0.3916958525226335,1.1
500.0,500.0,9.0,1.823204196087217,1.5005330380123223,1.705508835533352,1.1
500.0,500.0,9.0,1.0449020384566643,0.593800970400604,0.7199168311683923,1.1
500.0,500.0,9.0,1.7186047913558635,1.5699100618964794,1.6220622169099432,1.1
500.0,500.0,9.0,1.5260656645757282,1.1649560404907746,1.3474679048306628,1.1
500.0,500.0,9.0,3.699253586883308,3.542172559081417,3.6080174917062777,1.1
500.0,500.0,9.0,1.8356217212708323,1.3860845652282614,1.4911856304306454,1.1
500.0,500.0,9.0,1.7866123233111242,1.4463128580876672,1.6342230765771204,1.1
500.0,500.0,9.0,1.7003778412352015,1.5909543916599644,1.6486794577289543,1.0
500.0,500.0,9.0,1.212627479527586,0.9619549155327214,1.1074147313190714,1.0
500.0,500.0,9.0,1.3669041322059206,1.1069871458351426,1.2091375803415056,1.1
500.0,500.0,9.0,1.7820872743660578,1.5667480167968408,1.6318082662801967,1.1
500.0,500.0,9.0,1.1955733592329567,0.8027965618397397,0.9483035649236872,1.1
500.0,500.0,9.0,1.5726887140954005,1.107257611662745,1.1341823773206658,1.0
500.0,500.0,9.0,-0.2107254253003086,-0.6832927712177703,-0.6579632162490217,1.1
500.0,500.0,9.0,0.9005444568467214,0.5108141238867059,0.6368875631751398,1.0
500.0,500.0,9.0,1.976787324843184,1.694603958963577,1.808872847607734,1.1
500.0,500.0,9.0,1.3164776384979904,0.9895034530309884,1.1276867321318027,1.1
500.0,500.0,9.0,1.2811589526429144,0.9693679972311144,1.0283608225440917,1.1
500.0,500.0,9.0,1.892649425975911,1.4937401088599005,1.5309309457070577,1.0
500.0,500.0,9.0,1.73193783932547,1.569580570890424,1.6546462540257336,1.0
500.0,500.0,9.0,1.3393285635932928,0.9286835148024256,1.0279599757664883,1.0
500.0,500.0,9.0,3.1528560127671863,2.8509728048879093,3.004338621949661,1.0
500.0,500.0,9.0,1.6240222485075486,1.4493771526060328,1.543287642283076,1.0
500.0,500.0,9.0,0.8895246408685192,0.4933021526819113,0.5607413283542417,1.0
500.0,500.0,9.0,1.5878523271692069,1.230495438504605,1.3349146390939557,1.1
500.0,500.0,9.0,1.5470251565797035,1.3915420742002476,1.4622836239556427,1.1
500.0,500.0,9.0,1.8563152104492189,1.5703441104582416,1.5833424312802489,1.0
500.0,500.0,9.0,1.659697722395527,1.3197931817740252,1.4442784342055728,1.1
500.0,500.0,9.0,0.9319736109874882,0.5135700990496452,0.6559772165449786,1.0
500.0,500.0,9.0,1.83334596439894,1.470007108177506,1.6237829080349733,1.1
500.0,500.0,9.0,1.5170418583920426,1.1190715765393926,1.1567097619183344,1.1
500.0,500.0,9.0,1.2891890903595236,0.8981061774467567,1.016622088725077,1.0
500.0,500.0,9.0,2.48956486571419,2.0422120310814598,2.072836035159655,1.1
500.0,500.0,9.0,1.435326676790158,1.049596807721621,1.2246639727028126,1.1
500.0,500.0,9.0,1.1985775036752813,0.965450747089937,1.039151871258701,1.0
500.0,500.0,9.0,0.9553126124039608,0.4733556931602584,0.4732191247701128,1.0
500.0,500.0,9.0,0.7929000440695986,0.3709997359387051,0.5806794833940431,1.0
500.0,500.0,9.0,0.919408068854184,0.4406739727312863,0.5128206706026628,1.1
500.0,500.0,9.0,3.0470576895962047,2.830686955419173,2.8958469869547696,1.0
500.0,500.0,9.0,0.7781371943275107,0.3473777961576094,0.3145333401286662,1.0
500.0,500.0,10.0,1.260134465276478,0.831308074308779,1.0272163285271922,1.1
500.0,500.0,10.0,0.8944155612257367,0.3989993438676354,0.5033910216375792,1.1
500.0,500.0,10.0,0.9889454299389668,0.5725470444606161,0.6752188630342546,1.1
500.0,500.0,10.0,1.1172302781451249,0.9237946942092172,1.0137199879269487,1.1
500.0,500.0,10.0,1.920978691985556,1.5029980225783688,1.6436637254607356,1.1
500.0,500.0,10.0,2.537210643474436,2.0924728598811164,2.2274652650520506,1.0
500.0,500.0,10.0,1.3895446185435392,0.9290637620506056,0.9435751512094296,1.0
500.0,500.0,10.0,1.7594816375300295,1.3049857700269538,1.4060165162146685,1.0
500.0,500.0,10.0,2.397330383903334,2.2030365131426968,2.250287587794253,1.0
500.0,500.0,10.0,0.7139010430320258,0.2050235261755534,0.3131163885471609,1.1
500.0,500.0,10.0,1.903560217874685,1.5450367089025805,1.7740338364134611,1.1
500.0,500.0,10.0,1.0387800427296274,0.5369983051155501,0.679097509729344,1.1
500.0,500.0,10.0,1.787338657062071,1.6221222909960886,1.680069129899937,1.1
500.0,500.0,10.0,1.5734062939730311,1.168667272026266,1.3749643387007362,1.1
500.0,500.0,10.0,3.988059540981452,3.8097188982829295,3.883910897770728,1.1
500.0,500.0,10.0,1.9173574680787029,1.4178717391425124,1.5351201209745855,1.1
500.0,500.0,10.0,1.8629025814568048,1.478508252702046,1.6932970622829056,1.1
500.0,500.0,10.0,1.778197601372446,1.6566159907332938,1.720754953032172,1.0
500.0,500.0,10.0,1.2362527550306512,0.957727683925246,1.119349701465635,1.0
500.0,500.0,10.0,1.396560146895467,1.1022877298305074,1.221263978157228,1.1
500.0,500.0,10.0,1.85787474929562,1.615992672218107,1.6910523090211882,1.1
500.0,500.0,10.0,1.206192621369952,0.7674930563753066,0.9305885674553096,1.1
500.0,500.0,10.0,1.6363207934393336,1.119363052528418,1.1495750915482177,1.0
500.0,500.0,10.0,-0.3563615836670096,-0.8815110350816223,-0.8527854717707577,1.1
500.0,500.0,10.0,0.8894938409408015,0.4574769239470346,0.5957078785504306,1.0
500.0,500.0,10.0,2.0742081387146487,1.758672156124884,1.8801850355724012,1.1
500.0,500.0,10.0,1.3405307094422114,0.9772260589233202,1.1295782876741651,1.1
500.0,500.0,10.0,1.301287725158794,0.954853330256794,1.018513899103988,1.1
500.0,500.0,10.0,1.99183269552879,1.5486489697988708,1.5912899046507674,1.0
500.0,500.0,10.0,1.8132642659171885,1.636521051754329,1.727384726695259,1.0
500.0,500.0,10.0,1.377031737325881,0.9224981670642304,1.0398595536049993,1.0
500.0,500.0,10.0,3.392062236407985,3.061568852125421,3.228132519907012,1.0
500.0,500.0,10.0,1.6933580538972768,1.4993079473400368,1.6056510038102427,1.0
500.0,500.0,10.0,0.8772496009650216,0.438974618337576,0.5119348092824911,1.0
500.0,500.0,10.0,1.6420581412991184,1.2433611921476508,1.3567422482300138,1.1
500.0,500.0,10.0,1.5966946184218929,1.4239356380002746,1.5009230518739634,1.1
500.0,500.0,10.0,1.951461344943576,1.6379009669425535,1.653492667856412,1.0
500.0,500.0,10.0,1.721886358217252,1.342638948070382,1.4825315935617474,1.1
500.0,500.0,10.0,0.9244151233194312,0.4622838569574028,0.617752462827754,1.0
500.0,500.0,10.0,1.914828849332156,1.507832762448087,1.6815912561107238,1.1
500.0,500.0,10.0,1.5633798426578251,1.1191672942067434,1.145910187078779,1.1
500.0,500.0,10.0,1.3213212115105817,0.8867846416075075,1.0224953298227293,1.0
500.0,500.0,10.0,2.643960961904656,2.1464961881293574,2.177823159319048,1.1
500.0,500.0,10.0,1.4725851964335095,1.0396163437903003,1.2373524643713971,1.1
500.0,500.0,10.0,1.2206416707503127,0.9616119412110412,1.0445832174921676,1.0
500.0,500.0,10.0,0.950347347115512,0.4157578589360123,0.4146879164112365,1.0
500.0,500.0,10.0,0.7698889378551095,0.3011108177096724,0.5346932816344467,1.0
500.0,500.0,10.0,0.8993422987268713,0.3667629186171512,0.4429872568181459,1.1
500.0,500.0,10.0,3.274508543995783,3.041463291975729,3.1089263450337348,1.0
500.0,500.0,10.0,0.7534857714750123,0.2760843772967459,0.2475532477428376,1.0
1000.0,500.0,0.5,1.0910267754452432,1.0863609033968422,1.088466241030239,1.1
1000.0,500.0,0.5,1.0766682718221028,1.0742517168683858,1.0756775496740278,1.1
1000.0,500.0,0.5,1.0811682196775316,1.07487679736199,1.075581536497498,1.1
1000.0,500.0,0.5,1.0663395617672586,1.0591393600763457,1.062559547946978,1.1
1000.0,500.0,0.5,1.0984670719550014,1.0977299406919951,1.0984670719550016,1.1
1000.0,500.0,0.5,1.0245799345590894,1.0087338772884935,1.0108327609000136,1.1
1000.0,500.0,0.5,1.119645589269754,1.1154742859024844,1.1174464855633046,1.1
1000.0,500.0,0.5,1.057848164991274,1.044028729470157,1.0499399577916355,1.1
1000.0,500.0,0.5,1.1205384545819563,1.1184772437439805,1.11909666206205,1.1
1000.0,500.0,0.5,1.0893874270779054,1.0828281521691958,1.0854302144392265,1.1
1000.0,500.0,0.5,1.0943724257153664,1.0941211045326784,1.0943724257153664,1.1
1000.0,500.0,0.5,1.098769111532912,1.0929802841449827,1.096262595214535,1.1
1000.0,500.0,0.5,1.0355269169363264,1.0187894811862508,1.016464141754458,1.0
1000.0,500.0,0.5,1.0819704518884556,1.0735617961326378,1.0761180080435084,1.1
1000.0,500.0,0.5,1.0918472822218717,1.0898497483608465,1.0908479309720345,1.1
1000.0,500.0,0.5,1.1238923964533185,1.1238923964533185,1.1238923964533185,1.1
1000.0,500.0,0.5,1.0896684048040612,1.0805634131664508,1.086612153210581,1.1
1000.0,500.0,0.5,1.1152986130942797,1.1152986130942797,1.1152986130942792,1.1
1000.0,500.0,0.5,1.133235654521232,1.1324063590751683,1.1329140616655524,1.1
1000.0,500.0,0.5,1.1063105158120603,1.0983742294995384,1.1010456496665604,1.1
1000.0,500.0,0.5,1.1109844586748974,1.1086956072986975,1.1093254183522556,1.1
1000.0,500.0,0.5,1.1028204004289646,1.099366609810948,1.1013190370287942,1.1
1000.0,500.0,0.5,1.0794897382053454,1.078724498056365,1.078785488990074,1.1
1000.0,500.0,0.5,1.111713705244504,1.111417496789361,1.111337375642781,1.1
1000.0,500.0,0.5,1.1315262502647192,1.1315262502647192,1.1315262502647192,1.1
1000.0,500.0,0.5,1.058999517427626,1.0536618976055805,1.0572758479076645,1.1
1000.0,500.0,0.5,1.1258961597458828,1.1244668660520964,1.125181504702644,1.1
1000.0,500.0,0.5,1.180814841669073,1.1808148416690727,1.1808148416690731,1.1
1000.0,500.0,0.5,1.072887501816044,1.0693896356394053,1.0710325021333935,1.1
1000.0,500.0,0.5,1.0520902436688455,1.0351848026720998,1.0401164979403883,1.1
1000.0,500.0,0.5,1.095734483703878,1.0948752681900067,1.0937690467053676,1.1
1000.0,500.0,0.5,1.054565584673758,1.0488624351384297,1.0511698573607786,1.1
1000.0,500.0,0.5,1.0686941582142786,1.0682147739206969,1.068176715621955,1.1
1000.0,500.0,0.5,1.0749233945284926,1.0681735412794664,1.0715685238075356,1.1
1000.0,500.0,0.5,1.0735560799939186,1.0702956258309002,1.072508466163344,1.1
1000.0,500.0,0.5,1.117238921778131,1.1169172161367422,1.117238921778131,1.1
1000.0,500.0,0.5,1.06901773490249,1.0650252811205208,1.0663504664682486,1.1
1000.0,500.0,0.5,1.1051523795048936,1.1051523795048934,1.1051523795048936,1.1
1000.0,500.0,0.5,1.1208651441156043,1.119732025632766,1.1207085477351566,1.1
1000.0,500.0,0.5,1.0857195182688102,1.081198576135881,1.0834678903994737,1.1
1000.0,500.0,0.5,1.0660758557562842,1.0647470336908182,1.06378248428039,1.1
1000.0,500.0,0.5,1.0685163959750663,1.0620001443038916,1.066292927017811,1.1
1000.0,500.0,0.5,1.0754681796666556,1.0659859600941894,1.0685755717481331,1.1
1000.0,500.0,0.5,1.0723976945448752,1.0564511198008468,1.0619832339632675,1.1
1000.0,500.0,0.5,1.1013454744575963,1.0996547068943965,1.100900725187913,1.1
1000.0,500.0,0.5,1.0724178140837943,1.0714906399151691,1.0718542314886907,1.1
1000.0,500.0,0.5,1.095587984382541,1.092897086532906,1.0943255059888075,1.1
1000.0,500.0,0.5,1.092751406530141,1.0912743654631636,1.092221363363317,1.1
1000.0,500.0,0.5,1.0718003656038797,1.0676134416497594,1.06952044899313,1.1
1000.0,500.0,0.5,1.1241749931691172,1.1226919128094126,1.1233427054882503,1.1
1000.0,500.0,1.0,1.122076325748532,1.1146130416261897,1.1195664474998028,1.1
1000.0,500.0,1.0,1.0533365436442064,1.0271985082122188,1.0404413298997184,1.1
1000.0,500.0,1.0,1.0623364393550632,1.026021804172191,1.0322147893805875,1.1
1000.0,500.0,1.0,1.0326791235345172,0.997681293591253,1.0086375596410884,1.1
1000.0,500.0,1.0,1.0969341439100029,1.0845845325833905,1.0886013832827444,1.1
1000.0,500.0,1.0,1.016969234016569,0.99221083440998,1.0022302148092876,1.0
1000.0,500.0,1.0,1.1392911785395083,1.110955852941667,1.1202576847268029,1.1
1000.0,500.0,1.0,1.0414058958495285,1.008537043605127,1.0081876341029918,1.0
1000.0,500.0,1.0,1.1410769091639126,1.1172155381453373,1.1291848724473827,1.1
1000.0,500.0,1.0,1.0787748541558102,1.0444962877989088,1.0482939222283345,1.1
1000.0,500.0,1.0,1.088744851430733,1.078247533356977,1.0849908189494546,1.1
1000.0,500.0,1.0,1.0975382230658246,1.0654045719077827,1.074852689623104,1.1
1000.0,500.0,1.0,1.0710538338726527,1.0572349127486254,1.062303280981417,1.0
1000.0,500.0,1.0,1.0658155916882317,1.0321657695771165,1.037304322489228,1.0
1000.0,500.0,1.0,1.0836945644437437,1.0646620722017188,1.0739738808951689,1.1
1000.0,500.0,1.0,1.1477847929066367,1.1429266577208077,1.1462870555256728,1.1
1000.0,500.0,1.0,1.0793368096081224,1.0407696678308835,1.0540234017871146,1.1
1000.0,500.0,1.0,1.1305972261885584,1.127897691670552,1.130139546941625,1.1
1000.0,500.0,1.0,1.1664713090424637,1.1567470960455284,1.160096669909658,1.1
1000.0,500.0,1.0,1.112621031624121,1.0739710099056958,1.0833975723884768,1.1
1000.0,500.0,1.0,1.1219689173497946,1.0991593432025537,1.103040087151107,1.1
1000.0,500.0,1.0,1.105640800857929,1.079230496322837,1.0884281934699396,1.1
1000.0,500.0,1.0,1.0589794764106908,1.0458730795363391,1.052951702138857,1.1
1000.0,500.0,1.0,1.1234274104890078,1.11427272163077,1.1181563833521737,1.1
1000.0,500.0,1.0,1.1630525005294388,1.162455733764479,1.1630525005294388,1.1
1000.0,500.0,1.0,1.0179990348552517,0.9849328033914942,0.9983098601660144,1.1
1000.0,500.0,1.0,1.151792319491765,1.1364291159161253,1.1431197261240602,1.1
1000.0,500.0,1.0,1.2616296833381462,1.2616296833381464,1.2616296833381462,1.1
1000.0,500.0,1.0,1.045775003632088,1.0175186246554802,1.0244759330679718,1.1
1000.0,500.0,1.0,1.0589146403537688,1.0288558296102177,1.0397907825139796,1.0
1000.0,500.0,1.0,1.091468967407756,1.072879078260405,1.0749868925465145,1.1
1000.0,500.0,1.0,1.009131169347516,0.974641537154704,0.9810898810747484,1.1
1000.0,500.0,1.0,1.037388316428557,1.022392601453755,1.0291501311452589,1.1
1000.0,500.0,1.0,1.049846789056985,1.0175418876608937,1.0248111316488953,1.1
1000.0,500.0,1.0,1.047112159987837,1.018954446281952,1.0304790663852852,1.1
1000.0,500.0,1.0,1.1344778435562606,1.130484502483065,1.1328599651385425,1.1
1000.0,500.0,1.0,1.0380354698049796,1.0067794392447105,1.0129646171260458,1.1
1000.0,500.0,1.0,1.1103047590097872,1.1001756773762998,1.1050163342772448,1.1
1000.0,500.0,1.0,1.1417302882312088,1.1338565156393776,1.136021744892992,1.1
1000.0,500.0,1.0,1.0714390365376203,1.0391253471771176,1.0450944182894844,1.1
1000.0,500.0,1.0,1.032151711512568,1.0099904692628912,1.0131884936931663,1.1
1000.0,500.0,1.0,1.0370327919501323,1.002812588633077,1.012921328790818,1.1
1000.0,500.0,1.0,1.0711242636808431,1.0403460929052124,1.0431951436266278,1.0
1000.0,500.0,1.0,1.1380998464307162,1.121910202737593,1.1267032145743354,1.0
1000.0,500.0,1.0,1.1026909489151928,1.0832556477966329,1.0935482164683374,1.1
1000.0,500.0,1.0,1.044835628167589,1.0323615345714523,1.0328493453606051,1.1
1000.0,500.0,1.0,1.0911759687650824,1.0674323343290422,1.0764514567532997,1.1
1000.0,500.0,1.0,1.0855028130602815,1.0683226355733784,1.0747164331832977,1.1
1000.0,500.0,1.0,1.0436007312077595,1.0125997428932056,1.02509650706454,1.1
1000.0,500.0,1.0,1.1483499863382345,1.1290325189207522,1.1346264674557962,1.1
1000.0,500.0,1.5,1.1331144886227982,1.1147229078040042,1.1264317620449842,1.1
1000.0,500.0,1.5,1.0300048154663093,0.9804381457577124,1.0005550099261131,1.1
1000.0,500.0,1.5,1.0572259042596996,1.0009850181195137,1.0065619727220263,1.0
1000.0,500.0,1.5,1.029614256007029,0.9776402020614564,0.9824405866587046,1.0
1000.0,500.0,1.5,1.095401215865004,1.0668242679783455,1.0750957694185896,1.1
1000.0,500.0,1.5,1.0254538510248532,0.9973217769284904,1.009523033098106,1.0
1000.0,500.0,1.5,1.1589367678092624,1.1083339465473132,1.1163167358403396,1.1
1000.0,500.0,1.5,1.0621088437742925,1.022435949630665,1.0275909106189385,1.0
1000.0,500.0,1.5,1.1616153637458688,1.115971694305835,1.1320593075632337,1.1
1000.0,500.0,1.5,1.0779113378089382,1.024260945518795,1.0280875152558238,1.0
1000.0,500.0,1.5,1.0831172771460993,1.0576878307556152,1.07098354552613,1.1
1000.0,500.0,1.5,1.0963073345987364,1.0410665558025725,1.0513209815154805,1.1
1000.0,500.0,1.5,1.106580750808979,1.0936440656795052,1.1011578275350975,1.0
1000.0,500.0,1.5,1.0987233875323477,1.0514121152398963,1.0659191054206931,1.0
1000.0,500.0,1.5,1.075541846665615,1.0352387156913438,1.0521123777923511,1.1
1000.0,500.0,1.5,1.1716771893599551,1.1591133966049385,1.1645076328132875,1.1
1000.0,500.0,1.5,1.0833971021486717,1.0250498007987296,1.0328741657305405,1.0
1000.0,500.0,1.5,1.1458958392828378,1.1383221383009097,1.1426678515851512,1.1
1000.0,500.0,1.5,1.1997069635636954,1.177343963498268,1.1861085725318656,1.1
1000.0,500.0,1.5,1.1189315474361816,1.0579907779421676,1.0617807219802788,1.1
1000.0,500.0,1.5,1.1329533760246917,1.0865921059965244,1.0899327345561458,1.1
1000.0,500.0,1.5,1.1084612012868935,1.0580014219357874,1.07337190171187,1.1
1000.0,500.0,1.5,1.038469214616036,1.0094778362229893,1.0225541762757773,1.1
1000.0,500.0,1.5,1.1351411157335116,1.114148826123894,1.122748071230559,1.1
1000.0,500.0,1.5,1.1945787507941583,1.1936836006467189,1.193972318433271,1.1
1000.0,500.0,1.5,0.9769985522828772,0.9228092781174944,0.9347079895686364,1.1
1000.0,500.0,1.5,1.1776884792376476,1.1431646381525546,1.1599767743270026,1.1
1000.0,500.0,1.5,1.342444525007219,1.3424445250072192,1.342444525007219,1.1
1000.0,500.0,1.5,1.018662505448132,0.9687897849953347,0.9715513368575892,1.1
1000.0,500.0,1.5,1.0883719605306532,1.0569905110735442,1.070882331645601,1.0
1000.0,500.0,1.5,1.0872034511116335,1.0487935626171976,1.052135885102812,1.1
1000.0,500.0,1.5,0.965789790146554,0.911929101527392,0.920423360932202,1.0
1000.0,500.0,1.5,1.0060824746428343,0.9688066078236588,0.9836017294529532,1.1
1000.0,500.0,1.5,1.0367792947149088,0.9847051867984922,0.9799279027732531,1.0
1000.0,500.0,1.5,1.0206682399817553,0.968197327001084,0.9830345233896008,1.1
1000.0,500.0,1.5,1.151716765334391,1.139127725656799,1.146711495395814,1.1
1000.0,500.0,1.5,1.0070532047074696,0.955515479189655,0.9492619813440956,1.1
1000.0,500.0,1.5,1.115457138514681,1.088618788395836,1.097712954172555,1.1
1000.0,500.0,1.5,1.1625954323468133,1.141399291113986,1.1492247923793404,1.1
1000.0,500.0,1.5,1.0571585548064308,1.0045278166625538,1.0028875115400822,1.1
1000.0,500.0,1.5,0.998227567268852,0.9535956459739492,0.9594952535762792,1.1
1000.0,500.0,1.5,1.01279306219744,0.9605942020891288,0.9549445699519534,1.0
1000.0,500.0,1.5,1.1066863955212645,1.0688526658085231,1.076807317333526,1.0
1000.0,500.0,1.5,1.2071497696460742,1.1903063725032357,1.1974193920022065,1.0
1000.0,500.0,1.5,1.1040364233727893,1.0639634330532437,1.0811214481572893,1.1
1000.0,500.0,1.5,1.0172534422513837,0.98759695481127,0.9926217414378647,1.1
1000.0,500.0,1.5,1.0867639531476234,1.0385378790664015,1.0540698234877497,1.1
1000.0,500.0,1.5,1.0782542195904228,1.0379589330180228,1.0521021583659067,1.1
1000.0,500.0,1.5,1.0154010968116391,0.9619244717634138,0.9772600038109652,1.1
1000.0,500.0,1.5,1.1725249795073516,1.1308864838516413,1.1444469455864332,1.1
1000.0,500.0,2.0,1.144152651497064,1.1118255857962638,1.133272965831857,1.1
1000.0,500.0,2.0,1.0066730872884126,0.9375559678735116,0.9597440002999982,1.1
1000.0,500.0,2.0,1.0763012056795993,1.0030919875010575,1.01959610799217,1.0
1000.0,500.0,2.0,1.0394856746760386,0.9732184563372231,0.9919770283115096,1.0
1000.0,500.0,2.0,1.0938682878200052,1.0477749695257257,1.0606803743959057,1.1
1000.0,500.0,2.0,1.0339384680331376,1.0019874718588546,1.016715530704533,1.0
1000.0,500.0,2.0,1.1785823570790166,1.1093827115116026,1.1121136418531312,1.1
1000.0,500.0,2.0,1.0828117916990565,1.0373407631861702,1.0460076997716286,1.0
1000.0,500.0,2.0,1.1821538183278253,1.117348178227788,1.1386483847215256,1.1
1000.0,500.0,2.0,1.1038817837452508,1.034289963261275,1.0443959999771628,1.0
1000.0,500.0,2.0,1.0774897028614658,1.0385505159652704,1.055055738395578,1.1
1000.0,500.0,2.0,1.095076446131649,1.0202860767668729,1.0311392295002018,1.1
1000.0,500.0,2.0,1.1421076677453057,1.1318205588096537,1.1362355369570785,1.0
1000.0,500.0,2.0,1.1316311833764634,1.0744028724428476,1.0951745993306998,1.0
1000.0,500.0,2.0,1.0673891288874864,1.0062190638640969,1.028158316945848,1.1
1000.0,500.0,2.0,1.1955695858132738,1.175162867636083,1.181257639726474,1.1
1000.0,500.0,2.0,1.1111961361982288,1.036505814463527,1.051062382009227,1.0
1000.0,500.0,2.0,1.161194452377117,1.1457631599452704,1.1555562270848865,1.1
1000.0,500.0,2.0,1.2329426180849272,1.1931067350465905,1.212429141319583,1.1
1000.0,500.0,2.0,1.1584631733446096,1.0787637611626335,1.0882609668278815,1.0
1000.0,500.0,2.0,1.1439378346995888,1.0777461250214693,1.0755973928014824,1.1
1000.0,500.0,2.0,1.111281601715858,1.040252383765174,1.053040803014263,1.1
1000.0,500.0,2.0,1.0179589528213815,0.9704363961474948,0.9903729059430558,1.1
1000.0,500.0,2.0,1.1468548209780154,1.1107494458058562,1.1247462065524958,1.1
1000.0,500.0,2.0,1.226105001058878,1.224911467528958,1.2252964245776947,1.1
1000.0,500.0,2.0,0.9541193944142006,0.8822586093988224,0.8897333902149749,1.0
1000.0,500.0,2.0,1.20358463898353,1.1513414230304826,1.1733918485311192,1.1
1000.0,500.0,2.0,1.423259366676292,1.423259366676292,1.423259366676292,1.1
1000.0,500.0,2.0,0.991550007264176,0.9235749990326234,0.9214283114337954,1.1
1000.0,500.0,2.0,1.1178292807075376,1.079604506319915,1.098452183141246,1.0
1000.0,500.0,2.0,1.0829379348155117,1.0265255707355974,1.0274866945433208,1.1
1000.0,500.0,2.0,0.954386386862072,0.884362081115702,0.9057378496156524,1.0
1000.0,500.0,2.0,0.9747766328571128,0.9176932809429108,0.9383768984304602,1.1
1000.0,500.0,2.0,1.0490390596198784,0.9812062092298376,0.9844293063971056,1.0
1000.0,500.0,2.0,0.9942243199756736,0.9183467834568668,0.9364707956730256,1.1
1000.0,500.0,2.0,1.1689556871125208,1.145133329334469,1.1585357954203206,1.1
1000.0,500.0,2.0,0.9884173226527108,0.91963035604718,0.9228280608050846,1.0
1000.0,500.0,2.0,1.1206095180195743,1.0738193271506098,1.0906758111664343,1.1
1000.0,500.0,2.0,1.1834605764624175,1.1464500956342285,1.1590643974499149,1.1
1000.0,500.0,2.0,1.0592759401179066,0.9897057732391236,0.9890455805668348,1.0
1000.0,500.0,2.0,0.9643034230251356,0.9001125588143021,0.8986614695875524,1.1
1000.0,500.0,2.0,1.0170574162632533,0.9502316022159658,0.9525393304711118,1.0
1000.0,500.0,2.0,1.142248527361686,1.099190103923709,1.110658475163902,1.0
1000.0,500.0,2.0,1.2761996928614323,1.2594606758717075,1.267610609237754,1.0
1000.0,500.0,2.0,1.1053818978303855,1.042740091306806,1.0657935837568435,1.1
1000.0,500.0,2.0,0.9896712563351784,0.9428286158136508,0.9514015423396244,1.1
1000.0,500.0,2.0,1.082351937530165,1.0136997244806094,1.0299962995445702,1.1
1000.0,500.0,2.0,1.0710056261205638,1.0132468567918365,1.0309776828556545,1.1
1000.0,500.0,2.0,0.9872014624155188,0.9145558705396124,0.9273227538559308,1.1
1000.0,500.0,2.0,1.1966999726764689,1.1337635904532315,1.1517421301122208,1.1
1000.0,500.0,2.5,1.15519081437133,1.108476655789738,1.1367749402136362,1.1
1000.0,500.0,2.5,0.9833413591105158,0.8944594883266176,0.9185995244038117,1.1
1000.0,500.0,2.5,1.0953765070994994,1.0073300459595442,1.0320185054135365,1.0
1000.0,500.0,2.5,1.0493570933450482,0.9698273780277392,1.000229898082673,1.0
1000.0,500.0,2.5,1.0923353597750067,1.0290625047260282,1.0437011575877184,1.1
1000.0,500.0,2.5,1.042423085041422,1.0085677305492369,1.0239687156985482,1.0
1000.0,500.0,2.5,1.2220145337796648,1.1359743241217524,1.1420358474195436,1.0
1000.0,500.0,2.5,1.103514739623821,1.0520185742566903,1.0645071110560511,1.0
1000.0,500.0,2.5,1.2026922729097815,1.1191484358576924,1.1401314048364024,1.1
1000.0,500.0,2.5,1.1298522296815636,1.045325920946666,1.0619666344988776,1.0
1000.0,500.0,2.5,1.0718621285768322,1.0190759046214988,1.0404219688203675,1.1
1000.0,500.0,2.5,1.111592446558766,1.0188998946387666,1.0150282624192788,1.0
1000.0,500.0,2.5,1.1776345846816318,1.1673458564698682,1.172538629941178,1.0
1000.0,500.0,2.5,1.1645389792205791,1.097918192974556,1.121229809836357,1.0
1000.0,500.0,2.5,1.0592364111093582,0.9787880977680272,1.0034087994396068,1.1
1000.0,500.0,2.5,1.2194619822665922,1.18844276284121,1.1971846134180175,1.1
1000.0,500.0,2.5,1.138995170247786,1.049935898071604,1.0673315836655188,1.0
1000.0,500.0,2.5,1.176493065471396,1.1538434940193096,1.1671680301135778,1.1
1000.0,500.0,2.5,1.266178272606159,1.2114837207733444,1.2357720053920556,1.1
1000.0,500.0,2.5,1.198078966680762,1.0993568078148064,1.121714360189258,1.0
1000.0,500.0,2.5,1.1549222933744865,1.0694314476923494,1.0619100797906371,1.1
1000.0,500.0,2.5,1.1141020021448225,1.0243983124419158,1.0317869360837846,1.1
1000.0,500.0,2.5,0.997448691026727,0.9303408758694895,0.9577601739589564,1.1
1000.0,500.0,2.5,1.1585685262225192,1.1055385207870216,1.1248975986900644,1.1
1000.0,500.0,2.5,1.2576312513235972,1.2549527151931803,1.2566205307221183,1.1
1000.0,500.0,2.5,0.9426492430177504,0.854321998857979,0.8692746862652015,1.0
1000.0,500.0,2.5,1.2294807987294123,1.1578369815025724,1.186578617001917,1.1
1000.0,500.0,2.5,1.504074208345365,1.504074208345365,1.504074208345365,1.1
1000.0,500.0,2.5,0.9830826898255614,0.8985511055285529,0.9122349419117456,1.0
1000.0,500.0,2.5,1.1472866008844218,1.1091112598226536,1.1261012909435926,1.0
1000.0,500.0,2.5,1.0786724185193892,1.002940101103628,1.0019227967854831,1.1
1000.0,500.0,2.5,0.94298298357759,0.8586475996858854,0.8893375737134419,1.0
1000.0,500.0,2.5,0.9434707910713908,0.8666817465566953,0.8938955839932243,1.1
1000.0,500.0,2.5,1.0612988245248482,0.9783941255504248,0.9870936731587252,1.0
1000.0,500.0,2.5,0.967780399969592,0.8701160130701466,0.8871933254295566,1.1
1000.0,500.0,2.5,1.1861946088906508,1.1511920647898684,1.1700720901587167,1.1
1000.0,500.0,2.5,0.9855216533158886,0.9008346447611904,0.9105410126325576,1.0
1000.0,500.0,2.5,1.125761897524468,1.0600154972113711,1.0856390269223912,1.1
1000.0,500.0,2.5,1.2043257205780222,1.1539110817737186,1.1691677071442257,1.1
1000.0,500.0,2.5,1.0740949251473833,0.9883588580741004,0.991330982848013,1.0
1000.0,500.0,2.5,0.9303792787814196,0.8480443390969301,0.8418254433950395,1.1
1000.0,500.0,2.5,1.021321770329067,0.9416196889577576,0.9467665183243772,1.0
1000.0,500.0,2.5,1.1778106592021076,1.1291316255912012,1.142515446134458,1.0
1000.0,500.0,2.5,1.3452496160767904,1.3264767621693268,1.3360136461335652,1.0
1000.0,500.0,2.5,1.106727372287982,1.0236914237705723,1.0537742390986982,1.1
1000.0,500.0,2.5,0.9620890704189728,0.8961996287088572,0.9069515580505132,1.1
1000.0,500.0,2.5,1.077939921912706,0.9897264246033716,1.0047545863559213,1.1
1000.0,500.0,2.5,1.0637570326507046,0.9876760575523638,1.0064316365547097,1.1
1000.0,500.0,2.5,0.9819619316250162,0.89149273233611,0.8965143068833997,1.0
1000.0,500.0,2.5,1.220874965845586,1.138549125664043,1.1561043606892507,1.1
1000.0,500.0,3.0,1.1662289772455965,1.108030440186898,1.1416613158115358,1.1
1000.0,500.0,3.0,0.960009630932619,0.8523912632964394,0.8760062604620557,1.1
1000.0,500.0,3.0,1.114451808519399,1.0125723987213704,1.0422651940775451,1.0
1000.0,500.0,3.0,1.059228512014058,0.9676628966729104,1.005182709971164,1.0
1000.0,500.0,3.0,1.0908024317300078,1.0114223540801697,1.0312022404211032,1.1
1000.0,500.0,3.0,1.0509077020497066,1.0133818466847608,1.0314694005707117,1.0
1000.0,500.0,3.0,1.266417440535598,1.1645381164449635,1.1787244553778504,1.0
1000.0,500.0,3.0,1.1242176875485848,1.0658929581570138,1.0798110987927043,1.0
1000.0,500.0,3.0,1.2232307274917376,1.1216795260666097,1.1449841909789484,1.1
1000.0,500.0,3.0,1.1558226756178764,1.057599305694788,1.0812897706449205,1.0
1000.0,500.0,3.0,1.0662345542921985,0.9989097863543616,1.0264649190857806,1.1
1000.0,500.0,3.0,1.1339109358705193,1.0237027333025392,1.025480889844979,1.0
1000.0,500.0,3.0,1.2131615016179582,1.2029850464852647,1.2070463559294131,1.0
1000.0,500.0,3.0,1.1974467750646949,1.1219806953194509,1.1501128565147256,1.0
1000.0,500.0,3.0,1.05108369333123,0.9528107593294736,0.979347582269092,1.1
1000.0,500.0,3.0,1.2433543787199106,1.199944523413793,1.2119725941795454,1.1
1000.0,500.0,3.0,1.1667942042973432,1.0618196280160723,1.084479412585683,1.0
1000.0,500.0,3.0,1.1917916785656752,1.1601011296217367,1.177065620444377,1.1
1000.0,500.0,3.0,1.2994139271273908,1.228841546103639,1.2585136842048243,1.1
1000.0,500.0,3.0,1.2376947600169144,1.1215356908673826,1.150893095157218,1.0
1000.0,500.0,3.0,1.165906752049383,1.0624119060909236,1.0504562482050712,1.1
1000.0,500.0,3.0,1.1270981553219268,1.019149298618047,1.003645459735903,1.0
1000.0,500.0,3.0,0.9769384292320724,0.8938230197109233,0.9232717196177658,1.1
1000.0,500.0,3.0,1.1702822314670227,1.102842301326728,1.128250309746758,1.1
1000.0,500.0,3.0,1.2891575015883163,1.2831468193846085,1.287944636866542,1.1
1000.0,500.0,3.0,0.9311790916213006,0.8277057077977543,0.8476361206490086,1.0
1000.0,500.0,3.0,1.255376958475295,1.1664827814205825,1.1992415100151987,1.1
1000.0,500.0,3.0,1.5848890500144384,1.5848890500144386,1.5848890500144384,1.1
1000.0,500.0,3.0,0.9796992277906738,0.8792341540928124,0.8999565942410058,1.0
1000.0,500.0,3.0,1.1767439210613064,1.1346024014056522,1.1539496100412343,1.0
1000.0,500.0,3.0,1.074406902223267,0.9812719347683792,0.976485512005421,1.1
1000.0,500.0,3.0,0.931579580293108,0.8332805194694959,0.8716340073685559,1.0
1000.0,500.0,3.0,0.9121649492856688,0.814126672818072,0.8485270517938517,1.1
1000.0,500.0,3.0,1.073558589429818,0.9770518224519766,0.9925376048853124,1.0
1000.0,500.0,3.0,0.9413364799635104,0.8215017510946271,0.8420488894410871,1.1
1000.0,500.0,3.0,1.203433530668781,1.1599523052410514,1.1803949227006578,1.1
1000.0,500.0,3.0,0.9826259839790664,0.8844455297054306,0.8966915617051113,1.0
1000.0,500.0,3.0,1.130914277029362,1.048136099664658,1.0790005799384226,1.1
1000.0,500.0,3.0,1.2251908646936265,1.1596676801152626,1.180850583699772,1.1
1000.0,500.0,3.0,1.08891391017686,0.9876436894680908,0.9968498833302034,1.0
1000.0,500.0,3.0,0.8964551345377034,0.7962045592015077,0.7848734522605532,1.1
1000.0,500.0,3.0,1.0255861243948798,0.9322941243199812,0.9405280856411822,1.0
1000.0,500.0,3.0,1.2133727910425292,1.1584128720280336,1.1726229802580637,1.0
1000.0,500.0,3.0,1.4142995392921485,1.3955087755873956,1.4044059068626469,1.0
1000.0,500.0,3.0,1.1080728467455785,1.00420298188884,1.0389094961267382,1.1
1000.0,500.0,3.0,0.9345068845027676,0.8524406323481467,0.861813059793932,1.1
1000.0,500.0,3.0,1.0735279062952472,0.9669888734886808,0.9807018598093504,1.1
1000.0,500.0,3.0,1.0565084391808457,0.961239365665454,0.9802162933298612,1.1
1000.0,500.0,3.0,0.9783543179500196,0.8709452647145851,0.8830346345857293,1.0
1000.0,500.0,3.0,1.245049959014703,1.1422449662156693,1.162209754713846,1.1
1000.0,500.0,4.0,1.1883053029941282,1.103701577361193,1.1492672436896876,1.1
1000.0,500.0,4.0,0.9133461745768257,0.7693824971196179,0.7978338174870677,1.1
1000.0,500.0,4.0,1.1526024113591986,1.021716006836344,1.0657650074264422,1.0
1000.0,500.0,4.0,1.0789713493520774,0.9641716165888152,1.0154006292560367,1.0
1000.0,500.0,4.0,1.0877365756400104,0.9741367012338265,0.9982444322411314,1.1
1000.0,500.0,4.0,1.0678769360662754,1.0232895135839613,1.04750843907402,1.0
1000.0,500.0,4.0,1.3552232540474638,1.2222752647772204,1.251344627900571,1.0
1000.0,500.0,4.0,1.165623583398113,1.0954015462897628,1.1137480194191471,1.0
1000.0,500.0,4.0,1.2756395029060348,1.1399074400786595,1.11191914362332,1.0
1000.0,500.0,4.0,1.2077635674905018,1.082108753222599,1.1189031676669012,1.0
1000.0,500.0,4.0,1.0549794057229311,0.9549566028989422,0.9960039273166464,1.1
1000.0,500.0,4.0,1.178547914494026,1.034133432903261,1.043987169351102,1.0
1000.0,500.0,4.0,1.284215335490611,1.2735933762621103,1.276802087942988,1.0
1000.0,500.0,4.0,1.2632623667529266,1.16885256925961,1.2065261879752636,1.0
1000.0,500.0,4.0,1.0347782577749731,0.8984504610419479,0.930718680911366,1.1
1000.0,500.0,4.0,1.2911391716265477,1.2264306180967142,1.2447496151827024,1.1
1000.0,500.0,4.0,1.2223922723964575,1.0885814208464264,1.1271775537387418,1.0
1000.0,500.0,4.0,1.2223889047542336,1.1716405827490062,1.199925234331714,1.1
1000.0,500.0,4.0,1.3658852361698544,1.261555983679925,1.3039186437941357,1.1
1000.0,500.0,4.0,1.3169263466892192,1.166180214324711,1.2098083226120642,1.0
1000.0,500.0,4.0,1.1935023618543534,1.0536341865808083,1.0712422415196894,1.0
1000.0,500.0,4.0,1.1694642070959025,1.0261086122285203,1.0190518141779243,1.0
1000.0,500.0,4.0,0.9359179056427632,0.8209751084321024,0.8611684219213944,1.1
1000.0,500.0,4.0,1.1937096419560302,1.0977884829911655,1.128738763411584,1.1
1000.0,500.0,4.0,1.3522100021177557,1.3441957591794784,1.3494258565389656,1.1
1000.0,500.0,4.0,0.9082387888284008,0.7738656441698208,0.8084974485443781,1.0
1000.0,500.0,4.0,1.3071692779670596,1.1815669450984,1.221878272246102,1.1
1000.0,500.0,4.0,1.7465187333525845,1.7465187333525842,1.7465187333525842,1.1
1000.0,500.0,4.0,0.9729323037208985,0.8415392104381472,0.8760007946618985,1.0
1000.0,500.0,4.0,1.2356585614150752,1.1897947429271982,1.209417933687728,1.0
1000.0,500.0,4.0,1.0658758696310229,0.9392632916505216,0.9275404370981528,1.1
1000.0,500.0,4.0,0.908772773724144,0.7863488696348613,0.8349733402865899,1.0
1000.0,500.0,4.0,0.849553265714225,0.7149679853754689,0.7567945783675172,1.1
1000.0,500.0,4.0,1.0980781192397573,0.9745546315597756,0.9957807993428236,1.0
1000.0,500.0,4.0,0.888448639951347,0.726769980472757,0.7451492162965392,1.1
1000.0,500.0,4.0,1.2379113742250412,1.1698330065534075,1.2035844404928269,1.1
1000.0,500.0,4.0,0.976834645305422,0.85050139900539,0.8721501385871595,1.0
1000.0,500.0,4.0,1.141219036039149,1.0235798166795254,1.0681169380878377,1.1
1000.0,500.0,4.0,1.2669211529248354,1.171898462475245,1.2015070740966385,1.1
1000.0,500.0,4.0,1.1185518802358134,0.9872897966296236,1.0035428321212845,1.0
1000.0,500.0,4.0,0.8286068460502711,0.6938743064765174,0.6706092186806116,1.1
1000.0,500.0,4.0,1.0341148325265066,0.9172633310348224,0.930955522731698,1.0
1000.0,500.0,4.0,1.284497054723372,1.220337727596345,1.2352672998534733,1.0
1000.0,500.0,4.0,1.5523993857228644,1.5324919250800393,1.5406037726447366,1.0
1000.0,500.0,4.0,1.1107637956607714,0.9653085866722608,1.0073228258414804,1.1
1000.0,500.0,4.0,0.8793425126703566,0.7642058819908535,0.7709770843656674,1.1
1000.0,500.0,4.0,1.066497429625663,0.9239548897211876,0.9186451015713,1.0
1000.0,500.0,4.0,1.0420112522411271,0.9083271464758302,0.9342456536563905,1.1
1000.0,500.0,4.0,0.971139090600026,0.8302650769048581,0.8534124105784071,1.0
1000.0,500.0,4.0,1.2933999453529377,1.1508692850295372,1.1769889352581584,1.1
1000.0,500.0,5.0,1.21038162874266,1.1015042640008814,1.159917363544513,1.1
1000.0,500.0,5.0,0.8722801625947306,0.6925748408306689,0.6696816263171869,1.0
1000.0,500.0,5.0,1.1907530141989984,1.0322180638531158,1.087524339857133,1.0
1000.0,500.0,5.0,1.098714186690097,0.9596911555834268,1.0251568519751837,1.0
1000.0,500.0,5.0,1.084670719550013,0.9362681768943396,0.9694424648561794,1.1
1000.0,500.0,5.0,1.084846170082844,1.0377165768501195,1.0593855488425248,1.0
1000.0,500.0,5.0,1.4440290675593297,1.2796894819551343,1.323355378352118,1.0
1000.0,500.0,5.0,1.2070294792476413,1.127023288067383,1.143808870995449,1.0
1000.0,500.0,5.0,1.3445493786325435,1.1752104420988616,1.1526274018644325,1.0
1000.0,500.0,5.0,1.2597044593631272,1.1095862151631009,1.1558110705881028,1.0
1000.0,500.0,5.0,1.043724257153664,0.9123265023074058,0.9620652675966296,1.1
1000.0,500.0,5.0,1.2231848931175322,1.0443949949757498,1.063738451676444,1.0
1000.0,500.0,5.0,1.3552691693632637,1.3439295098413424,1.3460026099287352,1.0
1000.0,500.0,5.0,1.3290779584411585,1.2186359669754527,1.2631935237915874,1.0
1000.0,500.0,5.0,1.0184728222187165,0.8456198869023959,0.8777125946830768,1.1
1000.0,500.0,5.0,1.3389239645331843,1.2534279622709972,1.278921150436715,1.1
1000.0,500.0,5.0,1.277990340495572,1.1124762990626105,1.168381791145764,1.0
1000.0,500.0,5.0,1.252986130942792,1.1827470403755749,1.2201085157320413,1.1
1000.0,500.0,5.0,1.432356545212318,1.2949505403012955,1.3512505367001697,1.1
1000.0,500.0,5.0,1.3961579333615235,1.212818702725171,1.2702477447660838,1.0
1000.0,500.0,5.0,1.2418779523179415,1.0669383898673674,1.0933767006498407,1.0
1000.0,500.0,5.0,1.211830258869878,1.033373165572169,1.0290213966032322,1.0
1000.0,500.0,5.0,0.8948973820534543,0.7447598497971147,0.7989166570628756,1.1
1000.0,500.0,5.0,1.2171370524450378,1.090271251973244,1.132440118997318,1.1
1000.0,500.0,5.0,1.4152625026471946,1.403074931702765,1.4117823206737072,1.1
1000.0,500.0,5.0,0.8852984860355011,0.7219029783349297,0.7729348076114633,1.0
1000.0,500.0,5.0,1.3589615974588247,1.196996845437837,1.2434613082615271,1.1
1000.0,500.0,5.0,1.9081484166907303,1.9081484166907303,1.9081484166907303,1.1
1000.0,500.0,5.0,0.9661653796511231,0.8067292152564324,0.8524699608015688,1.0
1000.0,500.0,5.0,1.2945732017688438,1.244022632275089,1.2672777934962032,1.0
1000.0,500.0,5.0,1.057344837038778,0.8981368477313043,0.8733604340392245,1.1
1000.0,500.0,5.0,0.8859659671551801,0.7353238672477596,0.7974527845209531,1.0
1000.0,500.0,5.0,0.7869415821427808,0.6148509987381781,0.6656824291042602,1.1
1000.0,500.0,5.0,1.1225976490496965,0.9738880787968084,1.010690969974977,1.0
1000.0,500.0,5.0,0.8355607999391836,0.6323596492005118,0.6470948015708464,1.1
1000.0,500.0,5.0,1.2723892177813014,1.1808047487118285,1.2267428630508417,1.1
1000.0,500.0,5.0,0.9710433066317774,0.8182449897597243,0.8459501214337263,1.0
1000.0,500.0,5.0,1.151523795048936,1.0009510701477322,1.0526291749603254,1.1
1000.0,500.0,5.0,1.3086514411560444,1.1842561508018292,1.2248914166639688,1.1
1000.0,500.0,5.0,1.148189850294767,0.9868015709314611,1.0136447394919397,1.0
1000.0,500.0,5.0,0.7755392592046915,0.6069527305622848,0.6258297554253379,1.0
1000.0,500.0,5.0,1.0426435406581331,0.9014373251844406,0.9220091808637644,1.0
1000.0,500.0,5.0,1.3556213184042152,1.28212202535074,1.2994494781125276,1.0
1000.0,500.0,5.0,1.6904992321535808,1.6689869096321448,1.678264729377004,1.0
1000.0,500.0,5.0,1.1134547445759644,0.9268513687826992,0.9794959711136804,1.1
1000.0,500.0,5.0,0.8241781408379457,0.6749585142628765,0.6862844205621217,1.1
1000.0,500.0,5.0,1.0831217870320788,0.9050773348123916,0.9068617034600298,1.0
1000.0,500.0,5.0,1.0275140653014092,0.8545653382168528,0.8866658786760533,1.1
1000.0,500.0,5.0,0.9639238632500324,0.7900940420681197,0.826922966047178,1.0
1000.0,500.0,5.0,1.3417499316911718,1.1613000531207562,1.1850661739573476,1.1
1000.0,500.0,6.0,1.232457954491192,1.1006204113950062,1.1676234323664538,1.1
1000.0,500.0,6.0,0.8467361951136767,0.6319696509779449,0.6088431202334948,1.0
1000.0,500.0,6.0,1.228903617038798,1.0419969302953611,1.1056465871074006,1.0
1000.0,500.0,6.0,1.1184570240281162,0.9540917954439032,1.0327973304683171,1.0
1000.0,500.0,6.0,1.081604863460015,0.9015717683645692,0.9407608211260596,1.1
1000.0,500.0,6.0,1.101815404099413,1.0452598922201437,1.07126265861103,1.0
1000.0,500.0,6.0,1.5328348810711956,1.3393366737362935,1.3883618889708005,1.0
1000.0,500.0,6.0,1.2484353750971695,1.1566097102144144,1.1730839696429178,1.0
1000.0,500.0,6.0,1.413459254359052,1.2111362970073485,1.1924818825328658,1.0
1000.0,500.0,6.0,1.3116453512357529,1.134802574484001,1.190744109343442,1.0
1000.0,500.0,6.0,1.0324691085843964,0.8708526435491117,0.9331042487918496,1.1
1000.0,500.0,6.0,1.2678218717410388,1.055590327412833,1.0870942806387551,1.0
1000.0,500.0,6.0,1.4263230032359164,1.4150751242773918,1.4152031319144824,1.0
1000.0,500.0,6.0,1.3948935501293902,1.2662383352361184,1.3223202089400288,1.0
1000.0,500.0,6.0,1.0021673866624594,0.7943419399087601,0.8237215355160985,1.1
1000.0,500.0,6.0,1.3867087574398211,1.2788496683382513,1.309468163713032,1.1
1000.0,500.0,6.0,1.3335884085946863,1.1379899364408554,1.2076157722270016,1.0
1000.0,500.0,6.0,1.2835833571313504,1.1940983181191451,1.2402895017369575,1.1
1000.0,500.0,6.0,1.498827854254781,1.3295418246307846,1.3942512086596095,1.1
1000.0,500.0,6.0,1.4753895200338285,1.258420291885609,1.334574222733309,1.0
1000.0,500.0,6.0,1.29025354278153,1.080386389860077,1.1254578223121967,1.0
1000.0,500.0,6.0,1.2541963106438536,1.0424358385745982,1.038375596479828,1.0
1000.0,500.0,6.0,0.853876858464145,0.6704568842750005,0.7366347011471053,1.1
1000.0,500.0,6.0,1.2405644629340449,1.0830984586133223,1.137107309944937,1.1
1000.0,500.0,6.0,1.4783150031766332,1.4636899180433178,1.4726089274070673,1.1
1000.0,500.0,6.0,0.8623581832426013,0.6703561756120501,0.7319801959932837,1.0
1000.0,500.0,6.0,1.4107539169505894,1.2141560641121767,1.263459855966941,1.1
1000.0,500.0,6.0,2.069778100028877,2.069778100028877,2.069778100028877,1.1
1000.0,500.0,6.0,0.9593984555813476,0.771059910249696,0.8259472116203008,1.0
1000.0,500.0,6.0,1.3534878421226124,1.296182706749208,1.3235337990184477,1.0
1000.0,500.0,6.0,1.0595793453900115,0.8684081249204024,0.8404228113303036,1.0
1000.0,500.0,6.0,0.8631591605862161,0.6861491358749224,0.7621297405309013,1.0
1000.0,500.0,6.0,0.7243298985713369,0.5153974781853108,0.5734663856559717,1.1
1000.0,500.0,6.0,1.147117178859636,0.975367700169437,1.0214063171026937,1.0
1000.0,500.0,6.0,0.7826729599270202,0.5384798527516423,0.5476934486452733,1.1
1000.0,500.0,6.0,1.3068670613375617,1.1844764135885286,1.243908726149393,1.1
1000.0,500.0,6.0,0.9652519679581332,0.784843895246258,0.8182482191901133,1.0
1000.0,500.0,6.0,1.1618285540587232,0.9783506685901048,1.037862928753594,1.1
1000.0,500.0,6.0,1.350381729387253,1.19750532075201,1.2426903510310188,1.1
1000.0,500.0,6.0,1.1778278203537202,0.987714970011664,1.0243975399238028,1.0
1000.0,500.0,6.0,0.7306471110456298,0.5287720382741363,0.555769982496091,1.0
1000.0,500.0,6.0,1.0511722487897597,0.8851541866309971,0.9127669567691568,1.0
1000.0,500.0,6.0,1.4267455820850583,1.3445035368452087,1.3614860632748704,1.0
1000.0,500.0,6.0,1.8285990785842967,1.806930750174267,1.8139176752524049,1.0
1000.0,500.0,6.0,1.1161456934911576,0.8888678273090395,0.9509056207078536,1.1
1000.0,500.0,6.0,0.769013769005535,0.5881650740469381,0.6002438322496553,1.1
1000.0,500.0,6.0,1.0997461444384944,0.886329622051216,0.8968043229787188,1.0
1000.0,500.0,6.0,1.0130168783616909,0.8039178978454571,0.8393813601807529,1.1
1000.0,500.0,6.0,0.9567086359000392,0.750227110635951,0.8001160602669828,1.0
1000.0,500.0,6.0,1.3900999180294062,1.1719245777406797,1.1969567195001345,1.1
1000.0,500.0,7.0,1.254534280239724,1.0952731345585671,1.173895422347206,1.1
1000.0,500.0,7.0,0.8211922276326231,0.5711650140841947,0.5494031052135473,1.0
1000.0,500.0,7.0,1.267054219878598,1.0514440569874863,1.132055204923944,1.0
1000.0,500.0,7.0,1.1381998613661355,0.9493778632735916,1.0394537816387115,1.0
1000.0,500.0,7.0,1.0785390073700178,0.8656652430705019,0.9112664986914863,1.1
1000.0,500.0,7.0,1.1187846381159818,1.0528032075901674,1.0831397683795343,1.0
1000.0,500.0,7.0,1.6216406945830617,1.3968116900606504,1.4596007721827835,1.0
1000.0,500.0,7.0,1.2898412709466978,1.1843623113983923,1.2058486516890443,1.0
1000.0,500.0,7.0,1.4823691300855608,1.2472788397211414,1.2277009791446405,1.0
1000.0,500.0,7.0,1.363586243108378,1.1612953361166378,1.2264729829630283,1.0
1000.0,500.0,7.0,1.0212139600151295,0.830902103080003,0.8977201198349807,1.1
1000.0,500.0,7.0,1.3124588503645451,1.066354796277304,1.1105574527048985,1.0
1000.0,500.0,7.0,1.4973768371085692,1.4842543116569569,1.4844036539002294,1.0
1000.0,500.0,7.0,1.4607091418176217,1.3141294914929362,1.3760402437633668,1.0
1000.0,500.0,7.0,0.9858619511062028,0.7417453911780425,0.7641723424453198,1.1
1000.0,500.0,7.0,1.4344935503464582,1.3086579463946268,1.3413182496077427,1.1
1000.0,500.0,7.0,1.389186476693801,1.1655347393311888,1.244062808447376,1.0
1000.0,500.0,7.0,1.3141805833199087,1.1994748682409764,1.2608305382448477,1.1
1000.0,500.0,7.0,1.5652991632972444,1.3658456664504357,1.4400436216072543,1.1
1000.0,500.0,7.0,1.5546211067061333,1.3052527997745635,1.3956907588131189,1.0
1000.0,500.0,7.0,1.3386291332451186,1.0940735304231335,1.1483510941616963,1.0
1000.0,500.0,7.0,1.296562362417829,1.0510590926868062,1.0530394901810478,1.0
1000.0,500.0,7.0,0.812856334874836,0.5938551787186215,0.6732636011999588,1.1
1000.0,500.0,7.0,1.2639918734230524,1.0783305371044565,1.1388768173101853,1.1
1000.0,500.0,7.0,1.5413675037060723,1.5243049043838712,1.5347104153082451,1.1
1000.0,500.0,7.0,0.8394178804497014,0.6198451460283692,0.689624629954159,1.0
1000.0,500.0,7.0,1.4625462364423545,1.231619223516341,1.2866137676446925,1.1
1000.0,500.0,7.0,2.231407783367023,2.231407783367023,2.231407783367023,1.1
1000.0,500.0,7.0,0.9526315315115724,0.7343229985428803,0.8041539786959729,1.0
1000.0,500.0,7.0,1.4124024824763812,1.3455464912074098,1.3774560988548554,1.0
1000.0,500.0,7.0,1.0695092362883467,0.8464350832796106,0.8160895561480386,1.0
1000.0,500.0,7.0,0.840352354017252,0.6377300519239562,0.7253317302049266,1.0
1000.0,500.0,7.0,0.6617182149998933,0.4152688628907663,0.4810693891632093,1.1
1000.0,500.0,7.0,1.1716367086695754,0.9772877079409564,1.0287335515353109,1.0
1000.0,500.0,7.0,0.7461568876930507,0.4611290161645764,0.520391432440838,1.0
1000.0,500.0,7.0,1.3413449048938215,1.191460285426,1.2647134568961116,1.1
1000.0,500.0,7.0,0.9594606292844886,0.7508160499992461,0.7930363480457175,1.0
1000.0,500.0,7.0,1.1721333130685103,0.954999709331435,1.0238289759763914,1.1
1000.0,500.0,7.0,1.3921120176184625,1.2107037518023576,1.2651184019970847,1.1
1000.0,500.0,7.0,1.207465790412674,0.9907383121336726,1.0362486009189682,1.0
1000.0,500.0,7.0,0.6857549628865682,0.4505073922078515,0.4834931124356064,1.0
1000.0,500.0,7.0,1.0597009569213864,0.8686168580420727,0.9041410359255936,1.0
1000.0,500.0,7.0,1.497869845765901,1.40626167495459,1.424610814104058,1.0
1000.0,500.0,7.0,1.9666989250150124,1.946312145650204,1.949570621127805,1.0
1000.0,500.0,7.0,1.1188366424063505,0.8515932147581337,0.9234406385861929,1.1
1000.0,500.0,7.0,0.7138493971731239,0.5009529566350087,0.5062238779198178,1.1
1000.0,500.0,7.0,1.11637050184491,0.8679597198433605,0.8813716461218095,1.0
1000.0,500.0,7.0,0.9985196914219726,0.7532976822141783,0.793607379573093,1.1
1000.0,500.0,7.0,0.9494934085500456,0.7122001480560399,0.7780492863177979,1.0
1000.0,500.0,7.0,1.4384499043676406,1.1825758403512434,1.2085714705529524,1.1
1000.0,500.0,8.0,1.2766106059882558,1.0930911362654907,1.1849877481302349,1.1
1000.0,500.0,8.0,0.7956482601515691,0.5106412187828652,0.4883990366248139,1.0
1000.0,500.0,8.0,1.3052048227183974,1.0636193520500232,1.152642388070944,1.0
1000.0,500.0,8.0,1.157942698704155,0.9467798194324496,1.0502488524966496,1.0
1000.0,500.0,8.0,1.0754731512800204,0.828287730577628,0.8780062817816459,1.1
1000.0,500.0,8.0,1.1357538721325506,1.0676638586177338,1.0952602958110034,1.0
1000.0,500.0,8.0,1.7104465080949272,1.453499074355029,1.533830003086945,1.0
1000.0,500.0,8.0,1.331247166796226,1.2126203034208896,1.2378662099655673,1.0
1000.0,500.0,8.0,1.5512790058120696,1.2826043882527332,1.2657767358319152,1.0
1000.0,500.0,8.0,1.4155271349810037,1.186251193030749,1.2613161123485164,1.0
1000.0,500.0,8.0,1.009958811445862,0.7866481068376266,0.8688229940971204,1.1
1000.0,500.0,8.0,1.3570958289880517,1.0776298845516574,1.1347559883003422,1.0
1000.0,500.0,8.0,1.568430670981222,1.5534334990365224,1.5555658807603223,1.0
1000.0,500.0,8.0,1.5265247335058532,1.3631130295485383,1.433373427000048,1.0
1000.0,500.0,8.0,0.9695565155499464,0.6895697391228977,0.7152760757459262,1.1
1000.0,500.0,8.0,1.4822783432530948,1.3351004562529938,1.3658744886542349,1.1
1000.0,500.0,8.0,1.444784544792915,1.191321713012383,1.27883987127275,1.0
1000.0,500.0,8.0,1.344777809508467,1.2136855637039732,1.2823879443070594,1.1
1000.0,500.0,8.0,1.6317704723397082,1.3983620358216342,1.4851153106909,1.1
1000.0,500.0,8.0,1.6338526933784374,1.353337266587697,1.458032362411389,1.0
1000.0,500.0,8.0,1.3870047237087069,1.1080002241458862,1.1771840907898066,1.0
1000.0,500.0,8.0,1.3389284141918047,1.059334707288238,1.0640617123520706,1.0
1000.0,500.0,8.0,0.7718358112855269,0.5175958422704505,0.6103434545685616,1.1
1000.0,500.0,8.0,1.28741928391206,1.0741619226611006,1.1331908711834704,1.1
1000.0,500.0,8.0,1.6044200042355112,1.5849198907244244,1.5958959303959117,1.1
1000.0,500.0,8.0,0.8164775776568018,0.568547768785342,0.6452852913761817,1.0
1000.0,500.0,8.0,1.5143385559341196,1.24920641814273,1.31327287730822,1.1
1000.0,500.0,8.0,2.3930374667051693,2.393037466705169,2.3930374667051693,1.1
1000.0,500.0,8.0,0.945864607441797,0.6991673145028012,0.78041767718965,1.0
1000.0,500.0,8.0,1.4713171228301496,1.397226894276748,1.4336989203736503,1.0
1000.0,500.0,8.0,1.079439127186682,0.824589338446126,0.7986032717555904,1.0
1000.0,500.0,8.0,0.817545547448288,0.5906044754384181,0.6862515115447005,1.0
1000.0,500.0,8.0,0.5991065314284494,0.31449555021266,0.3912102245450828,1.1
1000.0,500.0,8.0,1.1961562384795148,0.977628509461022,1.0353495229476504,1.0
1000.0,500.0,8.0,0.7098935859349152,0.3840488495667763,0.4635007743010861,1.0
1000.0,500.0,8.0,1.3758227484500822,1.201367824582657,1.2882439507384134,1.1
1000.0,500.0,8.0,0.9536692906108444,0.7181263835310279,0.7628205082692064,1.0
1000.0,500.0,8.0,1.1824380720782974,0.9336210185211832,1.0021971246573822,1.1
1000.0,500.0,8.0,1.4338423058496712,1.224269534386674,1.2879911671461113,1.1
1000.0,500.0,8.0,1.2371037604716273,0.9916872079628698,1.0431890566582875,1.0
1000.0,500.0,8.0,0.6408628147275066,0.3722823896575065,0.4187330747406718,1.0
1000.0,500.0,8.0,1.0682296650530132,0.8508506880248908,0.8967990268176338,1.0
1000.0,500.0,8.0,1.568994109446744,1.46429905709096,1.4903167993813111,1.0
1000.0,500.0,8.0,2.1047987714457284,2.081499595028805,2.0852235670032058,1.0
1000.0,500.0,8.0,1.1215275913215432,0.8144073461185952,0.8923065304124262,1.1
1000.0,500.0,8.0,0.658685025340713,0.4128113017135487,0.4158742277792009,1.1
1000.0,500.0,8.0,1.1329948592513257,0.8497760369309351,0.8699038354611774,1.0
1000.0,500.0,8.0,0.9840225044822544,0.7024518945156297,0.7419952799006171,1.1
1000.0,500.0,8.0,0.9422781812000518,0.6754474276898272,0.752384170005909,1.0
1000.0,500.0,8.0,1.4867998907058753,1.1939124781537205,1.2201747274920638,1.1
1000.0,500.0,9.0,1.2986869317367882,1.088860375327924,1.1932925753570558,1.1
1000.0,500.0,9.0,0.7701042926705151,0.4506610521626381,0.4212362322901739,1.0
1000.0,500.0,9.0,1.343355425558197,1.072692318349507,1.1701661428393757,1.0
1000.0,500.0,9.0,1.177685536042174,0.942782072680336,1.0581530668446402,1.0
1000.0,500.0,9.0,1.0724072951900228,0.7926150806227955,0.8410841070293046,1.1
1000.0,500.0,9.0,1.1527231061491192,1.078887463640623,1.1118444406521892,1.0
1000.0,500.0,9.0,1.7992523216067933,1.515595470008863,1.6016318062328851,1.0
1000.0,500.0,9.0,1.3726530626457545,1.2414058746563863,1.2711480951456324,1.0
1000.0,500.0,9.0,1.6201888815385783,1.3181888320424051,1.3027105289432168,1.0
1000.0,500.0,9.0,1.4674680268536289,1.2139344611966432,1.2954531900222757,1.0
1000.0,500.0,9.0,0.9987036628765948,0.7474791201923301,0.8337704277168916,1.1
1000.0,500.0,9.0,1.401732807611558,1.0901753485486678,1.1531276305596732,1.0
1000.0,500.0,9.0,1.6394845048538746,1.6226126864160877,1.6250116158553625,1.0
1000.0,500.0,9.0,1.5923403251940849,1.408502158242106,1.489238924429928,1.0
1000.0,500.0,9.0,0.9532510799936896,0.6376512228409371,0.666870363459414,1.1
1000.0,500.0,9.0,1.530063136159732,1.3607569293944044,1.3940280088616026,1.1
1000.0,500.0,9.0,1.5003826128920297,1.2177163008021423,1.3175223544033503,1.0
1000.0,500.0,9.0,1.3753750356970256,1.2242285660515333,1.3037130092417932,1.1
1000.0,500.0,9.0,1.6982417813821715,1.4320369959238384,1.5287302416626336,1.1
1000.0,500.0,9.0,1.7130842800507424,1.4036826658134491,1.521738351262445,1.0
1000.0,500.0,9.0,1.4353803141722952,1.1219837743672698,1.1995652629795606,1.0
1000.0,500.0,9.0,1.3812944659657804,1.0679511929953664,1.073604536598456,1.0
1000.0,500.0,9.0,0.7308152876962175,0.441333644113052,0.5457964044662684,1.1
1000.0,500.0,9.0,1.3108466944010675,1.0685325618213868,1.1325733259284665,1.1
1000.0,500.0,9.0,1.6674725047649506,1.6455348770649776,1.6566150805376494,1.1
1000.0,500.0,9.0,0.7935372748639022,0.516386741917009,0.603792074696395,1.0
1000.0,500.0,9.0,1.5661308754258845,1.2669692411750637,1.3389390883078804,1.1
1000.0,500.0,9.0,2.554667150043316,2.554667150043316,2.554667150043316,1.1
1000.0,500.0,9.0,0.9390976833720216,0.6622302202455889,0.7575431879870337,1.0
1000.0,500.0,9.0,1.5302317631839184,1.446880256061342,1.4879112854203569,1.0
1000.0,500.0,9.0,1.0893690180850173,0.8028247003801467,0.7765786165266537,1.0
1000.0,500.0,9.0,0.7947387408793241,0.5436651633811624,0.647895252926425,1.0
1000.0,500.0,9.0,0.5364948478570055,0.2147058519128,0.3001836654296411,1.1
1000.0,500.0,9.0,1.2206757682894542,0.9769012289673492,1.052579371048611,1.0
1000.0,500.0,9.0,0.6736302841767797,0.3069905209024984,0.3976542093041001,1.0
1000.0,500.0,9.0,1.4103005920063425,1.2105394061998092,1.311774444580715,1.1
1000.0,500.0,9.0,0.9478779519371998,0.684597693562943,0.7410542219703786,1.0
1000.0,500.0,9.0,1.192742831088085,0.912091472791234,0.983955756488908,1.1
1000.0,500.0,9.0,1.47557259408088,1.2361033139436055,1.3115759197044594,1.1
1000.0,500.0,9.0,1.2667417305305808,0.9924133182755902,1.051108414430566,1.0
1000.0,500.0,9.0,0.595970666568445,0.2943621024006281,0.3460641919646554,1.0
1000.0,500.0,9.0,1.0767583731846395,0.8357065601077251,0.8833629460564353,1.0
1000.0,500.0,9.0,1.640118373127587,1.5280789919437212,1.555053244611604,1.0
1000.0,500.0,9.0,2.2428986178764445,2.2166870444074056,2.2208765128786063,1.0
1000.0,500.0,9.0,1.1242185402367362,0.7787082643834197,0.8653690272627073,1.1
1000.0,500.0,9.0,0.6035206535083024,0.3258037766990214,0.3254258130131769,1.1
1000.0,500.0,9.0,1.1496192166577417,0.8325071758310401,0.8550885945171218,1.0
1000.0,500.0,9.0,0.9695253175425362,0.6513580552145719,0.6973133393512725,1.1
1000.0,500.0,9.0,0.9350629538500584,0.637463123045702,0.7237068353881648,1.0
1000.0,500.0,9.0,1.5351498770441094,1.2049766799422843,1.2336775501336203,1.1
1000.0,500.0,10.0,1.32076325748532,1.0876226392532486,1.2011402425612945,1.1
1000.0,500.0,10.0,0.7445603251894615,0.3899242094250734,0.3618496351345566,1.0
1000.0,500.0,10.0,1.3815060283979963,1.083296806606759,1.1893001464719102,1.0
1000.0,500.0,10.0,1.1974283733801934,0.9394190822160802,1.0651783996629112,1.0
1000.0,500.0,10.0,1.069341439100025,0.7566288970450628,0.8041176398726329,1.1
1000.0,500.0,10.0,1.169692340165688,1.0876527373784697,1.1242716007246547,1.0
1000.0,500.0,10.0,1.8880581351186592,1.572883855565403,1.6726162508928668,1.0
1000.0,500.0,10.0,1.4140589584952823,1.2731756552284408,1.302110783761859,1.0
1000.0,500.0,10.0,1.689098757265087,1.3541873507070163,1.3385773310151243,1.0
1000.0,500.0,10.0,1.5194089187262545,1.2389572484918152,1.3323187122853628,1.0
1000.0,500.0,10.0,0.987448514307328,0.7059956296585882,0.8037083841267881,1.1
1000.0,500.0,10.0,1.4463697862350644,1.1050577068254652,1.1734325004756812,1.0
1000.0,500.0,10.0,1.7105383387265274,1.6917918737956528,1.6944573509504026,1.0
1000.0,500.0,10.0,1.6581559168823166,1.4538912869356733,1.5435988049221423,1.0
1000.0,500.0,10.0,0.9369456444374328,0.5856906050282328,0.6177196140907159,1.1
1000.0,500.0,10.0,1.5778479290663687,1.3876788500733497,1.4266977876240026,1.1
1000.0,500.0,10.0,1.5559806809911438,1.2433082337867265,1.356870327516251,1.0
1000.0,500.0,10.0,1.405972261885584,1.2380317400572596,1.3231798975193594,1.1
1000.0,500.0,10.0,1.764713090424635,1.4689299954709316,1.576366935180704,1.1
1000.0,500.0,10.0,1.7923158667230468,1.4508581271072716,1.584596570725389,1.0
1000.0,500.0,10.0,1.4837559046358837,1.1355375270747443,1.2210437762933153,1.0
1000.0,500.0,10.0,1.423660517739756,1.0769056787242817,1.08398543500454,1.0
1000.0,500.0,10.0,0.6897947641069087,0.3653710066627662,0.4831074586539338,1.1
1000.0,500.0,10.0,1.334274104890075,1.0624416332111632,1.1367303102161117,1.1
1000.0,500.0,10.0,1.7305250052943892,1.7061498634055303,1.718461200597388,1.1
1000.0,500.0,10.0,0.7705969720710021,0.4666523288249559,0.5654360064712781,1.0
1000.0,500.0,10.0,1.6179231949176494,1.2846007979106726,1.3616581358681568,1.1
1000.0,500.0,10.0,2.716296833381461,2.716296833381461,2.716296833381461,1.1
1000.0,500.0,10.0,0.9323307593022464,0.6293339869085928,0.7308090287991302,1.0
1000.0,500.0,10.0,1.5891464035376872,1.5024652807960337,1.542123650467063,1.0
1000.0,500.0,10.0,1.0992989089833525,0.7812229066846568,0.7579055330565942,1.0
1000.0,500.0,10.0,0.7719319343103601,0.4941724232947548,0.6087725032515834,1.0
1000.0,500.0,10.0,0.4738831642855613,0.1137379085868359,0.2094791711143406,1.1
1000.0,500.0,10.0,1.2451952980993934,0.9766789223048626,1.06030866292573,1.0
1000.0,500.0,10.0,0.6373669824186439,0.2299984251119271,0.3371260275361365,1.0
1000.0,500.0,10.0,1.4447784355626028,1.2209075687953712,1.335304938423017,1.1
1000.0,500.0,10.0,0.9420866132635554,0.6534320661960293,0.7183841411539297,1.0
1000.0,500.0,10.0,1.203047590097872,0.8904255091686072,0.9683252629009212,1.1
1000.0,500.0,10.0,1.517302882312089,1.2512259043817844,1.329640216934719,1.1
1000.0,500.0,10.0,1.2963797005895343,0.99256652148131,1.0567871271450733,1.0
1000.0,500.0,10.0,0.5510785184093834,0.2175331538604649,0.2759547991261646,1.0
1000.0,500.0,10.0,1.0852870813162665,0.8174517334530281,0.8715790337699598,1.0
1000.0,500.0,10.0,1.71124263680843,1.5889206454646112,1.616725827346227,1.0
1000.0,500.0,10.0,2.3809984643071607,2.351874493786006,2.356529458754007,1.0
1000.0,500.0,10.0,1.1269094891519291,0.7417262343742299,0.8358220136919058,1.1
1000.0,500.0,10.0,0.5483562816758916,0.2380296261297744,0.2414566921806424,1.1
1000.0,500.0,10.0,1.1662435740641572,0.8152438701735376,0.8405567605675481,1.0
1000.0,500.0,10.0,0.9550281306028184,0.5995535183925189,0.6529099060601161,1.1
1000.0,500.0,10.0,0.927847726500065,0.599402212930968,0.6935594841411543,1.0
1000.0,500.0,10.0,1.5834998633823438,1.2164240468569354,1.2455423205210283,1.1
1500.0,500.0,0.5,1.099747809688598,1.0978214796157386,1.0978064827938374,1.1
1500.0,500.0,0.5,1.0806389425818987,1.0786335710146489,1.0792099180131247,1.1
1500.0,500.0,0.5,1.1260258591720833,1.1260258591720835,1.1260258591720835,1.1
1500.0,500.0,0.5,1.1063639696669585,1.1063639696669585,1.1063639696669585,1.1
1500.0,500.0,0.5,1.0843821016859632,1.084382101685963,1.0843100846315044,1.1
1500.0,500.0,0.5,1.0787568934886829,1.0740848595336685,1.0765057991788476,1.1
1500.0,500.0,0.5,1.1003489816262229,1.100348981626223,1.1001586820007376,1.1
1500.0,500.0,0.5,1.1169251629789256,1.1169251629789256,1.1169251629789256,1.1
1500.0,500.0,0.5,1.1105096738699145,1.1105096738699145,1.1105096738699145,1.1
1500.0,500.0,0.5,1.076332079631789,1.0749534807578045,1.0754903157913382,1.1
1500.0,500.0,0.5,1.025456121535252,1.015209003194686,1.0194904341180884,1.1
1500.0,500.0,0.5,1.0971783472500507,1.097178347250051,1.0969756669373518,1.1
1500.0,500.0,0.5,1.1044866121636154,1.1035656236770417,1.1039333681955927,1.1
1500.0,500.0,0.5,1.0767595085284585,1.070750600714966,1.0733087461000246,1.1
1500.0,500.0,0.5,1.1304344256448071,1.1304344256448071,1.1304344256448071,1.1
1500.0,500.0,0.5,1.13404115926427,1.13404115926427,1.13404115926427,1.1
1500.0,500.0,0.5,1.0856468906373031,1.073096055805316,1.073599274112519,1.1
1500.0,500.0,0.5,1.0743014740362662,1.073468201871927,1.0737290555705867,1.1
1500.0,500.0,0.5,1.0815273539283834,1.0815273539283832,1.081301965754048,1.1
1500.0,500.0,0.5,1.099370789677384,1.099370789677384,1.0993707896773837,1.1
1500.0,500.0,0.5,1.080332008083875,1.0803320080838748,1.0801490002940568,1.1
1500.0,500.0,0.5,1.100056181656387,1.097675657754951,1.0984065166822103,1.1
1500.0,500.0,0.5,1.1147519495296807,1.1147519495296807,1.1147519495296805,1.1
1500.0,500.0,0.5,1.0864643118697557,1.0852480860048423,1.0857771435597967,1.1
1500.0,500.0,0.5,1.0993830752980551,1.092376823652942,1.0952938066170868,1.1
1500.0,500.0,0.5,1.094340501836855,1.0933504702908263,1.093604927681776,1.1
1500.0,500.0,0.5,1.0781928008636026,1.0778065870104292,1.0781928008636024,1.1
1500.0,500.0,0.5,1.1517698558695595,1.1517698558695595,1.1517698558695593,1.1
1500.0,500.0,0.5,1.0590388572597975,1.051113472529668,1.0549902707097727,1.1
1500.0,500.0,0.5,1.0934544030468287,1.091113540502903,1.0921794620815777,1.1
1500.0,500.0,0.5,1.115895534618495,1.115490645480944,1.1157423879824502,1.1
1500.0,500.0,0.5,1.0941591388546683,1.0933676423061165,1.094159138854668,1.1
1500.0,500.0,0.5,1.0737788304099922,1.0669007809478557,1.0698249766072545,1.1
1500.0,500.0,0.5,1.0907017182166168,1.090474817970588,1.0907017182166168,1.1
1500.0,500.0,0.5,1.120868806140929,1.119460655382158,1.1198174098455742,1.1
1500.0,500.0,0.5,1.1011514992292222,1.1006348528427268,1.100990060675318,1.1
1500.0,500.0,0.5,1.1001217130189795,1.1001217130189795,1.1001217130189798,1.1
1500.0,500.0,0.5,1.1133036349342014,1.1126223657128254,1.1124295158650632,1.1
1500.0,500.0,0.5,1.084855676310688,1.078973900137433,1.08105080801167,1.1
1500.0,500.0,0.5,1.150808825803963,1.150808825803963,1.150808825803963,1.1
1500.0,500.0,0.5,1.1130376529226038,1.1130376529226038,1.1130376529226036,1.1
1500.0,500.0,0.5,1.122592411209001,1.1223570484088603,1.122592411209001,1.1
1500.0,500.0,0.5,1.0965349252238588,1.096534925223859,1.0965349252238583,1.1
1500.0,500.0,0.5,1.0937081076748283,1.0932635771398291,1.093610006414169,1.1
1500.0,500.0,0.5,1.0859960691866908,1.0852514574485697,1.0855218233712276,1.1
1500.0,500.0,0.5,1.1297542967010883,1.1297542967010883,1.1295815249463592,1.1
1500.0,500.0,0.5,1.0884468449008675,1.0834362525380898,1.086308275340897,1.1
1500.0,500.0,0.5,1.0665307026496935,1.0662283201900846,1.066530702649694,1.1
1500.0,500.0,0.5,1.1243024448150132,1.1243024448150132,1.123986704337984,1.1
1500.0,500.0,0.5,1.1033029963254912,1.1023002483568112,1.1026591962571275,1.1
1500.0,500.0,1.0,1.0735272934955593,1.0653314417219162,1.0707098170068328,1.1
1500.0,500.0,1.0,1.0612778851637974,1.0347884835420822,1.0433722633288411,1.1
1500.0,500.0,1.0,1.1520517183441663,1.1520517183441663,1.151700266926564,1.1
1500.0,500.0,1.0,1.1127279393339164,1.1049450403321692,1.1069455959133736,1.1
1500.0,500.0,1.0,1.068764203371926,1.056729295340331,1.0645023348078515,1.1
1500.0,500.0,1.0,1.0575137869773654,1.0275023587673342,1.038495596677936,1.1
1500.0,500.0,1.0,1.1006979632524456,1.092279868570241,1.0948428305474187,1.1
1500.0,500.0,1.0,1.1338503259578512,1.1330217190795226,1.1334717560999354,1.1
1500.0,500.0,1.0,1.1210193477398285,1.118489902510746,1.1207692759127548,1.1
1500.0,500.0,1.0,1.052664159263578,1.0298991374354831,1.03637482537986,1.1
1500.0,500.0,1.0,0.9869128681465312,0.959938362422648,0.9692725225204448,1.0
1500.0,500.0,1.0,1.0943566945001015,1.0851218755189778,1.090013749856762,1.1
1500.0,500.0,1.0,1.1089732243272308,1.0898022841760282,1.0978767659536897,1.1
1500.0,500.0,1.0,1.0649399668803243,1.0360376423054702,1.0423613144320836,1.0
1500.0,500.0,1.0,1.1608688512896153,1.1592094988780168,1.1596878022777346,1.1
1500.0,500.0,1.0,1.1680823185285396,1.166337585765093,1.167272679134594,1.1
1500.0,500.0,1.0,1.1377980899656064,1.1198601958805892,1.1276929179651816,1.0
1500.0,500.0,1.0,1.0486029480725323,1.031831694299067,1.037292716239331,1.1
1500.0,500.0,1.0,1.0630547078567667,1.0582175183751874,1.0602307536959907,1.1
1500.0,500.0,1.0,1.0987415793547677,1.0919742770146836,1.0947322845527,1.1
1500.0,500.0,1.0,1.0606640161677496,1.049745962713314,1.057135166991081,1.1
1500.0,500.0,1.0,1.1001123633127734,1.0743411227113042,1.0843390532396164,1.1
1500.0,500.0,1.0,1.129503899059361,1.1289996973717034,1.128555458935957,1.1
1500.0,500.0,1.0,1.0729286237395108,1.0541158956959156,1.0588082158067182,1.1
1500.0,500.0,1.0,1.108962649942637,1.0791773659658803,1.0878593358514617,1.0
1500.0,500.0,1.0,1.08868100367371,1.0682122072744489,1.0769757164823903,1.1
1500.0,500.0,1.0,1.056385601727205,1.0402549251343614,1.046281179982815,1.1
1500.0,500.0,1.0,1.2035397117391191,1.203539711739119,1.2035397117391191,1.1
1500.0,500.0,1.0,1.041613706123904,1.0154500229589212,1.0174574884850591,1.0
1500.0,500.0,1.0,1.0869088060936574,1.062490290576816,1.0716606087799192,1.1
1500.0,500.0,1.0,1.1317910692369906,1.1192072259439485,1.1232498363021164,1.1
1500.0,500.0,1.0,1.088318277709336,1.0748700846068922,1.082558396327851,1.1
1500.0,500.0,1.0,1.0608504545685016,1.0332603288764586,1.0384049714942822,1.0
1500.0,500.0,1.0,1.081403436433233,1.072487812580576,1.0764862183398156,1.1
1500.0,500.0,1.0,1.141737612281858,1.1168662004566383,1.127074412317279,1.1
1500.0,500.0,1.0,1.1023029984584445,1.0914897980715423,1.0982117280361907,1.1
1500.0,500.0,1.0,1.1002434260379592,1.0961942716223412,1.0969494065298853,1.1
1500.0,500.0,1.0,1.1266072698684024,1.1107451454954906,1.113738155891826,1.1
1500.0,500.0,1.0,1.0807286770971385,1.052220004005615,1.056933812741916,1.0
1500.0,500.0,1.0,1.201617651607926,1.2016176516079258,1.201293501123848,1.1
1500.0,500.0,1.0,1.126075305845208,1.1189811540163042,1.1225976379537093,1.1
1500.0,500.0,1.0,1.145184822418002,1.1364655700644883,1.1433416533242078,1.1
1500.0,500.0,1.0,1.0930698504477174,1.0876558056730043,1.088038048765218,1.1
1500.0,500.0,1.0,1.0874162153496572,1.0755006701218808,1.0825364664427828,1.1
1500.0,500.0,1.0,1.071992138373382,1.0577873533000166,1.0622192608712908,1.1
1500.0,500.0,1.0,1.159508593402177,1.1583154972771623,1.1581721350197305,1.1
1500.0,500.0,1.0,1.076893689801735,1.048393825717094,1.052812194329597,1.1
1500.0,500.0,1.0,1.0330614052993874,1.0235440832470384,1.0292461519004212,1.1
1500.0,500.0,1.0,1.1486048896300265,1.1440036579496011,1.1426621635148255,1.1
1500.0,500.0,1.0,1.106605992650983,1.087498184719194,1.093521037627352,1.1
1500.0,500.0,1.5,1.0602909402433387,1.0385501764839469,1.0488463653701272,1.1
1500.0,500.0,1.5,1.0423418239411435,0.9986251929012162,0.9989564765560004,1.0
1500.0,500.0,1.5,1.17807757751625,1.17807757751625,1.177157252788939,1.1
1500.0,500.0,1.5,1.1190919090008749,1.0943908466310954,1.1036402230469935,1.1
1500.0,500.0,1.5,1.0531463050578886,1.0233805254453752,1.0340961399991688,1.1
1500.0,500.0,1.5,1.0362706804660482,0.9865661980560504,0.9953592980335692,1.1
1500.0,500.0,1.5,1.1010469448786684,1.0783152701999834,1.0827113083060385,1.1
1500.0,500.0,1.5,1.1507754889367765,1.1449137343955238,1.1494572855262044,1.1
1500.0,500.0,1.5,1.131529021609743,1.1214811065497827,1.1271340605987912,1.1
1500.0,500.0,1.5,1.0289962388953668,0.988320905469448,0.9862906041699184,1.1
1500.0,500.0,1.5,0.980369302219797,0.9510614767340356,0.9658872237481212,1.0
1500.0,500.0,1.5,1.091535041750152,1.0665723598419874,1.080324169867093,1.1
1500.0,500.0,1.5,1.113459836490846,1.0735331026849817,1.0867157944222072,1.1
1500.0,500.0,1.5,1.0974099503204866,1.0593492721726911,1.076315920106175,1.0
1500.0,500.0,1.5,1.1913032769344232,1.1861361467974076,1.1868481214991515,1.1
1500.0,500.0,1.5,1.2021234777928094,1.198963409055611,1.200909018701891,1.1
1500.0,500.0,1.5,1.2066971349484097,1.1915631044386572,1.1977842357626205,1.0
1500.0,500.0,1.5,1.0229044221087982,0.986298750380518,0.9960429912109954,1.1
1500.0,500.0,1.5,1.0445820617851498,1.0271270700356885,1.033048741905822,1.1
1500.0,500.0,1.5,1.0981123690321513,1.0816671120761832,1.0880417820997583,1.1
1500.0,500.0,1.5,1.0409960242516243,1.0151376123448383,1.029620845744557,1.1
1500.0,500.0,1.5,1.10016854496916,1.056896523782458,1.0647674053207192,1.1
1500.0,500.0,1.5,1.144255848589042,1.1423167122272806,1.1422755703311689,1.1
1500.0,500.0,1.5,1.0593929356092664,1.0210226388478112,1.0221241603862292,1.1
1500.0,500.0,1.5,1.1634439749139556,1.1258567821686492,1.1424245909423696,1.0
1500.0,500.0,1.5,1.0830215055105648,1.042600537200997,1.0546084157169116,1.1
1500.0,500.0,1.5,1.0345784025908078,0.999179549297924,1.0091068160694787,1.1
1500.0,500.0,1.5,1.2553095676086783,1.2528978557336474,1.254941794275101,1.1
1500.0,500.0,1.5,1.062420559185856,1.0327761583843118,1.0421721407717923,1.0
1500.0,500.0,1.5,1.0803632091404858,1.0360609188610923,1.0421929407238617,1.1
1500.0,500.0,1.5,1.1476866038554858,1.117716606121859,1.1272697196972412,1.1
1500.0,500.0,1.5,1.0824774165640043,1.048677712346457,1.064110874563302,1.1
1500.0,500.0,1.5,1.0912756818527525,1.0575249574185248,1.0683616356785517,1.0
1500.0,500.0,1.5,1.0721051546498497,1.0478842969321085,1.0570470829417158,1.1
1500.0,500.0,1.5,1.162606418422787,1.119324681692484,1.1227430318730236,1.1
1500.0,500.0,1.5,1.1034544976876663,1.074193875814424,1.0884523671675996,1.1
1500.0,500.0,1.5,1.100365139056939,1.0885879462342358,1.090116508348938,1.1
1500.0,500.0,1.5,1.1399109048026037,1.1016485047446958,1.1065098485196607,1.1
1500.0,500.0,1.5,1.1210930156457075,1.0837105964888183,1.1009318567508437,1.0
1500.0,500.0,1.5,1.2524264774118887,1.2497364690207606,1.2507053351311737,1.1
1500.0,500.0,1.5,1.1391129587678122,1.1211368272787516,1.130779751189165,1.1
1500.0,500.0,1.5,1.1677772336270025,1.1455591420199718,1.1584394472603698,1.1
1500.0,500.0,1.5,1.089604775671576,1.0696694884878064,1.0764686769314888,1.1
1500.0,500.0,1.5,1.0811243230244858,1.0542274573143,1.0665521325721046,1.1
1500.0,500.0,1.5,1.057988207560073,1.0235163360752402,1.0328320895895682,1.1
1500.0,500.0,1.5,1.1892628901032656,1.181574957159551,1.1847531785773866,1.1
1500.0,500.0,1.5,1.103036581916923,1.064185664373542,1.0700702236229531,1.0
1500.0,500.0,1.5,0.9995921079490812,0.9735863912417352,0.9854367489878524,1.1
1500.0,500.0,1.5,1.1729073344450396,1.1573435203193438,1.159267311426852,1.1
1500.0,500.0,1.5,1.1099089889764748,1.0695812010489525,1.0794120899985324,1.1
1500.0,500.0,2.0,1.0470545869911183,1.0102467753003446,1.023563261078782,1.1
1500.0,500.0,2.0,1.0564557652548583,0.9994029038722916,1.0085684066747909,1.0
1500.0,500.0,2.0,1.2041034366883332,1.2023299396322424,1.2028763370519189,1.1
1500.0,500.0,2.0,1.1254558786678333,1.0855771077901322,1.101589653087489,1.1
1500.0,500.0,2.0,1.0375284067438515,0.990700346318344,1.0064379812175897,1.1
1500.0,500.0,2.0,1.0474886297219423,0.9823458447365492,0.990268282886982,1.0
1500.0,500.0,2.0,1.1013959265048912,1.064045263059482,1.0717655571557512,1.1
1500.0,500.0,2.0,1.1677006519157014,1.1575125454162758,1.162821373704414,1.1
1500.0,500.0,2.0,1.1420386954796569,1.1227375522696144,1.1340086405114902,1.1
1500.0,500.0,2.0,1.0230774739343296,0.968522589921659,0.9705152912380176,1.0
1500.0,500.0,2.0,0.9738257362930626,0.94026945622749,0.9588124685168956,1.0
1500.0,500.0,2.0,1.0887133890002028,1.0492843244478656,1.0688858356919355,1.1
1500.0,500.0,2.0,1.1179464486544612,1.058786491352914,1.0738582963381498,1.1
1500.0,500.0,2.0,1.1298799337606489,1.0859713141886176,1.1082613567495778,1.0
1500.0,500.0,2.0,1.221737702579231,1.2105351805474909,1.2131287858180777,1.1
1500.0,500.0,2.0,1.2361646370570791,1.2288162280052,1.2332103740988865,1.1
1500.0,500.0,2.0,1.275596179931213,1.2605843053510626,1.2667030770599097,1.0
1500.0,500.0,2.0,0.9972058961450644,0.9414574893952108,0.951857194386558,1.1
1500.0,500.0,2.0,1.026109415713533,0.9962094628917084,1.007492074966281,1.1
1500.0,500.0,2.0,1.0974831587095348,1.0672513547466296,1.0793424857931695,1.1
1500.0,500.0,2.0,1.0213280323354992,0.9802922478846912,0.9995506135614802,1.1
1500.0,500.0,2.0,1.124584028015352,1.0675332944661715,1.06917114688101,1.0
1500.0,500.0,2.0,1.1590077981187226,1.1536076120930645,1.1561175610296106,1.1
1500.0,500.0,2.0,1.0458572474790218,0.9922067789535672,0.9855922863091202,1.1
1500.0,500.0,2.0,1.217925299885274,1.1762756612417633,1.19941067835522,1.0
1500.0,500.0,2.0,1.0773620073474195,1.0197513375017244,1.0312970100748464,1.1
1500.0,500.0,2.0,1.01277120345441,0.959515980648418,0.9708821110539704,1.1
1500.0,500.0,2.0,1.307079423478238,1.3038638076448628,1.3064359305856292,1.1
1500.0,500.0,2.0,1.083227412247808,1.0526997648751766,1.0612954085347333,1.0
1500.0,500.0,2.0,1.085132962502536,1.0257045097316004,1.0246759568551014,1.0
1500.0,500.0,2.0,1.1635821384739813,1.116118185323114,1.1243327198638018,1.1
1500.0,500.0,2.0,1.076636555418672,1.0259719176852444,1.041431646120578,1.1
1500.0,500.0,2.0,1.1217009091370036,1.0834744974634436,1.097665621115775,1.0
1500.0,500.0,2.0,1.062806872866466,1.0223005586186318,1.0337992571192418,1.1
1500.0,500.0,2.0,1.198609476708067,1.1412933810122845,1.1499484678733185,1.0
1500.0,500.0,2.0,1.1046059969168882,1.056558036039003,1.076933352895422,1.1
1500.0,500.0,2.0,1.1004868520759183,1.0749705647876504,1.0827398787729217,1.1
1500.0,500.0,2.0,1.1532145397368043,1.0960980133930034,1.098939399019845,1.1
1500.0,500.0,2.0,1.161457354194277,1.1190509775580015,1.1438481031749732,1.0
1500.0,500.0,2.0,1.3032353032158517,1.298407812709383,1.3002843347278832,1.1
1500.0,500.0,2.0,1.152150611690416,1.1214683531644287,1.1362931871188444,1.1
1500.0,500.0,2.0,1.1903696448360033,1.1553075192284294,1.1724616092327118,1.1
1500.0,500.0,2.0,1.0861397008954348,1.052527902541487,1.0644618541212945,1.1
1500.0,500.0,2.0,1.0748324306993144,1.0319937898654366,1.047701367151369,1.1
1500.0,500.0,2.0,1.0439842767467638,0.9924003609080456,1.0036949117464968,1.1
1500.0,500.0,2.0,1.219017186804354,1.2060718712708287,1.2087037524684434,1.1
1500.0,500.0,2.0,1.1373821092225638,1.0907883180998983,1.1041497622382133,1.0
1500.0,500.0,2.0,0.9661228105987748,0.9214654159779492,0.9422999921581852,1.1
1500.0,500.0,2.0,1.197209779260053,1.167654281339133,1.1720320972498208,1.1
1500.0,500.0,2.0,1.1132119853019666,1.0548552517968337,1.0634365895039992,1.1
1500.0,500.0,2.5,1.033818233738898,0.9797123076824668,1.0004290069228825,1.1
1500.0,500.0,2.5,1.0705697065685726,1.0014045631795112,1.020019927491308,1.0
1500.0,500.0,2.5,1.2301292958604164,1.2268864549468812,1.228595421314898,1.1
1500.0,500.0,2.5,1.1318198483347912,1.0761191169797166,1.0975066431328262,1.1
1500.0,500.0,2.5,1.0219105084298143,0.958423788858615,0.9791958473924304,1.1
1500.0,500.0,2.5,1.059360787152428,0.9798934776638027,0.999915245667932,1.0
1500.0,500.0,2.5,1.101744908131114,1.0458687197176717,1.0585952555923073,1.1
1500.0,500.0,2.5,1.1846258148946265,1.170564075657997,1.176264299500389,1.1
1500.0,500.0,2.5,1.1525483693495713,1.1251055535007826,1.1403099761180904,1.1
1500.0,500.0,2.5,1.028846842417912,0.9624552895350692,0.9694271565776612,1.0
1500.0,500.0,2.5,0.9672821703663284,0.9335360971398128,0.9531820557798536,1.0
1500.0,500.0,2.5,1.0858917362502534,1.0304249014038442,1.0578931991768927,1.1
1500.0,500.0,2.5,1.1224330608180768,1.0460854510454505,1.0631409975624115,1.1
1500.0,500.0,2.5,1.162349917200811,1.118349526527859,1.1399305321161883,1.0
1500.0,500.0,2.5,1.2521721282240388,1.2352121901304425,1.23883554240367,1.1
1500.0,500.0,2.5,1.270205796321349,1.259602020970154,1.2660380771032973,1.1
1500.0,500.0,2.5,1.344495224914016,1.3330014582322522,1.336053049172052,1.0
1500.0,500.0,2.5,0.9715073701813304,0.8987937559576595,0.9084203244188968,1.1
1500.0,500.0,2.5,1.0076367696419164,0.9660058262767144,0.979876515439377,1.1
1500.0,500.0,2.5,1.0968539483869186,1.0521440007630445,1.067682650508492,1.1
1500.0,500.0,2.5,1.0016600404193738,0.9439144409138298,0.9669933031489678,1.1
1500.0,500.0,2.5,1.15573003501919,1.0863194139591148,1.0957363354714833,1.0
1500.0,500.0,2.5,1.1737597476484032,1.1637750424146334,1.1697208948841846,1.1
1500.0,500.0,2.5,1.0391623301039594,0.9720465657567052,0.9813125472720656,1.0
1500.0,500.0,2.5,1.2724066248565928,1.2274106193842336,1.2520866071769394,1.0
1500.0,500.0,2.5,1.071702509184275,0.99766531057732,1.0090209224930375,1.1
1500.0,500.0,2.5,0.9909640043180126,0.9205892952488716,0.930927419032591,1.1
1500.0,500.0,2.5,1.358849279347797,1.3532093650223391,1.3571980279836968,1.1
1500.0,500.0,2.5,1.10403426530976,1.0713853629211771,1.0825962121652846,1.0
1500.0,500.0,2.5,1.1064162031281704,1.033258361486146,1.0390840531790462,1.0
1500.0,500.0,2.5,1.1794776730924763,1.1165262712326711,1.1247276780080564,1.1
1500.0,500.0,2.5,1.0707956942733403,1.003380258494338,1.0177853224627744,1.1
1500.0,500.0,2.5,1.1521261364212545,1.1106139727098854,1.127536509165498,1.0
1500.0,500.0,2.5,1.053508591083082,0.9952338441689892,1.012798557755772,1.1
1500.0,500.0,2.5,1.248261845885084,1.178453404521756,1.1958016517373795,1.0
1500.0,500.0,2.5,1.10575749614611,1.0409969149400986,1.066686247374751,1.1
1500.0,500.0,2.5,1.100608565094898,1.0619736803304367,1.0762574092899344,1.1
1500.0,500.0,2.5,1.1665181746710056,1.0918685684799023,1.0923042514676509,1.1
1500.0,500.0,2.5,1.201821692742846,1.1549323729811072,1.1812790642468367,1.0
1500.0,500.0,2.5,1.3540441290198144,1.3458626944133658,1.349732710943454,1.1
1500.0,500.0,2.5,1.1651882646130205,1.1200276156194051,1.138077741892091,1.1
1500.0,500.0,2.5,1.2129620560450045,1.1618657495041664,1.1863288613551275,1.1
1500.0,500.0,2.5,1.0826746261192932,1.0341772156965323,1.0497085139221491,1.1
1500.0,500.0,2.5,1.0685405383741429,1.0086365175236949,1.0311673063516045,1.1
1500.0,500.0,2.5,1.0299803459334549,0.9624422463244884,0.9687115339773192,1.1
1500.0,500.0,2.5,1.2487714835054426,1.2283460402130812,1.231927571683434,1.1
1500.0,500.0,2.5,1.1717276365282048,1.11748382886144,1.1376286040216033,1.0
1500.0,500.0,2.5,0.9326535132484682,0.8718167161578528,0.897834453051001,1.1
1500.0,500.0,2.5,1.2215122240750658,1.1754741132161195,1.1865246040288069,1.1
1500.0,500.0,2.5,1.1165149816274584,1.0414008800647103,1.0503386910381498,1.1
1500.0,500.0,3.0,1.0205818804866775,0.9498746781512892,0.9750580037524544,1.1
1500.0,500.0,3.0,1.0846836478822874,1.0045427719879023,1.0281417978087697,1.0
1500.0,500.0,3.0,1.2561551550324996,1.252263745936258,1.2543145055778773,1.1
1500.0,500.0,3.0,1.1381838180017492,1.0675814527344016,1.0922573286414474,1.1
1500.0,500.0,3.0,1.0062926101157772,0.9284030931532412,0.9504648246856086,1.1
1500.0,500.0,3.0,1.0712329445829136,0.9786170902943276,1.0030550889441594,1.0
1500.0,500.0,3.0,1.102093889757337,1.0317013886454658,1.0482322309252723,1.1
1500.0,500.0,3.0,1.201550977873552,1.1816505327709976,1.189705748636932,1.1
1500.0,500.0,3.0,1.1630580432194857,1.12533337194777,1.1457077275249132,1.1
1500.0,500.0,3.0,1.0346162109014942,0.95759896068222,0.9675355641011256,1.0
1500.0,500.0,3.0,0.9607386044395938,0.925597081953148,0.9464824048544604,1.0
1500.0,500.0,3.0,1.083070083500304,1.0134504111772489,1.0437555593387942,1.1
1500.0,500.0,3.0,1.1269196729816922,1.0340872212555647,1.0496688455993557,1.1
1500.0,500.0,3.0,1.1948199006409728,1.1472134705466608,1.171770808904748,1.0
1500.0,500.0,3.0,1.2826065538688467,1.2602032675011572,1.264218821326916,1.1
1500.0,500.0,3.0,1.3042469555856184,1.2858279775550443,1.2989451421823446,1.1
1500.0,500.0,3.0,1.4133942698968194,1.4003845772478178,1.4038105150282454,1.0
1500.0,500.0,3.0,0.9458088442175964,0.8572150178020821,0.864678394918147,1.1
1500.0,500.0,3.0,0.9891641235702996,0.934011191735752,0.9529248681628278,1.1
1500.0,500.0,3.0,1.096224738064302,1.0388307753487107,1.0578741434900203,1.1
1500.0,500.0,3.0,0.9819920485032484,0.906557765699432,0.93431281365806,1.1
1500.0,500.0,3.0,1.186876042023028,1.1065052011967809,1.123915491191174,1.0
1500.0,500.0,3.0,1.1885116971780838,1.1746808274933749,1.1824627852636829,1.1
1500.0,500.0,3.0,1.0469947961247514,0.967205807464919,0.9836476624141836,1.0
1500.0,500.0,3.0,1.3268879498279111,1.2755217575064737,1.3050222959901647,1.0
1500.0,500.0,3.0,1.0660430110211294,0.9764148078671432,0.9860356123283296,1.1
1500.0,500.0,3.0,0.9691568051816152,0.8829067412551729,0.8915974991553456,1.1
1500.0,500.0,3.0,1.410619135217357,1.402917893643665,1.4082633563649616,1.1
1500.0,500.0,3.0,1.124841118371712,1.0935911015230984,1.103550255916823,1.0
1500.0,500.0,3.0,1.1276994437538042,1.0414394276053898,1.0525208296529178,1.0
1500.0,500.0,3.0,1.1953732077109718,1.1158376570756956,1.1227431543135005,1.1
1500.0,500.0,3.0,1.0649548331280083,0.9809094020513734,0.991992688782868,1.1
1500.0,500.0,3.0,1.1825513637055052,1.1379027697404582,1.1561255458595312,1.0
1500.0,500.0,3.0,1.0442103092996986,0.9707071163777268,0.9868797123741828,1.1
1500.0,500.0,3.0,1.2979142150621006,1.2174767029740343,1.239834498963901,1.0
1500.0,500.0,3.0,1.106908995375332,1.027383267306571,1.054909148224887,1.1
1500.0,500.0,3.0,1.1007302781138777,1.0507152109135265,1.0685282847090944,1.1
1500.0,500.0,3.0,1.1798218096052069,1.0878078568536045,1.0839659522277567,1.1
1500.0,500.0,3.0,1.2421860312914157,1.192296467502992,1.2215115808507886,1.0
1500.0,500.0,3.0,1.4048529548237774,1.3917358125567183,1.398596504043714,1.1
1500.0,500.0,3.0,1.1782259175356242,1.1180727154031789,1.1394132132387311,1.1
1500.0,500.0,3.0,1.2355544672540049,1.169592542018531,1.201067302220622,1.1
1500.0,500.0,3.0,1.079209551343152,1.017827292602983,1.037337814223942,1.1
1500.0,500.0,3.0,1.0622486460489715,0.9855859882819616,1.0114815177732517,1.1
1500.0,500.0,3.0,1.0159764151201456,0.9330246289397376,0.9352333923977572,1.1
1500.0,500.0,3.0,1.278525780206531,1.2486481876284654,1.253169334545138,1.1
1500.0,500.0,3.0,1.2060731638338456,1.146476928968466,1.169520147827878,1.0
1500.0,500.0,3.0,0.899184215898162,0.8207803248247026,0.8523380184470947,1.1
1500.0,500.0,3.0,1.245814668890079,1.1836665738437009,1.201109934208412,1.1
1500.0,500.0,3.0,1.1198179779529502,1.0279643027703256,1.0376609194096913,1.1
1500.0,500.0,4.0,0.9941091739822366,0.8910370366944976,0.9262434095744292,1.1
1500.0,500.0,4.0,1.1129115305097166,1.013495694543615,1.0502204408176858,1.0
1500.0,500.0,4.0,1.3082068733766663,1.3030183279150105,1.3052085020326218,1.1
1500.0,500.0,4.0,1.1509117573356658,1.0503955100026028,1.0826329526786669,1.1
1500.0,500.0,4.0,0.9750568134877028,0.8672707493705558,0.8898260498450992,1.1
1500.0,500.0,4.0,1.094977259443885,0.9764565724965382,1.0133392716719,1.0
1500.0,500.0,4.0,1.1027918530097824,1.0033947840687336,1.0194599140421083,1.1
1500.0,500.0,4.0,1.2354013038314022,1.207004058176068,1.2187279821876185,1.1
1500.0,500.0,4.0,1.184077390959314,1.1218942381593755,1.1561475402182315,1.1
1500.0,500.0,4.0,1.0461549478686591,0.9478985206961174,0.9648627544827876,1.0
1500.0,500.0,4.0,0.9476514725861254,0.9042687288089436,0.9313123777109598,1.0
1500.0,500.0,4.0,1.077426778000405,0.9792890918508,1.0149482212183307,1.1
1500.0,500.0,4.0,1.1358928973089224,1.0116772989461258,1.0228450336058832,1.1
1500.0,500.0,4.0,1.259759867521297,1.2001536211627752,1.2326595444327575,1.0
1500.0,500.0,4.0,1.3434754051584623,1.30615547446147,1.313705274047201,1.1
1500.0,500.0,4.0,1.3723292741141575,1.3396887547896386,1.362343174825732,1.1
1500.0,500.0,4.0,1.551192359862426,1.5393215677393384,1.5447513142026763,1.0
1500.0,500.0,4.0,0.9091435072361752,0.7900142768989988,0.8043052956744302,1.0
1500.0,500.0,4.0,0.952218831427066,0.8691911244874835,0.8984140024950897,1.1
1500.0,500.0,4.0,1.0949663174190696,1.0110871417571865,1.0378707192533594,1.1
1500.0,500.0,4.0,0.9426560646709982,0.8358866863952727,0.8738238624861385,1.1
1500.0,500.0,4.0,1.249168056030704,1.1476172502829198,1.1719825117915146,1.0
1500.0,500.0,4.0,1.218015596237445,1.1960036936446536,1.2077129197802707,1.1
1500.0,500.0,4.0,1.0626597281663352,0.9600209950988192,0.9819790378468004,1.0
1500.0,500.0,4.0,1.4358505997705486,1.3730036157030132,1.409500084481831,1.0
1500.0,500.0,4.0,1.0830779009322034,0.9636349579042468,0.9520976836978148,1.0
1500.0,500.0,4.0,0.9255424069088202,0.8092115347135995,0.8163860589140414,1.1
1500.0,500.0,4.0,1.5141588469564755,1.500281816217281,1.5076988772886348,1.1
1500.0,500.0,4.0,1.166454824495616,1.130959622694799,1.1424110871828397,1.0
1500.0,500.0,4.0,1.1702659250050724,1.0594292707903326,1.0774186639171135,1.0
1500.0,500.0,4.0,1.2271642769479625,1.1174767302044926,1.1182953103707196,1.1
1500.0,500.0,4.0,1.053273110837344,0.9377404821603486,0.943614988073807,1.1
1500.0,500.0,4.0,1.2434018182740068,1.190719356554386,1.2109434906671432,1.0
1500.0,500.0,4.0,1.0256137457329313,0.921683329753976,0.940341601961439,1.1
1500.0,500.0,4.0,1.397218953416134,1.2960219999450668,1.3288563164706364,1.0
1500.0,500.0,4.0,1.109211993833776,0.9986213462963692,1.0353538532547897,1.1
1500.0,500.0,4.0,1.1009737041518366,1.0261117103641502,1.0518769437051565,1.1
1500.0,500.0,4.0,1.2064290794736086,1.08240281876181,1.074786250982067,1.1
1500.0,500.0,4.0,1.3229147083885535,1.262677320192715,1.300840647721232,1.0
1500.0,500.0,4.0,1.5064706064317028,1.486898129694004,1.4956296145088486,1.1
1500.0,500.0,4.0,1.204301223380832,1.1135270773535424,1.1426329820719192,1.1
1500.0,500.0,4.0,1.2807392896720065,1.1821474641961152,1.2272557089218277,1.1
1500.0,500.0,4.0,1.072279401790869,0.9804366902493864,1.0086084018584212,1.1
1500.0,500.0,4.0,1.0496648613986288,0.94084030477464,0.9735555570937864,1.1
1500.0,500.0,4.0,0.9879685534935274,0.8759026015037638,0.8645470852364343,1.1
1500.0,500.0,4.0,1.338034373608708,1.2889259133129534,1.3015763112566057,1.1
1500.0,500.0,4.0,1.2747642184451276,1.2014805854724206,1.232942489916324,1.0
1500.0,500.0,4.0,0.8322456211975492,0.7216716969745917,0.7592213014326616,1.1
1500.0,500.0,4.0,1.2944195585201057,1.2059279037129598,1.2223033823315663,1.1
1500.0,500.0,4.0,1.151433730854421,1.0283603268277104,1.0331618151091506,1.0
1500.0,500.0,5.0,0.9676364674777956,0.8363885562419318,0.8805314694707718,1.1
1500.0,500.0,5.0,1.1411394131371455,1.020619765691264,1.068080627391895,1.0
1500.0,500.0,5.0,1.360258591720833,1.353772909893763,1.3551842504588203,1.1
1500.0,500.0,5.0,1.163639696669582,1.033628761339731,1.0730343456716076,1.1
1500.0,500.0,5.0,0.9438210168596282,0.8062601678945122,0.8273832378926378,1.1
1500.0,500.0,5.0,1.118721574304856,0.9748729053737184,1.0241634367322232,1.0
1500.0,500.0,5.0,1.1034898162622282,0.9761866407851276,0.9929781271896126,1.1
1500.0,500.0,5.0,1.2692516297892529,1.2270846747570063,1.2479658824296165,1.1
1500.0,500.0,5.0,1.2050967386991422,1.1204768433944297,1.1685940324240274,1.1
1500.0,500.0,5.0,1.0576936848358238,0.939692089224024,0.9635771157076782,1.0
1500.0,500.0,5.0,0.9345643407326564,0.8871540067145057,0.91710051759354,1.0
1500.0,500.0,5.0,1.0717834725005069,0.9452661458900362,0.9887638610592536,1.1
1500.0,500.0,5.0,1.1458792673976532,0.9907624379057264,1.001693987528262,1.0
1500.0,500.0,5.0,1.3246998344016216,1.2536306144650362,1.2937167903194071,1.0
1500.0,500.0,5.0,1.4043442564480784,1.3499416188391735,1.3631293217660732,1.1
1500.0,500.0,5.0,1.440411592642697,1.3959722826978085,1.4250405149937555,1.1
1500.0,500.0,5.0,1.6889904498280326,1.677009347986936,1.6837284195679625,1.0
1500.0,500.0,5.0,0.8864293840452189,0.7376778610899477,0.7636561149750466,1.0
1500.0,500.0,5.0,0.9152735392838324,0.8057279175623067,0.8423150851123204,1.1
1500.0,500.0,5.0,1.0937078967738367,0.982544859790954,1.0180078152318646,1.1
1500.0,500.0,5.0,0.9033200808387476,0.7677209865681518,0.8128768559048547,1.1
1500.0,500.0,5.0,1.3114600700383798,1.1884472457027413,1.2212957648879963,1.0
1500.0,500.0,5.0,1.247519495296806,1.2172089493722364,1.231536611002837,1.1
1500.0,500.0,5.0,1.0783246602079193,0.953747070561515,0.9807304467437512,1.0
1500.0,500.0,5.0,1.5448132497131857,1.4756887975355313,1.5135886899863156,1.0
1500.0,500.0,5.0,1.1038473761652543,0.9561501549148016,0.95286421064214,1.0
1500.0,500.0,5.0,0.8819280086360253,0.7360573622530598,0.736095319019317,1.1
1500.0,500.0,5.0,1.6176985586955943,1.5989181429007024,1.607542385009665,1.1
1500.0,500.0,5.0,1.2080685306195198,1.164710350268793,1.1811628222433153,1.0
1500.0,500.0,5.0,1.2128324062563407,1.0789814512446012,1.1048899030535035,1.0
1500.0,500.0,5.0,1.2589553461849532,1.1197525878969896,1.1175368253628524,1.1
1500.0,500.0,5.0,1.04159138854668,0.8961650470070206,0.8953083843283768,1.1
1500.0,500.0,5.0,1.3042522728425086,1.2430028766047496,1.2661355535492442,1.0
1500.0,500.0,5.0,1.0070171821661642,0.8733428417362122,0.8908318814510529,1.1
1500.0,500.0,5.0,1.4965236917701676,1.3719095792869531,1.414576144342067,1.0
1500.0,500.0,5.0,1.11151499229222,0.9714911033743968,1.0139351463430233,1.1
1500.0,500.0,5.0,1.1012171301897955,1.0027614266552929,1.0388184998175285,1.1
1500.0,500.0,5.0,1.2426264904001818,1.0872991222578927,1.100506561504628,1.0
1500.0,500.0,5.0,1.4036433854856922,1.3351944536413325,1.379212696937684,1.0
1500.0,500.0,5.0,1.6080882580396283,1.5811382313497788,1.593808959488158,1.1
1500.0,500.0,5.0,1.2303765292260405,1.1106064369834057,1.1513722635933472,1.1
1500.0,500.0,5.0,1.325924112090008,1.2001324772485291,1.2533899706177078,1.1
1500.0,500.0,5.0,1.0653492522385863,0.9464484762634908,0.980818983260187,1.1
1500.0,500.0,5.0,1.0370810767482856,0.8962394105467903,0.9389381658299756,1.1
1500.0,500.0,5.0,0.9839980546000932,0.8439800051322551,0.860256635916019,1.0
1500.0,500.0,5.0,1.3975429670108852,1.3292288378908808,1.3493251625499894,1.1
1500.0,500.0,5.0,1.3434552730564095,1.260181017973371,1.2973215910533358,1.0
1500.0,500.0,5.0,0.7653070264969364,0.6214836861400778,0.6687708091862219,1.1
1500.0,500.0,5.0,1.3430244481501314,1.2263963199713717,1.2503163002704551,1.1
1500.0,500.0,5.0,1.1892921635680258,1.0357171059232124,1.04781700244024,1.0
1500.0,500.0,6.0,0.9411637609733547,0.7798428778199182,0.8330040432850917,1.1
1500.0,500.0,6.0,1.1693672957645749,1.03026212956421,1.0848217294394171,1.0
1500.0,500.0,6.0,1.4123103100649992,1.4023404875190153,1.4062211005505842,1.1
1500.0,500.0,6.0,1.1763676360034985,1.0161318732973084,1.0638978861619175,1.1
1500.0,500.0,6.0,0.9125852202315538,0.7458994073743395,0.7645373327693783,1.1
1500.0,500.0,6.0,1.1424658891658273,0.9727380170453496,1.0340775646859033,1.0
1500.0,500.0,6.0,1.1041877795146735,0.9494403987869308,0.965546974201821,1.1
1500.0,500.0,6.0,1.303101955747103,1.2486704149203822,1.2756670687941192,1.1
1500.0,500.0,6.0,1.2261160864389709,1.121650575652084,1.1794840213216706,1.1
1500.0,500.0,6.0,1.0692324218029885,0.9317223907731504,0.965750558229882,1.0
1500.0,500.0,6.0,0.9214772088791876,0.8659885840817512,0.9005206211122482,1.0
1500.0,500.0,6.0,1.066140167000608,0.910328570420731,0.9622821253748784,1.1
1500.0,500.0,6.0,1.1750551208771838,0.9894790519638536,1.0042282752923852,1.0
1500.0,500.0,6.0,1.389639801281946,1.3142117638648905,1.355433792500848,1.0
1500.0,500.0,6.0,1.465213107737694,1.3943511002079163,1.4114325301934154,1.1
1500.0,500.0,6.0,1.5084939111712363,1.45516673923737,1.4883462725529737,1.1
1500.0,500.0,6.0,1.826788539793639,1.814188666432236,1.8216182050224876,1.0
1500.0,500.0,6.0,0.8637152608542626,0.6856844060027817,0.7306538449957456,1.0
1500.0,500.0,6.0,0.8783282471405988,0.7418772257579623,0.7866339270270843,1.1
1500.0,500.0,6.0,1.092449476128604,0.9532862224987289,0.996464210969284,1.1
1500.0,500.0,6.0,0.863984097006497,0.69939760546255,0.7479382275750261,1.1
1500.0,500.0,6.0,1.373752084046056,1.2339433914912423,1.2718346209831446,1.0
1500.0,500.0,6.0,1.2770233943561675,1.2390041075909712,1.256473742781696,1.1
1500.0,500.0,6.0,1.093989592249503,0.9463380745096764,0.9834451576575765,1.0
1500.0,500.0,6.0,1.6537758996558227,1.5740530280660625,1.6215699723254873,1.0
1500.0,500.0,6.0,1.1246168513983053,0.948883507088936,0.9499446735601588,1.0
1500.0,500.0,6.0,0.8525426232537534,0.6776673228770462,0.6823943083587145,1.0
1500.0,500.0,6.0,1.7212382704347131,1.697043552590884,1.7061697743314628,1.1
1500.0,500.0,6.0,1.249682236743424,1.2040534984268214,1.219578721285489,1.0
1500.0,500.0,6.0,1.2553988875076088,1.1000464659977889,1.1303156226188933,1.0
1500.0,500.0,6.0,1.2907464154219437,1.122690910807466,1.1184915823877075,1.1
1500.0,500.0,6.0,1.029909666256016,0.8548377394917969,0.8533371962452474,1.1
1500.0,500.0,6.0,1.3651027274110104,1.2927616306513785,1.3238854282372818,1.0
1500.0,500.0,6.0,0.988420618599397,0.8233760107888654,0.8427556705377965,1.1
1500.0,500.0,6.0,1.595828430124201,1.45080674846742,1.5033058585571697,1.0
1500.0,500.0,6.0,1.1138179907506638,0.943473328730269,0.9940423183791878,1.1
1500.0,500.0,6.0,1.1014605562277549,0.97779070759861,1.021989009685806,1.1
1500.0,500.0,6.0,1.2911517884802175,1.1048623649967668,1.1261117078012042,1.0
1500.0,500.0,6.0,1.4843720625828307,1.4087464466681394,1.4575901004460865,1.0
1500.0,500.0,6.0,1.7097059096475542,1.6773658776197349,1.691549192779557,1.1
1500.0,500.0,6.0,1.2564518350712486,1.1074666737237775,1.1544018687744992,1.1
1500.0,500.0,6.0,1.3711089345080094,1.2145411441606289,1.2811626632230158,1.1
1500.0,500.0,6.0,1.0584191026863037,0.9123021668049855,0.953563123911943,1.1
1500.0,500.0,6.0,1.0244972920979427,0.8528917712378221,0.9000904545412323,1.1
1500.0,500.0,6.0,0.9807976655201118,0.8129860198984575,0.8421400302869376,1.0
1500.0,500.0,6.0,1.457051560413062,1.371708752298788,1.3950675984099137,1.1
1500.0,500.0,6.0,1.4121463276676915,1.3160591426691657,1.360882390096512,1.0
1500.0,500.0,6.0,0.6983684317963235,0.5233561065832931,0.5768692301429588,1.1
1500.0,500.0,6.0,1.391629337780158,1.250028243844209,1.2751851842236732,1.1
1500.0,500.0,6.0,1.227150596281631,1.043335635167927,1.0569648464040375,1.0
1500.0,500.0,7.0,0.914691054468914,0.7232817191766421,0.7856877968743438,1.1
1500.0,500.0,7.0,1.1975951783920036,1.0400406732835663,1.1036715377868012,1.0
1500.0,500.0,7.0,1.464362028409166,1.4527305687721843,1.4555697271044796,1.1
1500.0,500.0,7.0,1.1890955753374146,0.999404292072408,1.0543841760568176,1.1
1500.0,500.0,7.0,0.8813494236034792,0.6862338562265762,0.7030194496284308,1.1
1500.0,500.0,7.0,1.1662102040267983,0.9689160464223168,1.0409141206879773,1.0
1500.0,500.0,7.0,1.104885742767119,0.9229948695214414,0.9410848423496898,1.1
1500.0,500.0,7.0,1.3369522817049535,1.2720085141047284,1.3049449135931392,1.1
1500.0,500.0,7.0,1.2471354341787992,1.1230485311493636,1.1918059216366728,1.1
1500.0,500.0,7.0,1.0807711587701532,0.9226485897436716,0.9648891044586252,1.0
1500.0,500.0,7.0,0.9083900770257192,0.845325807391259,0.8865880694144309,1.0
1500.0,500.0,7.0,1.060496861500709,0.8766110383374895,0.9310915474877042,1.1
1500.0,500.0,7.0,1.2042309743567146,0.9882796649586224,1.0115413042743944,1.0
1500.0,500.0,7.0,1.45457976816227,1.3717880903068034,1.4172392650936083,1.0
1500.0,500.0,7.0,1.5260819590273098,1.4409016553216618,1.4599639392677344,1.1
1500.0,500.0,7.0,1.5765762296997758,1.5127432583719551,1.5510834831357496,1.1
1500.0,500.0,7.0,1.9645866297592456,1.949886777504275,1.9597961994541977,1.0
1500.0,500.0,7.0,0.8410011376633063,0.6340703486406628,0.689352986710065,1.0
1500.0,500.0,7.0,0.8413829549973655,0.6774348712486711,0.7308117403674552,1.1
1500.0,500.0,7.0,1.0911910554833713,0.925709883316948,0.9733490299081098,1.1
1500.0,500.0,7.0,0.8246481131742466,0.6298958721250465,0.6865081547176817,1.1
1500.0,500.0,7.0,1.436044098053732,1.2761737080999498,1.3210391528420564,1.0
1500.0,500.0,7.0,1.3065272934155283,1.2584546416593867,1.2825526999119787,1.1
1500.0,500.0,7.0,1.1096545242910874,0.9409943749037684,0.9859165665120824,1.0
1500.0,500.0,7.0,1.76273854959846,1.6710413565675557,1.7251649677130685,1.0
1500.0,500.0,7.0,1.1453863266313558,0.940962423465262,0.950966757608316,1.0
1500.0,500.0,7.0,0.8279663937960455,0.6241714768498539,0.6335810781206382,1.0
1500.0,500.0,7.0,1.824777982173832,1.794618886165776,1.8071980700533727,1.1
1500.0,500.0,7.0,1.291295942867328,1.2426462223479764,1.2571219465023715,1.0
1500.0,500.0,7.0,1.2979653687588768,1.121154840723959,1.1550984441911318,1.0
1500.0,500.0,7.0,1.3225374846589344,1.125592659763592,1.120551564774361,1.1
1500.0,500.0,7.0,1.018227943965352,0.81381380831671,0.8079612552312312,1.1
1500.0,500.0,7.0,1.4259531819795122,1.344332708407923,1.3778663329434957,1.0
1500.0,500.0,7.0,0.9698240550326296,0.7759222783636626,0.7970300433734274,1.1
1500.0,500.0,7.0,1.6951331684782347,1.529018392882104,1.5931816767393392,1.0
1500.0,500.0,7.0,1.116120989209108,0.9164942512015448,0.9712353550316568,1.1
1500.0,500.0,7.0,1.1017039822657142,0.951379239060015,1.0049552289566075,1.1
1500.0,500.0,7.0,1.3396770865602543,1.122748755631232,1.1518247143051863,1.0
1500.0,500.0,7.0,1.565100739679969,1.476870854446162,1.5351590599214917,1.0
1500.0,500.0,7.0,1.81132356125548,1.7687585258933245,1.7851133535796202,1.1
1500.0,500.0,7.0,1.2825271409164567,1.1035689201784595,1.160238140635704,1.1
1500.0,500.0,7.0,1.4162937569260108,1.231186891223498,1.3055206558673893,1.1
1500.0,500.0,7.0,1.0514889531340208,0.8772661809555939,0.9243423165559136,1.1
1500.0,500.0,7.0,1.0119135074476002,0.8097816120927608,0.865016652049602,1.1
1500.0,500.0,7.0,0.9775972764401306,0.7824407765095915,0.8179320082943644,1.0
1500.0,500.0,7.0,1.5165601538152391,1.413152901959649,1.4427536688905969,1.1
1500.0,500.0,7.0,1.480837382278973,1.369904564100423,1.4216508397966745,1.0
1500.0,500.0,7.0,0.631429837095711,0.4243042639027664,0.4885639414788204,1.1
1500.0,500.0,7.0,1.4402342274101845,1.270794645754873,1.2984694185891252,1.1
1500.0,500.0,7.0,1.265009028995236,1.051338033167561,1.0700549018161996,1.0
1500.0,500.0,8.0,0.888218347964473,0.6670411139836965,0.7394367992170662,1.1
1500.0,500.0,8.0,1.2258230610194327,1.0498050428449253,1.1274728015655322,1.0
1500.0,500.0,8.0,1.5164137467533327,1.5031206500253538,1.504528090476562,1.1
1500.0,500.0,8.0,1.2018235146713312,0.984075081369108,1.035518295104151,1.1
1500.0,500.0,8.0,0.8501136269754049,0.6269606167394983,0.6401092338942567,1.1
1500.0,500.0,8.0,1.1899545188877698,0.9661375254540958,1.048575161440821,1.0
1500.0,500.0,8.0,1.1055837060195648,0.8960413687524523,0.9137366334337704,1.1
1500.0,500.0,8.0,1.370802607662804,1.2949483922876688,1.3328596276715017,1.1
1500.0,500.0,8.0,1.2681547819186276,1.1238494812413715,1.2027281296769603,1.1
1500.0,500.0,8.0,1.0923098957373178,0.915064034697805,0.9618602777651536,1.0
1500.0,500.0,8.0,0.8953029451722502,0.831055581664252,0.8703863650450637,1.0
1500.0,500.0,8.0,1.05485355600081,0.8428291426654398,0.9009655348789576,1.1
1500.0,500.0,8.0,1.2334068278362451,0.9870798712562432,1.0196682279115237,1.0
1500.0,500.0,8.0,1.5195197350425946,1.4295121905969117,1.476201732483708,1.0
1500.0,500.0,8.0,1.5869508103169256,1.4853377043396905,1.507935158716292,1.1
1500.0,500.0,8.0,1.6446585482283151,1.5698971169022649,1.614527722736261,1.1
1500.0,500.0,8.0,2.102384719724852,2.0855848885763137,2.096909942233369,1.0
1500.0,500.0,8.0,0.8182870144723502,0.5829290581869104,0.6510813406794467,1.0
1500.0,500.0,8.0,0.8044376628541319,0.6126994583605339,0.6754044179124563,1.1
1500.0,500.0,8.0,1.0899326348381386,0.8981881242760721,0.9550356800215986,1.1
1500.0,500.0,8.0,0.785312129341996,0.5615117577783361,0.6217977362709473,1.1
1500.0,500.0,8.0,1.498336112061408,1.3171532335439955,1.369777774549074,1.0
1500.0,500.0,8.0,1.33603119247489,1.278995069584115,1.3086316570422614,1.1
1500.0,500.0,8.0,1.1253194563326712,0.934546666375645,0.985439722947086,1.0
1500.0,500.0,8.0,1.8717011995410973,1.7699539868608667,1.8295718718934069,1.0
1500.0,500.0,8.0,1.166155801864407,0.933575430542978,0.9480875984612148,1.0
1500.0,500.0,8.0,0.8033901643383379,0.5709226596681217,0.5844835974144469,1.0
1500.0,500.0,8.0,1.928317693912951,1.8852161585372116,1.9063326080365128,1.1
1500.0,500.0,8.0,1.3329096489912318,1.279102394422504,1.29948915196768,1.0
1500.0,500.0,8.0,1.3405318500101449,1.1404704523943543,1.181933041928246,1.0
1500.0,500.0,8.0,1.3543285538959249,1.1290161527465228,1.1175314192167536,1.1
1500.0,500.0,8.0,1.006546221674688,0.7728512868223065,0.759438179350786,1.1
1500.0,500.0,8.0,1.486803636548014,1.3951543623217575,1.4353853540818329,1.0
1500.0,500.0,8.0,0.9512274914658622,0.72704652914574,0.7504221916938796,1.1
1500.0,500.0,8.0,1.7944379068322682,1.6098301290701758,1.6781190353225963,1.0
1500.0,500.0,8.0,1.118423987667552,0.888844457198191,0.9524691354921456,1.1
1500.0,500.0,8.0,1.1019474083036735,0.928481836929985,0.9852735825253398,1.1
1500.0,500.0,8.0,1.3882023846402902,1.1406395622100427,1.1807335845993947,1.0
1500.0,500.0,8.0,1.6458294167771077,1.5541505310795785,1.613885148852142,1.0
1500.0,500.0,8.0,1.9129412128634056,1.8624994052505524,1.8834697204735025,1.1
1500.0,500.0,8.0,1.308602446761665,1.103374045308731,1.165504782913373,1.1
1500.0,500.0,8.0,1.4614785793440128,1.247932788250562,1.328955815863928,1.1
1500.0,500.0,8.0,1.044558803581738,0.8431308902022139,0.8982069292192535,1.1
1500.0,500.0,8.0,0.9993297227972572,0.7654454539586497,0.8320226126171023,1.1
1500.0,500.0,8.0,0.9743968873601492,0.7519745166715012,0.7959087779597015,1.0
1500.0,500.0,8.0,1.5760687472174164,1.4550249145054974,1.4908379947356172,1.1
1500.0,500.0,8.0,1.549528436890255,1.424109594351627,1.4818866740533416,1.0
1500.0,500.0,8.0,0.5644912423950983,0.3255030632254209,0.391620861682826,1.1
1500.0,500.0,8.0,1.4888391170402109,1.2925450924415989,1.3263522161756305,1.1
1500.0,500.0,8.0,1.3028674617088414,1.0588387251177207,1.0837195799467632,1.0
1500.0,500.0,9.0,0.8617456414600321,0.6118690718271921,0.6930224047490103,1.1
1500.0,500.0,9.0,1.254050943646862,1.059813077641965,1.1462864546609082,1.0
1500.0,500.0,9.0,1.5684654650974992,1.553510731278523,1.5550941017861322,1.1
1500.0,500.0,9.0,1.2145514540052478,0.96700303163523,1.026105733180162,1.1
1500.0,500.0,9.0,0.8188778303473307,0.5676977985154743,0.5789944162182674,1.1
1500.0,500.0,9.0,1.213698833748741,0.9619047161358576,1.0567858680974087,1.0
1500.0,500.0,9.0,1.1062816692720103,0.8698206188827342,0.8834772325508536,1.1
1500.0,500.0,9.0,1.4046529336206546,1.3157178144331412,1.3619670811304392,1.1
1500.0,500.0,9.0,1.289174129658456,1.1254750897522594,1.214251134684092,1.1
1500.0,500.0,9.0,1.1038486327044827,0.9068628944906252,0.9617823373654848,1.0
1500.0,500.0,9.0,0.8822158133187818,0.8121617139910043,0.8558044484550945,1.0
1500.0,500.0,9.0,1.049210250500911,0.8095214548413555,0.8725555018757825,1.1
1500.0,500.0,9.0,1.262582681315776,0.9858738411397576,1.0253263978011633,1.0
1500.0,500.0,9.0,1.5844597019229192,1.4849529512698696,1.5367859259377,1.0
1500.0,500.0,9.0,1.6478196616065417,1.5303831646167128,1.5555117049204512,1.1
1500.0,500.0,9.0,1.7127408667568549,1.6266286832837051,1.6722948869607897,1.1
1500.0,500.0,9.0,2.2401828096904586,2.224077966977824,2.23402368501254,1.0
1500.0,500.0,9.0,0.795572891281394,0.5316406013802131,0.6091770151333881,1.0
1500.0,500.0,9.0,0.7674923707108985,0.5489006239365191,0.6164530292430167,1.1
1500.0,500.0,9.0,1.0886742141929058,0.8691418489891757,0.9358031175624064,1.1
1500.0,500.0,9.0,0.7459761455097454,0.4928973680655211,0.562129957995798,1.1
1500.0,500.0,9.0,1.560628126069084,1.3586025245983535,1.4208534177092045,1.0
1500.0,500.0,9.0,1.365535091534251,1.3013694532821294,1.333376892343865,1.1
1500.0,500.0,9.0,1.1409843883742552,0.927541551244657,0.9807876601161096,1.0
1500.0,500.0,9.0,1.980663849483734,1.8731598422507003,1.934104906007625,1.0
1500.0,500.0,9.0,1.1869252770974577,0.9262350851091944,0.9440943916681376,1.0
1500.0,500.0,9.0,0.77881393488063,0.5182126369257392,0.5325450486410371,1.0
1500.0,500.0,9.0,2.0318574056520697,1.9833681783543624,2.0071241840410763,1.1
1500.0,500.0,9.0,1.3745233551151357,1.313990193725317,1.33779911998784,1.0
1500.0,500.0,9.0,1.383098331261413,1.1595991340287837,1.2067376612746126,1.0
1500.0,500.0,9.0,1.389633456105868,1.1360483804230015,1.1397923420454508,1.0
1500.0,500.0,9.0,0.994864499384024,0.7319221021441309,0.7129607728871119,1.1
1500.0,500.0,9.0,1.5476540911165158,1.4501213848208652,1.4907169889714955,1.0
1500.0,500.0,9.0,0.9326309278990952,0.6785381916483559,0.6993484070257227,1.1
1500.0,500.0,9.0,1.8937426451863013,1.6895469288109242,1.7673317577354444,1.0
1500.0,500.0,9.0,1.120726986125996,0.8608986399370504,0.9353625292655688,1.1
1500.0,500.0,9.0,1.102190834341633,0.9070420665462332,0.969631272208862,1.1
1500.0,500.0,9.0,1.4367276827203266,1.1583843683923447,1.2078074903469365,1.0
1500.0,500.0,9.0,1.7265580938742455,1.6234193474645258,1.692537671699014,1.0
1500.0,500.0,9.0,2.0145588644713315,1.9558039985610567,1.980284279824523,1.1
1500.0,500.0,9.0,1.334677752606873,1.103795800972322,1.1693119233265317,1.1
1500.0,500.0,9.0,1.5066634017620142,1.2613977917996373,1.3534921283880126,1.1
1500.0,500.0,9.0,1.0376286540294553,0.8091715252136995,0.8668190516260749,1.1
1500.0,500.0,9.0,0.986745938146914,0.7222939427917439,0.7952941155280054,1.1
1500.0,500.0,9.0,0.971196498280168,0.7213769131184317,0.7728874971452946,1.0
1500.0,500.0,9.0,1.6355773406195937,1.491539725624456,1.5333457756600573,1.1
1500.0,500.0,9.0,1.618219491501537,1.480243963232279,1.5448118814273044,1.0
1500.0,500.0,9.0,0.4975526476944853,0.227493771740548,0.2980787609116834,1.1
1500.0,500.0,9.0,1.537444006670237,1.3151587535000433,1.351397065755995,1.1
1500.0,500.0,9.0,1.3407258944224465,1.067784177627187,1.0983792169595823,1.0
1500.0,500.0,10.0,0.8352729349555913,0.5570754880660829,0.6451770127714406,1.1
1500.0,500.0,10.0,1.282278826274291,1.0696675135442777,1.1672570868540992,1.0
1500.0,500.0,10.0,1.6205171834416658,1.6039008125316925,1.605660113095703,1.1
1500.0,500.0,10.0,1.2272793933391637,0.9516667573496672,1.006410260462386,1.1
1500.0,500.0,10.0,0.7876420337192561,0.5081734640972944,0.5199295800526746,1.1
1500.0,500.0,10.0,1.2374431486097124,0.960998442496476,1.065650887134333,1.0
1500.0,500.0,10.0,1.1069796325244563,0.8433538922908512,0.8535281988020758,1.1
1500.0,500.0,10.0,1.4385032595785048,1.3377018061927544,1.3895621901523885,1.1
1500.0,500.0,10.0,1.3101934773982846,1.123835248773591,1.224729942871278,1.1
1500.0,500.0,10.0,1.1153873696716476,0.8983616786160615,0.960898095132104,1.0
1500.0,500.0,10.0,0.869128681465313,0.7937995857529201,0.8397827205056604,1.0
1500.0,500.0,10.0,1.0435669450010128,0.7748129168524532,0.8436200078850337,1.1
1500.0,500.0,10.0,1.291758534795307,0.9850679215464658,1.0291074870244767,1.0
1500.0,500.0,10.0,1.6493996688032433,1.544771085225787,1.5985170687516073,1.0
1500.0,500.0,10.0,1.7086885128961573,1.5764826261472082,1.6047358523068722,1.1
1500.0,500.0,10.0,1.780823185285394,1.6851429814263388,1.7283828631023386,1.1
1500.0,500.0,10.0,2.377980899656065,2.363214278896464,2.37113742779171,1.0
1500.0,500.0,10.0,0.7728587680904377,0.480374904079829,0.5698981631728302,1.0
1500.0,500.0,10.0,0.7305470785676651,0.4866386485094401,0.5599568433754838,1.1
1500.0,500.0,10.0,1.0874157935476731,0.8434909433213061,0.9187517375741092,1.1
1500.0,500.0,10.0,0.7066401616774949,0.4240739018595423,0.4967444969826469,1.1
1500.0,500.0,10.0,1.62292014007676,1.3994812149152305,1.4725416541878396,1.0
1500.0,500.0,10.0,1.3950389905936122,1.3211836785454711,1.3593076581598502,1.1
1500.0,500.0,10.0,1.156649320415839,0.9208485089698268,0.9820328653371926,1.0
1500.0,500.0,10.0,2.089626499426372,1.9740883065743615,2.0378943400084726,1.0
1500.0,500.0,10.0,1.2076947523305084,0.9191864642288832,0.942929356779594,1.0
1500.0,500.0,10.0,0.7542377054229223,0.4648641637406448,0.4865812067532039,1.0
1500.0,500.0,10.0,2.1353971173911885,2.078877773132863,2.1079157600456404,1.1
1500.0,500.0,10.0,1.4161370612390396,1.351158885810702,1.3766786147527013,1.0
1500.0,500.0,10.0,1.425664812512681,1.1800410586732013,1.2329805560414464,1.0
1500.0,500.0,10.0,1.4329260623398534,1.15102608503514,1.155749746094109,1.0
1500.0,500.0,10.0,0.9831827770933604,0.6910763743828501,0.6686280639926838,1.1
1500.0,500.0,10.0,1.608504545685017,1.502217736678465,1.5470039751291884,1.0
1500.0,500.0,10.0,0.914034364332328,0.6309097194087917,0.6484140961191535,1.1
1500.0,500.0,10.0,1.993047383540335,1.7671621196480545,1.8559253576346493,1.0
1500.0,500.0,10.0,1.12302998458444,0.8340058859459971,0.9153959151250552,1.1
1500.0,500.0,10.0,1.1024342603795918,0.8836361402754941,0.9549090710129328,1.1
1500.0,500.0,10.0,1.4852529808003627,1.176176475867484,1.235567079489109,1.0
1500.0,500.0,10.0,1.807286770971384,1.6926881638494726,1.7694863018877935,1.0
1500.0,500.0,10.0,2.116176516079257,2.0486830861136998,2.073884757473168,1.1
1500.0,500.0,10.0,1.3607530584520813,1.1025753232131643,1.1743117874863889,1.1
1500.0,500.0,10.0,1.551848224180016,1.2762474664569488,1.3778170169284618,1.1
1500.0,500.0,10.0,1.0306985044771726,0.775538586741532,0.834261738509887,1.1
1500.0,500.0,10.0,0.9741621534965716,0.6789343111450162,0.7603067548280451,1.1
1500.0,500.0,10.0,0.9679961092001864,0.690906646436276,0.7518563296621447,1.0
1500.0,500.0,10.0,1.6950859340217703,1.53331735786302,1.5809977463641556,1.1
1500.0,500.0,10.0,1.6869105461128189,1.538868895493349,1.6073772001642457,1.0
1500.0,500.0,10.0,0.4306140529938727,0.1292874282526259,0.2051628270701354,1.1
1500.0,500.0,10.0,1.5860488963002637,1.334450455147424,1.3735968163734855,1.1
1500.0,500.0,10.0,1.3785843271360516,1.076727598162342,1.1147264371016474,1.0
2000.0,500.0,0.5,1.0467312204768258,1.0377557448506414,1.0395946291533344,1.1
2000.0,500.0,0.5,1.119972503036585,1.1199725030365848,1.119972503036585,1.1
2000.0,500.0,0.5,1.0503539065330778,1.0488860789735817,1.049942400962073,1.1
2000.0,500.0,0.5,1.1116839672812646,1.1116839672812648,1.1116839672812646,1.1
2000.0,500.0,0.5,1.0989165550927744,1.098691225780167,1.0989165550927742,1.1
2000.0,500.0,0.5,1.0996566249095812,1.0992680678997433,1.0995505684225055,1.1
2000.0,500.0,0.5,1.1676042012055126,1.1676042012055123,1.1676042012055126,1.1
2000.0,500.0,0.5,1.1230965658235808,1.1230965658235808,1.1230965658235808,1.1
2000.0,500.0,0.5,1.0824477811664726,1.0820736348887996,1.0823286693120333,1.1
2000.0,500.0,0.5,1.0870852804955462,1.0830433843602714,1.0846615831169089,1.1
2000.0,500.0,0.5,1.0703533899851672,1.069392865778524,1.0697576049028898,1.1
2000.0,500.0,0.5,1.1036723601319802,1.1034692988411887,1.10357635348421,1.1
2000.0,500.0,0.5,1.1041811715188976,1.1041811715188976,1.1041811715188976,1.1
2000.0,500.0,0.5,1.1487788591605688,1.1487788591605688,1.1487788591605683,1.1
2000.0,500.0,0.5,1.0658217505940648,1.0642982331713555,1.0654808945416054,1.1
2000.0,500.0,0.5,1.0844396703667716,1.082131060013823,1.0837579592102562,1.1
2000.0,500.0,0.5,1.0866874156117383,1.0866874156117388,1.0866874156117383,1.1
2000.0,500.0,0.5,1.0786858643971584,1.0746331221089316,1.0766331902397377,1.1
2000.0,500.0,0.5,1.0938104555443309,1.0934154075685996,1.0938104555443309,1.1
2000.0,500.0,0.5,1.0729062299121637,1.0712735492107854,1.0718384706842874,1.1
2000.0,500.0,0.5,1.0593901438616182,1.0567199917199217,1.057101548771693,1.1
2000.0,500.0,0.5,1.0945881250762444,1.0923841957224665,1.0938645031405756,1.1
2000.0,500.0,0.5,1.0878101605257342,1.087268243911328,1.0873615221636732,1.1
2000.0,500.0,0.5,1.0916834666933677,1.091498380136065,1.0913858163178094,1.1
2000.0,500.0,0.5,1.1271661814550171,1.1271661814550171,1.1271661814550171,1.1
2000.0,500.0,0.5,1.0487762361204824,1.0436858510477944,1.0465799845167134,1.1
2000.0,500.0,0.5,1.0755431980250836,1.0733080616603237,1.0745434520827493,1.1
2000.0,500.0,0.5,1.0915308184882568,1.0904255178620557,1.0913456024322985,1.1
2000.0,500.0,0.5,1.1020157284830303,1.1020157284830303,1.1020157284830303,1.1
2000.0,500.0,0.5,1.1143307858296363,1.114140043957727,1.114240244969852,1.1
2000.0,500.0,0.5,1.0996883383714755,1.0988335588741058,1.0992755635665254,1.1
2000.0,500.0,0.5,1.1099221367073082,1.109713062271063,1.1098724258837425,1.1
2000.0,500.0,0.5,1.1077418488628918,1.1077418488628918,1.1077418488628918,1.1
2000.0,500.0,0.5,1.1237105779720633,1.1235201848921348,1.1236200558869964,1.1
2000.0,500.0,0.5,1.1309484513599048,1.1309484513599048,1.1309484513599046,1.1
2000.0,500.0,0.5,1.0909323332491063,1.0882889426513822,1.0893317860180942,1.1
2000.0,500.0,0.5,1.0978499496448546,1.0978499496448546,1.0978499496448546,1.1
2000.0,500.0,0.5,1.0949851805821722,1.094786421509574,1.094985180582172,1.1
2000.0,500.0,0.5,1.099113994634331,1.0989366418689983,1.098818118319187,1.1
2000.0,500.0,0.5,1.0880154098139596,1.087461617404811,1.0880154098139596,1.1
2000.0,500.0,0.5,1.0974766384062995,1.097269587849014,1.097400313760274,1.1
2000.0,500.0,0.5,1.1156682739912307,1.1154626560200955,1.1155960013687751,1.1
2000.0,500.0,0.5,1.098181917696185,1.097585747488404,1.0980113217871343,1.1
2000.0,500.0,0.5,1.0835676113734616,1.082579720205214,1.0826829159064792,1.1
2000.0,500.0,0.5,1.123145745264667,1.123145745264667,1.1231457452646672,1.1
2000.0,500.0,0.5,1.122706696353445,1.1224835053040234,1.122706696353445,1.1
2000.0,500.0,0.5,1.123518839578881,1.123518839578881,1.123518839578881,1.1
2000.0,500.0,0.5,1.0702427079283354,1.0698806521196795,1.0696302245799991,1.1
2000.0,500.0,0.5,1.1190810564161366,1.1190810564161369,1.1190810564161369,1.1
2000.0,500.0,0.5,1.1078992428461467,1.1078992428461467,1.1078992428461467,1.1
2000.0,500.0,1.0,1.1251479623408591,1.118313109595442,1.1218738534437669,1.1
2000.0,500.0,1.0,1.1399450060731702,1.135693295763262,1.137853724818585,1.1
2000.0,500.0,1.0,1.0007078130661555,0.9793241901505212,0.9890767653684008,1.1
2000.0,500.0,1.0,1.1233679345625291,1.1233679345625291,1.1233679345625291,1.1
2000.0,500.0,1.0,1.0978331101855492,1.0936168796663024,1.0964418094128645,1.1
2000.0,500.0,1.0,1.0993132498191622,1.0878445798770904,1.093643198676879,1.1
2000.0,500.0,1.0,1.2352084024110253,1.2352084024110253,1.2352084024110257,1.1
2000.0,500.0,1.0,1.1461931316471614,1.145772137999694,1.1461931316471612,1.1
2000.0,500.0,1.0,1.0648955623329448,1.0517762321096382,1.058376964387865,1.1
2000.0,500.0,1.0,1.0785071937143869,1.0539855551506248,1.0502682817608728,1.0
2000.0,500.0,1.0,1.0407067799703342,1.0212336197781051,1.028713460293818,1.1
2000.0,500.0,1.0,1.1073447202639608,1.0970105539958623,1.1026031458490884,1.1
2000.0,500.0,1.0,1.1083623430377956,1.105152160862714,1.1062449763426323,1.1
2000.0,500.0,1.0,1.1975577183211377,1.196711202312608,1.1975577183211377,1.1
2000.0,500.0,1.0,1.03164350118813,1.0126125526756058,1.0203455227307046,1.1
2000.0,500.0,1.0,1.0688793407335433,1.0440613059975974,1.0489234824051548,1.1
2000.0,500.0,1.0,1.073374831223477,1.0727024854373597,1.0730165327051489,1.1
2000.0,500.0,1.0,1.0573717287943167,1.0318586286442932,1.0335005719980432,1.1
2000.0,500.0,1.0,1.0876209110886612,1.07676374462961,1.0829437371332309,1.1
2000.0,500.0,1.0,1.0458124598243272,1.0213302797559527,1.0298205332272268,1.1
2000.0,500.0,1.0,1.0187802877232364,0.9959722812697762,0.9943165441335636,1.1
2000.0,500.0,1.0,1.0891762501524886,1.0665230133282384,1.0729629281100397,1.1
2000.0,500.0,1.0,1.0756203210514683,1.059142652085505,1.064013258920527,1.1
2000.0,500.0,1.0,1.0833669333867353,1.0675468075501442,1.0735734471613776,1.1
2000.0,500.0,1.0,1.1543323629100346,1.1523197447127829,1.153470766693979,1.1
2000.0,500.0,1.0,1.005846494258297,0.9797367202926396,0.9812531088794691,1.0
2000.0,500.0,1.0,1.051086396050167,1.02610399904158,1.0336800449471764,1.1
2000.0,500.0,1.0,1.0830616369765136,1.0627411803206592,1.0727781831762118,1.1
2000.0,500.0,1.0,1.1040314569660603,1.097004846714717,1.0995422422708063,1.1
2000.0,500.0,1.0,1.1286615716592732,1.1133380095998455,1.1205276871816403,1.1
2000.0,500.0,1.0,1.0993766767429514,1.0806890010924717,1.086989837604164,1.1
2000.0,500.0,1.0,1.119844273414616,1.1119423082735371,1.1151822928818291,1.1
2000.0,500.0,1.0,1.1154836977257832,1.111339431654263,1.1138867173071108,1.1
2000.0,500.0,1.0,1.1474211559441263,1.1370615198710343,1.1407602302154642,1.1
2000.0,500.0,1.0,1.1618969027198092,1.1615191505247564,1.1613540124831778,1.1
2000.0,500.0,1.0,1.0818646664982126,1.0582365635784174,1.0617495364948222,1.1
2000.0,500.0,1.0,1.0956998992897096,1.0916700645190325,1.0937924895986948,1.1
2000.0,500.0,1.0,1.0899703611643443,1.0785331012368278,1.0841058909141703,1.1
2000.0,500.0,1.0,1.0982279892686613,1.084055820279367,1.091061746805788,1.1
2000.0,500.0,1.0,1.0760308196279191,1.0645239357443983,1.0689227219073645,1.1
2000.0,500.0,1.0,1.0949532768125994,1.084444317052068,1.0864006394150685,1.1
2000.0,500.0,1.0,1.1313365479824613,1.1251776701437195,1.1265339388846125,1.1
2000.0,500.0,1.0,1.0963638353923697,1.0866023929040862,1.091380797255476,1.1
2000.0,500.0,1.0,1.0671352227469226,1.0445379194136526,1.0472384627616704,1.1
2000.0,500.0,1.0,1.1462914905293338,1.1434648772715017,1.1447211631942409,1.1
2000.0,500.0,1.0,1.14541339270689,1.1339370256815182,1.141094492159222,1.1
2000.0,500.0,1.0,1.1470376791577626,1.1441745703171529,1.1442314347064642,1.1
2000.0,500.0,1.0,1.0404854158566703,1.0232469274184612,1.0292714996236627,1.1
2000.0,500.0,1.0,1.138162112832273,1.128501133682192,1.1333987006901896,1.1
2000.0,500.0,1.0,1.1157984856922931,1.1157984856922931,1.1155738784717055,1.1
2000.0,500.0,1.5,1.1377219435112889,1.1185697673826926,1.127565219784369,1.1
2000.0,500.0,1.5,1.1599175091097549,1.1488728424301768,1.152887796937767,1.1
2000.0,500.0,1.5,0.9510617195992336,0.9136229804896492,0.9185411201909468,1.1
2000.0,500.0,1.5,1.1350519018437937,1.1350519018437937,1.1344706628717436,1.1
2000.0,500.0,1.5,1.096749665278324,1.0800105672437794,1.0907746351876868,1.1
2000.0,500.0,1.5,1.098969874728743,1.0706128459372417,1.0814152124799032,1.1
2000.0,500.0,1.5,1.302812603616538,1.3028126036165375,1.302812603616538,1.1
2000.0,500.0,1.5,1.169289697470742,1.1681479912431771,1.168922609566846,1.1
2000.0,500.0,1.5,1.047343343499417,1.0135379804167746,1.0269728891921128,1.1
2000.0,500.0,1.5,1.1177607905715805,1.0855281447271952,1.091640457351179,1.0
2000.0,500.0,1.5,1.0110601699555009,0.9728808097406388,0.978608134156779,1.1
2000.0,500.0,1.5,1.1110170803959416,1.082710638896009,1.0967334109804554,1.1
2000.0,500.0,1.5,1.1125435145566935,1.0988597288538566,1.103640162149999,1.1
2000.0,500.0,1.5,1.2463365774817068,1.2445453091728784,1.245576907767391,1.1
2000.0,500.0,1.5,0.9974652517821946,0.9594654985372346,0.9697623573778238,1.1
2000.0,500.0,1.5,1.066392195485086,1.0281789272309696,1.033961430498533,1.0
2000.0,500.0,1.5,1.0600622468352152,1.0539764226502848,1.0570020305337693,1.1
2000.0,500.0,1.5,1.0851796654174075,1.051719048390327,1.062502785218714,1.0
2000.0,500.0,1.5,1.0814313666329918,1.0514218343358857,1.067430546523202,1.1
2000.0,500.0,1.5,1.0456435364896044,1.0083290422991318,1.0108021564198828,1.0
2000.0,500.0,1.5,1.007722748692223,0.973333120570677,0.9842778523971126,1.0
2000.0,500.0,1.5,1.0837643752287331,1.0451709591561624,1.048904950359474,1.1
2000.0,500.0,1.5,1.0634304815772029,1.0283338524191972,1.034420457607937,1.1
2000.0,500.0,1.5,1.075050400080103,1.0403935707504806,1.047396935663513,1.1
2000.0,500.0,1.5,1.1814985443650516,1.1726872507758268,1.1764950184891314,1.1
2000.0,500.0,1.5,1.0087697413874457,0.9768146775152972,0.9853732354079758,1.0
2000.0,500.0,1.5,1.0401604223873953,1.0007025106782137,1.0046237669981275,1.0
2000.0,500.0,1.5,1.0745924554647703,1.0369926162913867,1.0460708697787715,1.1
2000.0,500.0,1.5,1.1060471854490903,1.082649816799039,1.09236216014956,1.1
2000.0,500.0,1.5,1.1429923574889096,1.10911922264508,1.120878933777833,1.1
2000.0,500.0,1.5,1.0990650151144266,1.0628117528152217,1.0678427919850342,1.1
2000.0,500.0,1.5,1.129766410121924,1.106583526565702,1.1153876726798444,1.1
2000.0,500.0,1.5,1.123225546588675,1.1094417608886324,1.1167283016123029,1.1
2000.0,500.0,1.5,1.1711317339161895,1.14236544942147,1.15115573589196,1.1
2000.0,500.0,1.5,1.1928453540797137,1.190901057219335,1.1896490817918266,1.1
2000.0,500.0,1.5,1.094432089447974,1.059101857909329,1.0599669821777964,1.0
2000.0,500.0,1.5,1.0935498489345643,1.0809694094347018,1.087558319148192,1.1
2000.0,500.0,1.5,1.0849555417465169,1.058173695563079,1.0658626359505146,1.1
2000.0,500.0,1.5,1.097341983902992,1.0642556248183854,1.0742757701122343,1.1
2000.0,500.0,1.5,1.0640462294418789,1.03318507695245,1.044386576574752,1.1
2000.0,500.0,1.5,1.092429915218899,1.0628579537565417,1.0719716666565942,1.1
2000.0,500.0,1.5,1.1470048219736917,1.123816472904558,1.1323169426452475,1.1
2000.0,500.0,1.5,1.0945457530885545,1.0681325460029645,1.078467466312331,1.1
2000.0,500.0,1.5,1.0624619680411715,1.026281913641071,1.032743303316344,1.0
2000.0,500.0,1.5,1.1694372357940006,1.1586784900299651,1.1630594818802609,1.1
2000.0,500.0,1.5,1.1681200890603352,1.1396352532241285,1.155499960258356,1.1
2000.0,500.0,1.5,1.1705565187366431,1.158791325660642,1.162680841142209,1.1
2000.0,500.0,1.5,1.0107281237850056,0.974885426673458,0.9799506917422512,1.1
2000.0,500.0,1.5,1.1572431692484093,1.1330840180134254,1.139594561566828,1.1
2000.0,500.0,1.5,1.1236977285384395,1.1231858719565808,1.1229033289604076,1.1
2000.0,500.0,2.0,1.1502959246817182,1.1181811811270206,1.131645675063345,1.1
2000.0,500.0,2.0,1.1798900121463398,1.1576885550343248,1.1664388856333774,1.1
2000.0,500.0,2.0,0.9304176387386258,0.8823258986509698,0.8847461939758215,1.0
2000.0,500.0,2.0,1.1467358691250582,1.1467358691250582,1.145541904697528,1.1
2000.0,500.0,2.0,1.0956662203710987,1.0649800771119828,1.083990133634413,1.1
2000.0,500.0,2.0,1.0986264996383244,1.054117893674519,1.0674503000291726,1.1
2000.0,500.0,2.0,1.3704168048220504,1.369578551529153,1.3704168048220504,1.1
2000.0,500.0,2.0,1.1923862632943223,1.1884736979009598,1.1908885234942463,1.1
2000.0,500.0,2.0,1.029791124665889,0.9812004975414578,0.9953407972650388,1.1
2000.0,500.0,2.0,1.1570143874287735,1.122561199191378,1.131439479287654,1.0
2000.0,500.0,2.0,0.981413559940668,0.9292793329296006,0.927402402928314,1.1
2000.0,500.0,2.0,1.1146894405279224,1.0689561493776991,1.0866080323602014,1.1
2000.0,500.0,2.0,1.1167246860755913,1.0941016301121271,1.1007786726767277,1.1
2000.0,500.0,2.0,1.2951154366422757,1.2894595342094115,1.2922446173799986,1.1
2000.0,500.0,2.0,0.9632870023762594,0.9106466511559432,0.9203750457002255,1.1
2000.0,500.0,2.0,1.0885229273134478,1.041552678268437,1.0547553074524616,1.0
2000.0,500.0,2.0,1.0467496624469534,1.0336365556344072,1.0396818962440244,1.1
2000.0,500.0,2.0,1.1135728872232105,1.0764402978288277,1.093872193119202,1.0
2000.0,500.0,2.0,1.075241822177322,1.0289112178787707,1.0497457062391533,1.1
2000.0,500.0,2.0,1.060858048652806,1.015770795167685,1.0276616988286231,1.0
2000.0,500.0,2.0,1.010296998256297,0.9705182946041644,0.9847398851111822,1.0
2000.0,500.0,2.0,1.1086968430227886,1.0590276192134953,1.0619165355423956,1.0
2000.0,500.0,2.0,1.0512406421029372,1.0004639306904932,1.002163059491881,1.1
2000.0,500.0,2.0,1.066733866773471,1.0153479665607432,1.0185344153259188,1.1
2000.0,500.0,2.0,1.2086647258200691,1.1931214254345426,1.1988836302120478,1.1
2000.0,500.0,2.0,1.011692988516594,0.9779190770653624,0.988775388243217,1.0
2000.0,500.0,2.0,1.0535472298498605,1.0043451052986143,1.0190235287788882,1.0
2000.0,500.0,2.0,1.0793225694671955,1.0289013588432867,1.0343190872942485,1.0
2000.0,500.0,2.0,1.1080629139321208,1.068713292482838,1.08433548678781,1.1
2000.0,500.0,2.0,1.1573231433185465,1.1079168503453525,1.1167955941113856,1.1
2000.0,500.0,2.0,1.1161820889207377,1.0670532338094412,1.0658907396919846,1.0
2000.0,500.0,2.0,1.139688546829232,1.1000338032407753,1.1155551135975894,1.1
2000.0,500.0,2.0,1.1309673954515664,1.107033074326785,1.118408581565507,1.1
2000.0,500.0,2.0,1.1948423118882527,1.1481008282249308,1.1587984015527626,1.1
2000.0,500.0,2.0,1.2237938054396178,1.2195323362782835,1.2185070796426458,1.1
2000.0,500.0,2.0,1.1259094525972988,1.0835630472081674,1.0902145101200509,1.0
2000.0,500.0,2.0,1.0913997985794197,1.0683608981028794,1.078010760358863,1.1
2000.0,500.0,2.0,1.079940722328689,1.0367570102175752,1.0474608169497817,1.1
2000.0,500.0,2.0,1.0964559785373225,1.0478396182641998,1.058486399949096,1.1
2000.0,500.0,2.0,1.0520616392558382,1.0069981557942556,1.0171672155061953,1.1
2000.0,500.0,2.0,1.0899065536251986,1.043507455780437,1.0548032926003084,1.1
2000.0,500.0,2.0,1.1626730959649223,1.1246815250478752,1.1354595374603134,1.1
2000.0,500.0,2.0,1.0927276707847389,1.05045598274725,1.064249570615017,1.1
2000.0,500.0,2.0,1.0832826240548954,1.0384888502064729,1.0531483579842975,1.0
2000.0,500.0,2.0,1.1925829810586672,1.1738900616430128,1.1786817050427063,1.1
2000.0,500.0,2.0,1.19082678541378,1.1464621268266004,1.1647483228060482,1.1
2000.0,500.0,2.0,1.1940753583155246,1.171115980315848,1.1791769352294297,1.1
2000.0,500.0,2.0,0.980970831713341,0.9296311293634532,0.931792944477333,1.1
2000.0,500.0,2.0,1.1763242256645456,1.1386676742377446,1.1468287433409476,1.1
2000.0,500.0,2.0,1.131596971384586,1.1276021458731815,1.1296818775667612,1.1
2000.0,500.0,2.5,1.162869905852148,1.1170375635433405,1.132727817469788,1.1
2000.0,500.0,2.5,1.1998625151829247,1.164948116207009,1.1790040549631144,1.1
2000.0,500.0,2.5,0.9130220484232818,0.8563662421896826,0.8635157151587997,1.0
2000.0,500.0,2.5,1.1584198364063227,1.158419836406323,1.1562718522056872,1.1
2000.0,500.0,2.5,1.0945827754638735,1.052994130841309,1.0765351030335253,1.1
2000.0,500.0,2.5,1.0982831245479052,1.037882879833944,1.052285472487016,1.1
2000.0,500.0,2.5,1.438021006027563,1.436973189411442,1.438021006027563,1.1
2000.0,500.0,2.5,1.215482829117903,1.2078280774470382,1.2114316472179507,1.1
2000.0,500.0,2.5,1.012238905832361,0.9492776194099112,0.9602429373859048,1.1
2000.0,500.0,2.5,1.1962679842859671,1.1592343710300987,1.169594270399306,1.0
2000.0,500.0,2.5,0.9737882197696578,0.9093754684006456,0.9168362120914878,1.0
2000.0,500.0,2.5,1.118361800659903,1.0581254330803156,1.0776360172597177,1.1
2000.0,500.0,2.5,1.1209058575944892,1.086852157833407,1.0945591177394494,1.1
2000.0,500.0,2.5,1.3438942958028446,1.33530087986077,1.3400342998675614,1.1
2000.0,500.0,2.5,0.9479127980701344,0.8827524265410075,0.8847762651515643,1.0
2000.0,500.0,2.5,1.1106536591418097,1.0574950848618156,1.074077018840888,1.0
2000.0,500.0,2.5,1.033437078058692,1.012437607295073,1.023355514472861,1.1
2000.0,500.0,2.5,1.1419661090290132,1.101345919770102,1.121133789860192,1.0
2000.0,500.0,2.5,1.069052277721653,1.006962412039958,1.0306447923423585,1.1
2000.0,500.0,2.5,1.076072560816007,1.0243461811910366,1.0399777813523068,1.0
2000.0,500.0,2.5,1.0128712478203714,0.9670818294526312,0.985690406116014,1.0
2000.0,500.0,2.5,1.1358710537784855,1.0769060473507233,1.0875938832816092,1.0
2000.0,500.0,2.5,1.0408426229839345,0.976667449378386,0.973927976018136,1.0
2000.0,500.0,2.5,1.058417333466839,0.9928247925044638,0.9914487066141414,1.1
2000.0,500.0,2.5,1.2358309072750866,1.210874432518002,1.2200339278106749,1.1
2000.0,500.0,2.5,1.0146162356457424,0.980652967814937,0.988736350638146,1.0
2000.0,500.0,2.5,1.0669340373123253,1.0085292390529843,1.0290592715658082,1.0
2000.0,500.0,2.5,1.0991532118339946,1.0378088483841272,1.046999745508909,1.0
2000.0,500.0,2.5,1.110078642415151,1.056178199408094,1.0733871643113362,1.1
2000.0,500.0,2.5,1.171653929148183,1.107863483137432,1.1113625891834622,1.1
2000.0,500.0,2.5,1.145227611150922,1.08536640871201,1.0926959028256218,1.0
2000.0,500.0,2.5,1.1496106835365398,1.0944947485154457,1.1102283762031546,1.1
2000.0,500.0,2.5,1.138709244314458,1.101149980387704,1.1193757543960077,1.1
2000.0,500.0,2.5,1.218552889860316,1.1560038007854208,1.1681641532930491,1.1
2000.0,500.0,2.5,1.2547422567995223,1.2450908089350718,1.2457005108316932,1.1
2000.0,500.0,2.5,1.1573868157466234,1.1100869953817671,1.117926609759788,1.0
2000.0,500.0,2.5,1.0892497482242742,1.0517477701595312,1.067621272820213,1.1
2000.0,500.0,2.5,1.074925902910861,1.016165077801945,1.0283331415335295,1.1
2000.0,500.0,2.5,1.0955699731716528,1.0322003059815532,1.0410761738873917,1.1
2000.0,500.0,2.5,1.040077049069798,0.982657701936456,0.9855014550563662,1.1
2000.0,500.0,2.5,1.0873831920314982,1.0269084305782412,1.0354072136525785,1.1
2000.0,500.0,2.5,1.178341369956153,1.1257851152051377,1.140673383855087,1.1
2000.0,500.0,2.5,1.0909095884809237,1.0341441859473992,1.0508361296396993,1.1
2000.0,500.0,2.5,1.1041032800686192,1.054315484195629,1.0710038232196677,1.0
2000.0,500.0,2.5,1.2157287263233338,1.1856720515978378,1.192177022801944,1.1
2000.0,500.0,2.5,1.213533481767225,1.15269851473685,1.169994365942394,1.1
2000.0,500.0,2.5,1.217594197894406,1.182208036387673,1.1943384587424173,1.1
2000.0,500.0,2.5,0.9579235570033108,0.8932772251356742,0.8983933546072093,1.0
2000.0,500.0,2.5,1.195405282080682,1.1427188876118886,1.1507473405110102,1.1
2000.0,500.0,2.5,1.1394962142307326,1.1326032835708113,1.134727918614798,1.1
2000.0,500.0,3.0,1.1754438870225776,1.1147948886533268,1.1352658059670098,1.1
2000.0,500.0,3.0,1.2198350182195097,1.1738392762224186,1.1924396469268257,1.1
2000.0,500.0,3.0,0.8956264581079383,0.8295337397473121,0.8417009975594301,1.0
2000.0,500.0,3.0,1.1701038036875873,1.1690940979534512,1.1675262226468248,1.1
2000.0,500.0,3.0,1.0934993305566485,1.038375727918933,1.0696852960619667,1.1
2000.0,500.0,3.0,1.097939749457486,1.0228489397571168,1.0359711735245238,1.1
2000.0,500.0,3.0,1.505625207233076,1.50436782729373,1.5048953100248483,1.1
2000.0,500.0,3.0,1.2385793949414832,1.2286388008983045,1.2312259029407586,1.1
2000.0,500.0,3.0,0.9946866869988336,0.9180565341832264,0.9257729583862256,1.1
2000.0,500.0,3.0,1.2355215811431608,1.1962313484711675,1.2085141021722834,1.0
2000.0,500.0,3.0,0.9685458637235894,0.892681298760262,0.9053724143749088,1.0
2000.0,500.0,3.0,1.1220341607918836,1.0481085090585955,1.066553215747616,1.1
2000.0,500.0,3.0,1.125087029113387,1.077357817927212,1.088203779926406,1.1
2000.0,500.0,3.0,1.3926731549634137,1.3797792521833832,1.3876401925034396,1.1
2000.0,500.0,3.0,0.9374953576841611,0.8603532401428731,0.8716638928506661,1.0
2000.0,500.0,3.0,1.1327843909701716,1.0739875036448796,1.093248582255366,1.0
2000.0,500.0,3.0,1.0201244936704303,0.98988525206802,1.0054651316250434,1.1
2000.0,500.0,3.0,1.170359330834816,1.128644419907494,1.1491814000736906,1.0
2000.0,500.0,3.0,1.0628627332659832,0.98496770542941,1.0106296828706929,1.1
2000.0,500.0,3.0,1.0912870729792088,1.034905966118855,1.0546405832036632,1.0
2000.0,500.0,3.0,1.0154454973844456,0.9646915085408538,0.9861504771129904,1.0
2000.0,500.0,3.0,1.1630452645341829,1.0950894012678165,1.1091775029320332,1.0
2000.0,500.0,3.0,1.0490111475807211,0.9723956119450222,0.97591912863895,1.0
2000.0,500.0,3.0,1.0568039141073031,0.9776139284049972,0.9871587598345052,1.0
2000.0,500.0,3.0,1.262997088730104,1.2275399242203977,1.241519749992004,1.1
2000.0,500.0,3.0,1.0175394827748911,0.9825323529194852,0.9883787035509236,1.0
2000.0,500.0,3.0,1.0803208447747903,1.0162390023231611,1.0387396666592907,1.0
2000.0,500.0,3.0,1.1189838542007933,1.047804308560521,1.0660437133361582,1.0
2000.0,500.0,3.0,1.112094370898181,1.0451780124966208,1.062349468638065,1.1
2000.0,500.0,3.0,1.1859847149778198,1.109115942174979,1.1068090341409615,1.1
2000.0,500.0,3.0,1.1742731333811065,1.1052878869680016,1.1151406449313073,1.0
2000.0,500.0,3.0,1.1595328202438475,1.0899323741591909,1.107157959698422,1.1
2000.0,500.0,3.0,1.1464510931773495,1.0974570687058425,1.1205073577086715,1.1
2000.0,500.0,3.0,1.242263467832379,1.165672959583104,1.175588479070028,1.1
2000.0,500.0,3.0,1.2856907081594264,1.2692383942622616,1.2735539532365208,1.1
2000.0,500.0,3.0,1.188864178895948,1.1359254785436792,1.1483485765171084,1.0
2000.0,500.0,3.0,1.0870996978691292,1.0357740847660557,1.058507503218834,1.1
2000.0,500.0,3.0,1.0699110834930334,0.9958244327531992,1.0086030764948013,1.1
2000.0,500.0,3.0,1.0946839678059832,1.0163327322199658,1.0250922842999175,1.1
2000.0,500.0,3.0,1.0446330594899933,0.9759836883369472,0.9811089188042276,1.0
2000.0,500.0,3.0,1.084859830437798,1.0109302514311873,1.0188598468792105,1.1
2000.0,500.0,3.0,1.1940096439473835,1.1261698831801452,1.1455533379363478,1.1
2000.0,500.0,3.0,1.089091506177108,1.0180234880939671,1.0377323253278825,1.1
2000.0,500.0,3.0,1.124923936082343,1.0701693535815129,1.0886847067129004,1.0
2000.0,500.0,3.0,1.238874471588001,1.1991926860084383,1.2059566085326576,1.1
2000.0,500.0,3.0,1.2362401781206698,1.160946191915258,1.1801052468461362,1.1
2000.0,500.0,3.0,1.241113037473287,1.1928301520656095,1.2089258683173754,1.1
2000.0,500.0,3.0,0.949508268403973,0.8725817316195349,0.883814600395286,1.0
2000.0,500.0,3.0,1.214486338496818,1.147260253677085,1.153740667043562,1.1
2000.0,500.0,3.0,1.1473954570768792,1.1355336790349906,1.140807151647545,1.1
2000.0,500.0,4.0,1.2005918493634369,1.112925618195277,1.143773671405658,1.1
2000.0,500.0,4.0,1.2597800242926795,1.1902816439828705,1.2197139041188167,1.1
2000.0,500.0,4.0,0.860835277477251,0.7776007259426817,0.800742206490742,1.0
2000.0,500.0,4.0,1.1934717382501168,1.1921254639379355,1.1897466884591277,1.1
2000.0,500.0,4.0,1.0913324407421978,1.0082135603359514,1.054464507993654,1.1
2000.0,500.0,4.0,1.0972529992766482,0.9944501627326288,1.011468160409137,1.1
2000.0,500.0,4.0,1.6408336096441012,1.636275020797008,1.6398604133664645,1.1
2000.0,500.0,4.0,1.284772526588644,1.2676013700743856,1.2716101015504535,1.1
2000.0,500.0,4.0,0.9799032342418728,0.8775346140845028,0.872780605473616,1.0
2000.0,500.0,4.0,1.3140287748575474,1.2688488658203914,1.2835345279680344,1.0
2000.0,500.0,4.0,0.9580611516314528,0.8609770675502113,0.8839508200620504,1.0
2000.0,500.0,4.0,1.1293788810558452,1.0281372688027297,1.0431977799455383,1.1
2000.0,500.0,4.0,1.133449372151183,1.062618783449283,1.0742911321162676,1.1
2000.0,500.0,4.0,1.4902308732845515,1.471993697994754,1.482417868096506,1.1
2000.0,500.0,4.0,0.9166604769122148,0.8179000508612482,0.8399657463087333,1.0
2000.0,500.0,4.0,1.1770458546268956,1.107321332348741,1.1284342281208986,1.0
2000.0,500.0,4.0,0.9934993248939068,0.9471001377607702,0.9675849021420356,1.1
2000.0,500.0,4.0,1.2271457744464211,1.1780922978381263,1.2035188255719629,1.0
2000.0,500.0,4.0,1.050483644354644,0.9436567635543288,0.967558041092581,1.1
2000.0,500.0,4.0,1.1217160973056115,1.056224584554037,1.0810357024146635,1.0
2000.0,500.0,4.0,1.020593996512594,0.9638290672063988,0.9891737179538898,1.0
2000.0,500.0,4.0,1.2173936860455767,1.134545474650641,1.1604802937389795,1.0
2000.0,500.0,4.0,1.0653481967742948,0.9654792827294264,0.9788904055914032,1.0
2000.0,500.0,4.0,1.075738552143071,0.9706980770899104,0.988604300171639,1.0
2000.0,500.0,4.0,1.3173294516401386,1.2590748024006055,1.282342109060423,1.1
2000.0,500.0,4.0,1.0233859770331883,0.9878805631666688,0.9899593978925472,1.0
2000.0,500.0,4.0,1.1070944596997203,1.029020376178018,1.0569399813581668,1.0
2000.0,500.0,4.0,1.158645138934391,1.0696023866511073,1.0950751797588425,1.0
2000.0,500.0,4.0,1.1161258278642412,1.021947969395684,1.0384326026380868,1.1
2000.0,500.0,4.0,1.2448757196302132,1.1435170677181223,1.1534371532001817,1.0
2000.0,500.0,4.0,1.2323641778414751,1.145772901852134,1.1664809502220794,1.0
2000.0,500.0,4.0,1.179377093658463,1.080840944729225,1.1022373467609998,1.1
2000.0,500.0,4.0,1.1619347909031326,1.0903559779454024,1.1208880456946415,1.1
2000.0,500.0,4.0,1.2896846237765054,1.1858796496907305,1.1849625990982977,1.1
2000.0,500.0,4.0,1.347587610879235,1.3222014978833498,1.326195164259714,1.1
2000.0,500.0,4.0,1.2518189051945974,1.1884391136578916,1.208510727108994,1.0
2000.0,500.0,4.0,1.082799597158839,1.003956439123233,1.0340792861554886,1.1
2000.0,500.0,4.0,1.059881444657378,0.9576698145353332,0.9691519694269364,1.1
2000.0,500.0,4.0,1.103505998950124,0.9978869035705692,1.011212417143882,1.0
2000.0,500.0,4.0,1.0595107459866573,0.9695646785683758,0.9834406164485424,1.0
2000.0,500.0,4.0,1.093772294889186,0.9947240040036583,0.9955987151479568,1.0
2000.0,500.0,4.0,1.2253461919298447,1.131204433863898,1.1520412144541872,1.1
2000.0,500.0,4.0,1.0854553415694774,0.9859988903684924,1.0077187466050714,1.1
2000.0,500.0,4.0,1.1665652481097906,1.1008668516164284,1.125652603502146,1.0
2000.0,500.0,4.0,1.285165962117334,1.224176653615124,1.235457307139266,1.1
2000.0,500.0,4.0,1.2816535708275598,1.1786754144969924,1.1938127755489676,1.1
2000.0,500.0,4.0,1.288150716631049,1.2136853312213685,1.2389722192195058,1.1
2000.0,500.0,4.0,0.9326776912052972,0.8334430985558855,0.8556063532178051,1.0
2000.0,500.0,4.0,1.2526484513290908,1.158352088346134,1.1608848528185838,1.1
2000.0,500.0,4.0,1.1631939427691722,1.1412198769558648,1.1506328225291622,1.1
2000.0,500.0,5.0,1.2257398117042957,1.1127510388722055,1.146883435364512,1.1
2000.0,500.0,5.0,1.2997250303658494,1.2057515286383969,1.2458401408829574,1.1
2000.0,500.0,5.0,0.8260440968465637,0.7279984453581193,0.7584483314382362,1.0
2000.0,500.0,5.0,1.2168396728126458,1.2151568299224196,1.2121833605739092,1.1
2000.0,500.0,5.0,1.0891655509277474,0.9792972523630714,1.0382659136885246,1.1
2000.0,500.0,5.0,1.09656624909581,0.966978507267752,0.971853405390294,1.1
2000.0,500.0,5.0,1.7760420120551266,1.7703437759962597,1.7739704723746734,1.1
2000.0,500.0,5.0,1.3309656582358051,1.3083669696530995,1.3145126269380674,1.1
2000.0,500.0,5.0,0.9748790428023412,0.8483376541290641,0.8483568240224072,1.0
2000.0,500.0,5.0,1.3925359685719343,1.3417437246719754,1.360648637976598,1.0
2000.0,500.0,5.0,0.947576439539316,0.8310398829424464,0.860857054871572,1.0
2000.0,500.0,5.0,1.1369860977712558,1.0101745026154665,1.0219588884693092,1.0
2000.0,500.0,5.0,1.1418117151889784,1.0478170946515226,1.058049040885383,1.1
2000.0,500.0,5.0,1.5877885916056895,1.56242686556766,1.5780223351206322,1.1
2000.0,500.0,5.0,0.8958255961402684,0.7770849122964515,0.8102355239838792,1.0
2000.0,500.0,5.0,1.2213073182836194,1.1389072951302432,1.1648363147529257,1.0
2000.0,500.0,5.0,0.9668741561173836,0.9026079140333322,0.9319552526542454,1.1
2000.0,500.0,5.0,1.2839322180580264,1.2272234799856636,1.26016367970489,1.0
2000.0,500.0,5.0,1.038104555443305,0.9029590085720453,0.9274431583105248,1.1
2000.0,500.0,5.0,1.1521451216320149,1.077986807586484,1.1078354137325277,1.0
2000.0,500.0,5.0,1.0257424956407426,0.9559883822297452,0.990871341196847,1.0
2000.0,500.0,5.0,1.271742107556971,1.1735243127942856,1.2059590175230774,1.0
2000.0,500.0,5.0,1.0816852459678683,0.959279188564154,0.9872854595279216,1.0
2000.0,500.0,5.0,1.0946731901788382,0.9649278297059188,0.9926821732115434,1.0
2000.0,500.0,5.0,1.3716618145501729,1.2926575015741577,1.3251485015394864,1.1
2000.0,500.0,5.0,1.029232471291485,0.9911543399809396,0.9947335747379992,1.0
2000.0,500.0,5.0,1.1338680746246503,1.0409555952853864,1.0767661763004748,1.0
2000.0,500.0,5.0,1.198306423667989,1.0935243329768038,1.1239070907734257,1.0
2000.0,500.0,5.0,1.1201572848303014,1.00001882272004,1.0171905923675992,1.1
2000.0,500.0,5.0,1.3060946495377663,1.1809292045839024,1.199468063516378,1.0
2000.0,500.0,5.0,1.2904552223018435,1.1879743121998427,1.2110163506801035,1.0
2000.0,500.0,5.0,1.1992213670730791,1.074129815143153,1.0930144343722927,1.1
2000.0,500.0,5.0,1.1774184886289156,1.0828656069024034,1.1191950334938634,1.1
2000.0,500.0,5.0,1.3371057797206316,1.2069196478648354,1.198147772487192,1.1
2000.0,500.0,5.0,1.4094845135990437,1.3727264449882104,1.3822658716918057,1.1
2000.0,500.0,5.0,1.3147736314932468,1.243460248452798,1.2676386661990722,1.0
2000.0,500.0,5.0,1.0784994964485488,0.975282284496092,1.011736328799648,1.1
2000.0,500.0,5.0,1.0498518058217223,0.920249199697674,0.9268032627150654,1.1
2000.0,500.0,5.0,1.1293824986876548,0.9975738029727188,1.0180101144562694,1.0
2000.0,500.0,5.0,1.074388432483322,0.964054231975504,0.98327962292154,1.0
2000.0,500.0,5.0,1.1172153686114823,0.9940005722966744,1.0020961752918744,1.0
2000.0,500.0,5.0,1.256682739912306,1.1365535438893948,1.1544356825557074,1.1
2000.0,500.0,5.0,1.0818191769618468,0.956353247254758,0.9743414886351348,1.1
2000.0,500.0,5.0,1.2082065601372385,1.1325878367300732,1.16272245104442,1.0
2000.0,500.0,5.0,1.3314574526466674,1.2484083207114731,1.2649809606876836,1.1
2000.0,500.0,5.0,1.3270669635344496,1.197286417762782,1.206305416392233,1.1
2000.0,500.0,5.0,1.3351883957888115,1.2364936292491693,1.2664664681107514,1.1
2000.0,500.0,5.0,0.9158471140066216,0.7939810891992638,0.8216413700995483,1.0
2000.0,500.0,5.0,1.2908105641613634,1.1705345346234564,1.1694230915796229,1.1
2000.0,500.0,5.0,1.1789924284614652,1.1494192434923245,1.1605935641061078,1.1
2000.0,500.0,6.0,1.2508877740451552,1.1104148583446818,1.1531075060948062,1.1
2000.0,500.0,6.0,1.339670036439019,1.2186002042832862,1.2698809549858945,1.1
2000.0,500.0,6.0,0.7912529162158763,0.6770588099538022,0.717751960011835,1.0
2000.0,500.0,6.0,1.2402076073751749,1.2363593627738552,1.2346200326886911,1.1
2000.0,500.0,6.0,1.086998661113297,0.953279791726284,1.0198135552313337,1.1
2000.0,500.0,6.0,1.0958794989149725,0.9401194403683422,0.9399412085050428,1.1
2000.0,500.0,6.0,1.911250414466152,1.904412531195512,1.9083367224506045,1.1
2000.0,500.0,6.0,1.3771587898829662,1.3473926980245012,1.3558000803026096,1.1
2000.0,500.0,6.0,0.9698548513628094,0.8202367913879167,0.8248409377672862,1.0
2000.0,500.0,6.0,1.4710431622863211,1.4142252342252586,1.4346734233260556,1.0
2000.0,500.0,6.0,0.9370917274471792,0.8017287711780471,0.8371040612595567,1.0
2000.0,500.0,6.0,1.164383317325507,1.0122504229664264,1.0286433993838318,1.0
2000.0,500.0,6.0,1.150174058226774,1.0352304083883266,1.0427171698992663,1.1
2000.0,500.0,6.0,1.685346309926827,1.654912238681192,1.6723673887614283,1.1
2000.0,500.0,6.0,0.8749907153683221,0.7346610523387274,0.7825417567065952,1.0
2000.0,500.0,6.0,1.2655687819403432,1.1719506790542782,1.199651557435435,1.0
2000.0,500.0,6.0,0.9402489873408602,0.8584283132550931,0.8952989569171885,1.1
2000.0,500.0,6.0,1.3407186616696314,1.273619068144496,1.3143225179993732,1.0
2000.0,500.0,6.0,1.0257254665319655,0.8628930835775689,0.8911007405756751,1.1
2000.0,500.0,6.0,1.1825741459584176,1.0989492955593163,1.136062505155345,1.0
2000.0,500.0,6.0,1.030890994768891,0.9525110762992072,0.9909002424197808,1.0
2000.0,500.0,6.0,1.326090529068365,1.215797146945954,1.2524098927764504,1.0
2000.0,500.0,6.0,1.0980222951614425,0.9537253028926724,0.9915783426054232,1.0
2000.0,500.0,6.0,1.113607828214606,0.9592016936110715,0.995546537559454,1.0
2000.0,500.0,6.0,1.4259941774602074,1.3277327819270262,1.361930036979354,1.1
2000.0,500.0,6.0,1.0350789655497823,0.990489497806304,0.9940503145904857,1.0
2000.0,500.0,6.0,1.1606416895495806,1.0552840526816505,1.0981488499968246,1.0
2000.0,500.0,6.0,1.2379677084015863,1.1182787969442685,1.1529782958276438,1.0
2000.0,500.0,6.0,1.1241887417963614,0.9794574153325956,0.9932740956587178,1.1
2000.0,500.0,6.0,1.3673135794453195,1.2198104275005086,1.2425389635275774,1.0
2000.0,500.0,6.0,1.3485462667622126,1.228192897464729,1.2575846027710849,1.0
2000.0,500.0,6.0,1.219065640487695,1.0679373211139795,1.0882865262931136,1.1
2000.0,500.0,6.0,1.192902186354699,1.0744894417153228,1.115844606359765,1.1
2000.0,500.0,6.0,1.3897061535542596,1.233488344952431,1.244846040514854,1.0
2000.0,500.0,6.0,1.4713814163188523,1.4261067672428345,1.4363146587010012,1.1
2000.0,500.0,6.0,1.377728357791896,1.2990794652176536,1.3221097236787906,1.0
2000.0,500.0,6.0,1.0741993957382587,0.9444352835874552,0.98709250216007,1.1
2000.0,500.0,6.0,1.0398221669860668,0.8829741742284458,0.8873981986332371,1.1
2000.0,500.0,6.0,1.155258998425186,0.9982868824625124,1.025851566982357,1.0
2000.0,500.0,6.0,1.0892661189799862,0.9593450885993102,0.9843654556759706,1.0
2000.0,500.0,6.0,1.1406584423337789,0.9943416709075612,1.004250673767058,1.0
2000.0,500.0,6.0,1.2880192878947672,1.1426052266558997,1.163529481459675,1.1
2000.0,500.0,6.0,1.0781830123542158,0.9269793216160735,0.9448149931678088,1.1
2000.0,500.0,6.0,1.2498478721646855,1.163951269902028,1.2002744663680764,1.0
2000.0,500.0,6.0,1.3777489431760013,1.2739777896097448,1.2900539610025734,1.1
2000.0,500.0,6.0,1.3878443647619974,1.231771880756754,1.2511855893043242,1.0
2000.0,500.0,6.0,1.3822260749465738,1.2572258606329796,1.2955282432785329,1.1
2000.0,500.0,6.0,0.8990165368079461,0.7564915142173193,0.8015288603167069,1.0
2000.0,500.0,6.0,1.328972676993636,1.1832951999044472,1.1718675516564696,1.1
2000.0,500.0,6.0,1.1947909141537585,1.1532815265152698,1.1691483337962958,1.1
2000.0,500.0,7.0,1.2760357363860142,1.1105302666813703,1.1593922525161524,1.1
2000.0,500.0,7.0,1.379615042512189,1.2357310040641205,1.2932876314780766,1.1
2000.0,500.0,7.0,0.756461735585189,0.6274659730230453,0.6739748123223639,1.0
2000.0,500.0,7.0,1.2635755419377042,1.2549376267372263,1.2529946439730333,1.1
2000.0,500.0,7.0,1.0848317712988464,0.9241811963228892,1.002177169669635,1.1
2000.0,500.0,7.0,1.1065610791090243,0.92469006118626,0.922361279861078,1.0
2000.0,500.0,7.0,2.046458816877177,2.0384812863947634,2.043059509525705,1.1
2000.0,500.0,7.0,1.4233519215301271,1.3871189418982424,1.398433427019711,1.1
2000.0,500.0,7.0,0.9648306599232775,0.7913478044684736,0.8002265685442702,1.0
2000.0,500.0,7.0,1.5495503560007082,1.4845069497828172,1.5074958268300476,1.0
2000.0,500.0,7.0,0.9266070153550424,0.7728386293196907,0.8114372864872305,1.0
2000.0,500.0,7.0,1.191780536879758,1.014731237064735,1.035938481087632,1.0
2000.0,500.0,7.0,1.1585364012645698,1.022031119702549,1.0289700179543686,1.1
2000.0,500.0,7.0,1.7829040282479656,1.747397611794724,1.7667300168518436,1.1
2000.0,500.0,7.0,0.8541558345963757,0.6931749788911664,0.7515485218718498,1.0
2000.0,500.0,7.0,1.309830245597067,1.2051563875202436,1.2340703142335947,1.0
2000.0,500.0,7.0,0.9136238185643368,0.8172950143616189,0.8586873117625232,1.1
2000.0,500.0,7.0,1.3975051052812368,1.3215375582706723,1.366709604332602,1.0
2000.0,500.0,7.0,1.0133463776206266,0.8228952806626499,0.85362661975356,1.1
2000.0,500.0,7.0,1.2130031702848207,1.118239002398871,1.1635502280524683,1.0
2000.0,500.0,7.0,1.0360394938970394,0.948357041758843,0.9915881576049436,1.0
2000.0,500.0,7.0,1.3804389505797596,1.254663782016166,1.3021354750988323,1.0
2000.0,500.0,7.0,1.1143593443550162,0.946692034466966,0.9931381219885806,1.0
2000.0,500.0,7.0,1.1325424662503738,0.9533999481537596,0.997563130586532,1.0
2000.0,500.0,7.0,1.480326540370242,1.3626115994893993,1.3991495120476698,1.1
2000.0,500.0,7.0,1.0409254598080795,0.992945728094116,0.9979551363798812,1.0
2000.0,500.0,7.0,1.1874153044745106,1.070315199942826,1.1189345133645543,1.0
2000.0,500.0,7.0,1.2776289931351843,1.1438379772555871,1.181245377813895,1.0
2000.0,500.0,7.0,1.128220198762422,0.958497212630593,0.9722216902546348,1.1
2000.0,500.0,7.0,1.428532509352873,1.2584929928894983,1.2863381360862125,1.0
2000.0,500.0,7.0,1.4066373112225814,1.267853879951875,1.302473341524678,1.0
2000.0,500.0,7.0,1.2389099139023108,1.0617618355368363,1.07870631323506,1.1
2000.0,500.0,7.0,1.2083858840804818,1.068408323574582,1.116007575482607,1.1
2000.0,500.0,7.0,1.4546571791466365,1.2725905732225478,1.2886816243472252,1.0
2000.0,500.0,7.0,1.533278319038661,1.4738370180330718,1.4920846112917672,1.1
2000.0,500.0,7.0,1.4406830840905451,1.3574138086907537,1.379892016558182,1.0
2000.0,500.0,7.0,1.0698992950279689,0.913109100595731,0.9633584880464146,1.1
2000.0,500.0,7.0,1.0297925281504112,0.8462921615735914,0.8449942719950961,1.1
2000.0,500.0,7.0,1.181135498162717,0.9987595435892884,1.033912685218276,1.0
2000.0,500.0,7.0,1.1041438054766504,0.9551468169565774,0.9869401826563664,1.0
2000.0,500.0,7.0,1.1641015160560753,0.9942011599182085,1.009690108469077,1.0
2000.0,500.0,7.0,1.3193558358772284,1.1491956451820895,1.1660323891987965,1.1
2000.0,500.0,7.0,1.0745468477465854,0.8980214815259097,0.9124336173309922,1.1
2000.0,500.0,7.0,1.2914891841921334,1.1963950853050862,1.2345206253365912,1.0
2000.0,500.0,7.0,1.4240404337053345,1.3016940943166786,1.3191061576747285,1.1
2000.0,500.0,7.0,1.4524850922223305,1.270364554659604,1.2962347856725822,1.0
2000.0,500.0,7.0,1.429263754104336,1.2807164791326482,1.32675393915021,1.1
2000.0,500.0,7.0,0.8821859596092704,0.7181140838594826,0.7709706492952139,1.0
2000.0,500.0,7.0,1.3671347898259087,1.1961267946239933,1.1795845705020804,1.1
2000.0,500.0,7.0,1.210589399846051,1.1594131625765058,1.1802892046196265,1.1
2000.0,500.0,8.0,1.3011836987268732,1.111349811965134,1.1650973187106453,1.1
2000.0,500.0,8.0,1.4195600485853588,1.2494160337023663,1.3196267602485474,1.1
2000.0,500.0,8.0,0.7216705549545017,0.5750949006164654,0.6308678555788492,1.0
2000.0,500.0,8.0,1.2869434765002332,1.277071573413973,1.2748510216834663,1.1
2000.0,500.0,8.0,1.082664881484396,0.896849696732301,0.9840103005478812,1.1
2000.0,500.0,8.0,1.1217840904103136,0.9140605678497244,0.9198908689968,1.0
2000.0,500.0,8.0,2.1816672192882023,2.1725500415940155,2.1777822966008067,1.1
2000.0,500.0,8.0,1.469545053177288,1.4281359335979906,1.4396247178443493,1.1
2000.0,500.0,8.0,0.9598064684837458,0.7625003138998581,0.7767863367657767,1.0
2000.0,500.0,8.0,1.628057549715095,1.5595070401831588,1.5799952306629117,1.0
2000.0,500.0,8.0,0.9161223032629052,0.7428685352927612,0.7874929930235541,1.0
2000.0,500.0,8.0,1.2191777564340094,1.0175801918195702,1.0459873420087198,1.0
2000.0,500.0,8.0,1.1668987443023655,1.007026779169193,1.0164548425224198,1.1
2000.0,500.0,8.0,1.880461746569104,1.839882984908256,1.8610704114782572,1.1
2000.0,500.0,8.0,0.8333209538244292,0.6510064481348167,0.7207187682903585,1.0
2000.0,500.0,8.0,1.3540917092537907,1.237709040738246,1.2690556152572283,1.0
2000.0,500.0,8.0,0.8869986497878137,0.7664272990549783,0.8211970859016173,1.1
2000.0,500.0,8.0,1.454291548892842,1.3674714951664826,1.423828708568351,1.0
2000.0,500.0,8.0,1.000967288709288,0.7831321047227942,0.8112517410783646,1.1
2000.0,500.0,8.0,1.2434321946112237,1.1384192616428075,1.1899826423387168,1.0
2000.0,500.0,8.0,1.041187993025188,0.9464621001884574,0.9920575590444016,1.0
2000.0,500.0,8.0,1.4347873720911537,1.29362818472413,1.347500077216666,1.0
2000.0,500.0,8.0,1.13069639354859,0.9416164703910402,0.9964253704021828,1.0
2000.0,500.0,8.0,1.1514771042861414,0.9476890487373636,1.0027122758939897,1.0
2000.0,500.0,8.0,1.5346589032802769,1.3992873135072117,1.4404942520638162,1.1
2000.0,500.0,8.0,1.046771954066377,0.99351622043218,0.9983614765536144,1.0
2000.0,500.0,8.0,1.2141889193994404,1.085306125116155,1.1383481891661185,1.0
2000.0,500.0,8.0,1.317290277868782,1.16648626762635,1.2128237533207546,1.0
2000.0,500.0,8.0,1.1322516557284823,0.9375628012500468,0.9531199704055698,1.1
2000.0,500.0,8.0,1.4897514392604263,1.2977342848988505,1.330343572563356,1.0
2000.0,500.0,8.0,1.4647283556829502,1.3094467882522067,1.3520564184877275,1.0
2000.0,500.0,8.0,1.2587541873169266,1.0551161698148426,1.0696207789875911,1.1
2000.0,500.0,8.0,1.223869581806265,1.0605676134647697,1.1136590509568716,1.1
2000.0,500.0,8.0,1.5196082047390127,1.3121625653410884,1.3368849538303258,1.0
2000.0,500.0,8.0,1.5951752217584696,1.5227965381184685,1.5446234721699688,1.1
2000.0,500.0,8.0,1.5036378103891948,1.4118158137536214,1.4403390382653587,1.0
2000.0,500.0,8.0,1.0655991943176786,0.8853566023343081,0.9410668208891356,1.1
2000.0,500.0,8.0,1.0197628893147557,0.8098841779071027,0.8050759475925973,1.1
2000.0,500.0,8.0,1.2070119979002478,0.9994151811147512,1.040721052486114,1.0
2000.0,500.0,8.0,1.1190214919733146,0.9515731173698558,0.9851643918845192,1.0
2000.0,500.0,8.0,1.1875445897783714,0.9941980435616016,1.017787121869752,1.0
2000.0,500.0,8.0,1.3506923838596894,1.155897740745871,1.1722909124630163,1.1
2000.0,500.0,8.0,1.0819626072933766,0.8803330994533832,0.8837483034414365,1.0
2000.0,500.0,8.0,1.3331304962195811,1.228480990798447,1.2700128410335472,1.0
2000.0,500.0,8.0,1.4703319242346682,1.327017211636227,1.348708213984794,1.1
2000.0,500.0,8.0,1.5171258196826631,1.309182986813319,1.345071752323667,1.0
2000.0,500.0,8.0,1.4763014332620987,1.3041807274189765,1.358376775772273,1.1
2000.0,500.0,8.0,0.8653553824105946,0.6783123791685928,0.7404965088684827,1.0
2000.0,500.0,8.0,1.4052969026581814,1.2096089840555002,1.187903413542529,1.1
2000.0,500.0,8.0,1.2263878855383443,1.1632487349332887,1.1911157055571997,1.1
2000.0,500.0,9.0,1.3263316610677325,1.1113291084551788,1.167780845923121,1.1
2000.0,500.0,9.0,1.4595050546585289,1.2634635129022784,1.3428801402774224,1.1
2000.0,500.0,9.0,0.6868793743238143,0.5239193231628687,0.5857663731101065,1.0
2000.0,500.0,9.0,1.3103114110627627,1.2992055200907198,1.2967073993939002,1.1
2000.0,500.0,9.0,1.0804979916699458,0.8696619682947022,0.9661192459392424,1.1
2000.0,500.0,9.0,1.1370071017116028,0.9035163698349225,0.9145203333102504,1.0
2000.0,500.0,9.0,2.316875621699228,2.303671399215444,2.312505083675908,1.1
2000.0,500.0,9.0,1.515738184824449,1.4635275730194812,1.4820778075748935,1.1
2000.0,500.0,9.0,0.954782277044214,0.7348867428228886,0.7523709225276279,1.0
2000.0,500.0,9.0,1.7065647434294815,1.6310879928522484,1.6532923193411948,1.0
2000.0,500.0,9.0,0.9056375911707688,0.713619689226578,0.7625569595660072,1.0
2000.0,500.0,9.0,1.2465749759882605,1.020345906747144,1.0536682020594053,1.0
2000.0,500.0,9.0,1.175261087340161,0.991167606116604,1.0026157974774024,1.1
2000.0,500.0,9.0,1.9780194648902407,1.9323683580217876,1.9523320594437268,1.1
2000.0,500.0,9.0,0.8124860730524828,0.6093266864674877,0.6879765026379383,1.0
2000.0,500.0,9.0,1.3983531729105143,1.271162772783695,1.3079055840902414,1.0
2000.0,500.0,9.0,0.8603734810112903,0.7236906102857459,0.7857642432280996,1.1
2000.0,500.0,9.0,1.5110779925044473,1.4181104014748935,1.4775483167385133,1.0
2000.0,500.0,9.0,0.9885881997979488,0.7431842400530397,0.7693670427437924,1.1
2000.0,500.0,9.0,1.2738612189376264,1.1607519306879637,1.217246649965407,1.0
2000.0,500.0,9.0,1.0463364921533365,0.9486519164134104,0.994230908894132,1.0
2000.0,500.0,9.0,1.489135793602548,1.3333151718514158,1.3923572590858653,1.0
2000.0,500.0,9.0,1.1470334427421636,0.9373661515662725,0.9998734358650706,1.0
2000.0,500.0,9.0,1.1704117423219091,0.94229488618685,1.0048169353535732,1.0
2000.0,500.0,9.0,1.5889912661903114,1.4320767295830357,1.4779749587217996,1.1
2000.0,500.0,9.0,1.052618448324674,0.9962973542904217,0.9993048643868606,1.0
2000.0,500.0,9.0,1.2409625343243706,1.0993687638815723,1.1602175119404958,1.0
2000.0,500.0,9.0,1.3569515626023796,1.1897387526292125,1.2412440703564134,1.0
2000.0,500.0,9.0,1.1362831126945427,0.9171938781499076,0.9304643802582976,1.1
2000.0,500.0,9.0,1.5509703691679797,1.3361295297911926,1.379399812275678,1.0
2000.0,500.0,9.0,1.5228194001433188,1.3488891091738948,1.4008765058729429,1.0
2000.0,500.0,9.0,1.2785984607315424,1.0492672747702758,1.0595238886950655,1.1
2000.0,500.0,9.0,1.239353279532048,1.0534978753456945,1.112189726407811,1.1
2000.0,500.0,9.0,1.5845592303313896,1.351784156644979,1.3802404686660612,1.0
2000.0,500.0,9.0,1.6570721244782785,1.5740174710230317,1.5985509679219077,1.1
2000.0,500.0,9.0,1.566592536687844,1.4658647724418783,1.4988078907615954,1.0
2000.0,500.0,9.0,1.0612990936073885,0.8574056789018618,0.9167094569606464,1.1
2000.0,500.0,9.0,1.0097332504791,0.7735207915011448,0.7678774554747327,1.1
2000.0,500.0,9.0,1.232888497637779,1.0009142864169496,1.0489222938235607,1.0
2000.0,500.0,9.0,1.1338991784699788,0.9474217044887834,0.9873110507171572,1.0
2000.0,500.0,9.0,1.210987663500668,0.9937418943601328,1.0263126840059722,1.0
2000.0,500.0,9.0,1.3820289318421506,1.1622531079513247,1.177462184201225,1.1
2000.0,500.0,9.0,1.0922079332050485,0.8657394614131779,0.8747547561596786,1.0
2000.0,500.0,9.0,1.3747718082470288,1.2628646633160392,1.3064710903713923,1.0
2000.0,500.0,9.0,1.5166234147640014,1.3546248001009222,1.379144650995343,1.1
2000.0,500.0,9.0,1.5817665471429962,1.3480739923264944,1.3937249300993773,1.0
2000.0,500.0,9.0,1.5233391124198608,1.325901412702685,1.3867457927663536,1.1
2000.0,500.0,9.0,0.848524805211919,0.6407910376994924,0.709546003771202,1.0
2000.0,500.0,9.0,1.443459015490454,1.2229875973793105,1.1964231862420676,1.1
2000.0,500.0,9.0,1.2421863712306374,1.1711548267999496,1.2025051687518495,1.1
2000.0,500.0,10.0,1.3514796234085915,1.1119013527796031,1.1748494976959527,1.1
2000.0,500.0,10.0,1.4994500607316987,1.281626125446976,1.367078292709384,1.1
2000.0,500.0,10.0,0.652088193693127,0.4732296394799998,0.5443086169020485,1.0
2000.0,500.0,10.0,1.333679345625292,1.3213394667674667,1.3185637771043337,1.1
2000.0,500.0,10.0,1.0783311018554953,0.8427868547196282,0.9516368158505704,1.1
2000.0,500.0,10.0,1.1522301130128918,0.8930314280134625,0.9102369004549448,1.0
2000.0,500.0,10.0,2.452084024110253,2.437412665794937,2.447227870751008,1.1
2000.0,500.0,10.0,1.5619313164716102,1.5039195255772018,1.5230377832640687,1.1
2000.0,500.0,10.0,0.949758085604682,0.7071794577542823,0.724856580586253,1.0
2000.0,500.0,10.0,1.7850719371438688,1.701208880946943,1.7258803548235502,1.0
2000.0,500.0,10.0,0.8951528790786321,0.6868001622414045,0.7378948895920677,1.0
2000.0,500.0,10.0,1.2739721955425116,1.0235646940739986,1.0624360750766124,1.0
2000.0,500.0,10.0,1.183623430377957,0.9775642478693392,0.9885461466492886,1.1
2000.0,500.0,10.0,2.0755771832113794,2.022551849254937,2.047035621604141,1.1
2000.0,500.0,10.0,0.7916511922805365,0.5681723571656692,0.6548566663928512,1.0
2000.0,500.0,10.0,1.4426146365672383,1.3069273205162566,1.3423317374434207,1.0
2000.0,500.0,10.0,0.8337483122347671,0.6795991717196945,0.7477068399453857,1.1
2000.0,500.0,10.0,1.5678644361160523,1.4715981718141096,1.5314914751773947,1.0
2000.0,500.0,10.0,0.9762091108866096,0.7035141963435179,0.7309722380110478,1.1
2000.0,500.0,10.0,1.3042902432640295,1.1786132563199596,1.2413851666282305,1.0
2000.0,500.0,10.0,1.0514849912814852,0.9443851089618244,0.9944825186922828,1.0
2000.0,500.0,10.0,1.543484215113942,1.3737312530869703,1.4359525100954058,1.0
2000.0,500.0,10.0,1.1633704919357375,0.9333560760721196,1.0040927916414897,1.0
2000.0,500.0,10.0,1.1893463803576767,0.9358832068742772,1.0060034933897035,1.0
2000.0,500.0,10.0,1.643323629100346,1.4649486129736915,1.5161428770560104,1.1
2000.0,500.0,10.0,1.058464942582971,0.9958859492115794,1.0020799124846418,1.0
2000.0,500.0,10.0,1.2677361492493004,1.1129869003519626,1.1781929867416077,1.0
2000.0,500.0,10.0,1.3966128473359771,1.2126798240646448,1.27034575637499,1.0
2000.0,500.0,10.0,1.1403145696606027,0.8967014332835341,0.9108887411394448,1.1
2000.0,500.0,10.0,1.6121892990755329,1.3744149845215892,1.4220808616874456,1.0
2000.0,500.0,10.0,1.5809104446036877,1.3911717572479212,1.4496505184652375,1.0
2000.0,500.0,10.0,1.2984427341461582,1.0434275174287286,1.055026542994517,1.1
2000.0,500.0,10.0,1.2548369772578314,1.046018141586358,1.1111097914560688,1.1
2000.0,500.0,10.0,1.649510255923766,1.391169994333331,1.4260566381427997,1.0
2000.0,500.0,10.0,1.7189690271980869,1.6266860789144788,1.6534371975420226,1.1
2000.0,500.0,10.0,1.629547262986493,1.519067425105504,1.5544259496759114,1.0
2000.0,500.0,10.0,1.0569989928970984,0.8292554671714507,0.8912801966407184,1.1
2000.0,500.0,10.0,1.0104337183628966,0.7478614553303671,0.7892350022097623,1.0
2000.0,500.0,10.0,1.2587649973753097,1.0015441256529385,1.055610625798104,1.0
2000.0,500.0,10.0,1.148776864966643,0.943790515221312,0.9879532148824912,1.0
2000.0,500.0,10.0,1.2344307372229646,0.993366747378364,1.030068349223765,1.0
2000.0,500.0,10.0,1.413365479824612,1.1687381478519423,1.1824466215118512,1.1
2000.0,500.0,10.0,1.1024532591167209,0.8509667887504124,0.870796410016732,1.0
2000.0,500.0,10.0,1.416413120274476,1.2933872631173429,1.3437271424081116,1.0
2000.0,500.0,10.0,1.562914905293335,1.3771747427863488,1.4055619482415525,1.1
2000.0,500.0,10.0,1.6464072746033291,1.3874935986854795,1.4408472278714637,1.0
2000.0,500.0,10.0,1.5703767915776232,1.3482957103869326,1.411083452766007,1.1
2000.0,500.0,10.0,0.8316942280132433,0.6033790282673231,0.6834852784084267,1.0
2000.0,500.0,10.0,1.4816211283227267,1.236565486115369,1.2005207626357288,1.1
2000.0,500.0,10.0,1.2579848569229306,1.1753195116867854,1.2120946708950535,1.1
3000.0,500.0,0.5,1.093757881521392,1.093757881521392,1.093757881521392,1.1
3000.0,500.0,0.5,1.0893470829446947,1.0893470829446947,1.0893470829446943,1.1
3000.0,500.0,0.5,1.072850325566335,1.0726644001867325,1.072850325566335,1.1
3000.0,500.0,0.5,1.092131814689853,1.092131814689853,1.092131814689853,1.1
3000.0,500.0,0.5,1.115047979647239,1.115047979647239,1.115047979647239,1.1
3000.0,500.0,0.5,1.0863973588138829,1.08624459579041,1.0863336072137937,1.1
3000.0,500.0,0.5,1.0992443224361113,1.0992443224361117,1.0992443224361113,1.1
3000.0,500.0,0.5,1.1002378595632605,1.1002378595632605,1.1002378595632607,1.1
3000.0,500.0,0.5,1.0963639143920243,1.0963639143920243,1.0963639143920243,1.1
3000.0,500.0,0.5,1.075017728427466,1.0748501261219074,1.074854599865912,1.1
3000.0,500.0,0.5,1.1098732967225515,1.1098732967225515,1.1098732967225515,1.1
3000.0,500.0,0.5,1.0893344779928236,1.0893344779928236,1.0893344779928236,1.1
3000.0,500.0,0.5,1.07468524893023,1.07468524893023,1.0745823471944975,1.1
3000.0,500.0,0.5,1.1113895516847558,1.1113895516847558,1.1113895516847558,1.1
3000.0,500.0,0.5,1.1090220948909104,1.1090220948909104,1.1090220948909104,1.1
3000.0,500.0,0.5,1.103893616282935,1.103893616282935,1.103893616282935,1.1
3000.0,500.0,0.5,1.1004160061874355,1.1004160061874355,1.1004160061874355,1.1
3000.0,500.0,0.5,1.101946495400156,1.101946495400156,1.101946495400156,1.1
3000.0,500.0,0.5,1.0999919901211055,1.0999919901211055,1.099903001350378,1.1
3000.0,500.0,0.5,1.1186104098787044,1.1186104098787044,1.1186104098787046,1.1
3000.0,500.0,0.5,1.102356926187506,1.1017071950583248,1.1022674259260714,1.1
3000.0,500.0,0.5,1.1056537917147091,1.1056537917147091,1.105577562226043,1.1
3000.0,500.0,0.5,1.1241174577475608,1.1241174577475608,1.1241174577475608,1.1
3000.0,500.0,0.5,1.1312692871138772,1.1312692871138772,1.1312692871138772,1.1
3000.0,500.0,0.5,1.0940944402179835,1.0940944402179835,1.0940944402179835,1.1
3000.0,500.0,0.5,1.0840626632982464,1.0840626632982464,1.0839274106855736,1.1
3000.0,500.0,0.5,1.0825089448076888,1.082508944807689,1.0825089448076888,1.1
3000.0,500.0,0.5,1.1029389249486616,1.1029389249486616,1.102938924948662,1.1
3000.0,500.0,0.5,1.0929397840666006,1.0929397840666004,1.0929397840666006,1.1
3000.0,500.0,0.5,1.102236116463454,1.1022361164634542,1.102141268280132,1.1
3000.0,500.0,0.5,1.0818081221252198,1.0818081221252198,1.0818081221252196,1.1
3000.0,500.0,0.5,1.166076237522511,1.1660762375225109,1.166076237522511,1.1
3000.0,500.0,0.5,1.1082762525808592,1.1082762525808594,1.1082762525808594,1.1
3000.0,500.0,0.5,1.1001100270664808,1.1001100270664808,1.100110027066481,1.1
3000.0,500.0,0.5,1.1116455929418638,1.1116455929418638,1.1116455929418638,1.1
3000.0,500.0,0.5,1.09437291130403,1.09437291130403,1.0943729113040297,1.1
3000.0,500.0,0.5,1.1251240929761828,1.125124092976183,1.125124092976183,1.1
3000.0,500.0,0.5,1.1118377835228577,1.1118377835228577,1.1118377835228577,1.1
3000.0,500.0,0.5,1.0866368256715624,1.0866368256715624,1.0866368256715626,1.1
3000.0,500.0,0.5,1.0898515671730076,1.08966147889036,1.0898515671730076,1.1
3000.0,500.0,0.5,1.1095051219523682,1.1095051219523682,1.1095051219523682,1.1
3000.0,500.0,0.5,1.0969368497961551,1.096764211379702,1.0969368497961554,1.1
3000.0,500.0,0.5,1.0628495905042863,1.060447302198009,1.0615141552530027,1.1
3000.0,500.0,0.5,1.0961699360681063,1.0961699360681063,1.0961699360681063,1.1
3000.0,500.0,0.5,1.1024579359492763,1.1024579359492763,1.1024579359492768,1.1
3000.0,500.0,0.5,1.1134908602830942,1.113490860283094,1.113490860283094,1.1
3000.0,500.0,0.5,1.0870074119656978,1.0870074119656978,1.087007411965698,1.1
3000.0,500.0,0.5,1.072094869191853,1.072094869191853,1.072094869191853,1.1
3000.0,500.0,0.5,1.0905433877225863,1.0905433877225863,1.0903746625973345,1.1
3000.0,500.0,0.5,1.1070519920379405,1.1070519920379402,1.1070519920379405,1.1
3000.0,500.0,1.0,1.1024804365988878,1.0917038004316235,1.098056022404175,1.1
3000.0,500.0,1.0,1.078694165889389,1.078694165889389,1.0782305767750129,1.1
3000.0,500.0,1.0,1.04570065113267,1.037732140788872,1.0410832532256382,1.1
3000.0,500.0,1.0,1.084263629379706,1.0801964287101546,1.0826467857065023,1.1
3000.0,500.0,1.0,1.1300959592944777,1.1300959592944777,1.1300959592944777,1.1
3000.0,500.0,1.0,1.0727947176277657,1.0571618096958324,1.0633821598326842,1.1
3000.0,500.0,1.0,1.0984886448722229,1.0967307883623545,1.098033661973656,1.1
3000.0,500.0,1.0,1.1004757191265209,1.100475719126521,1.1000805343512556,1.1
3000.0,500.0,1.0,1.092727828784049,1.0857336588234243,1.090684121224502,1.1
3000.0,500.0,1.0,1.0500354568549322,1.0391317530851347,1.0440740530273689,1.1
3000.0,500.0,1.0,1.119746593445103,1.1164982046547758,1.118166450095934,1.1
3000.0,500.0,1.0,1.0786689559856466,1.0733866374517944,1.076087235277435,1.1
3000.0,500.0,1.0,1.0493704978604603,1.0434141645175985,1.0452258749989602,1.1
3000.0,500.0,1.0,1.1227791033695118,1.1195929727639982,1.120998796104482,1.1
3000.0,500.0,1.0,1.1180441897818203,1.1180441897818203,1.1180441897818203,1.1
3000.0,500.0,1.0,1.1077872325658702,1.1058497014477806,1.1069780427483449,1.1
3000.0,500.0,1.0,1.1008320123748712,1.0913971886458778,1.093561975536283,1.1
3000.0,500.0,1.0,1.1038929908003114,1.1038929908003112,1.1038929908003114,1.1
3000.0,500.0,1.0,1.0999839802422111,1.0921007256160855,1.0953954110514663,1.1
3000.0,500.0,1.0,1.1372208197574083,1.1372208197574083,1.1372208197574083,1.1
3000.0,500.0,1.0,1.104713852375012,1.0893220681557478,1.093658554116028,1.1
3000.0,500.0,1.0,1.1113075834294186,1.1032813747212609,1.1064889466329837,1.1
3000.0,500.0,1.0,1.1482349154951217,1.147328202111803,1.1476333707666304,1.1
3000.0,500.0,1.0,1.162538574227754,1.162538574227754,1.1623898941596411,1.1
3000.0,500.0,1.0,1.0881888804359665,1.081533231962167,1.085577202933469,1.1
3000.0,500.0,1.0,1.068125326596493,1.0577248271007529,1.0639661685151411,1.1
3000.0,500.0,1.0,1.0650178896153777,1.0591166952415356,1.0624690555181393,1.1
3000.0,500.0,1.0,1.1058778498973227,1.1043328436532671,1.1052653029088122,1.1
3000.0,500.0,1.0,1.0858795681332012,1.0858795681332014,1.0858795681332012,1.1
3000.0,500.0,1.0,1.1044722329269074,1.08886208901335,1.0937036933804454,1.1
3000.0,500.0,1.0,1.0636162442504402,1.0577338058839445,1.0608496079906893,1.1
3000.0,500.0,1.0,1.232152475045022,1.232152475045022,1.232152475045022,1.1
3000.0,500.0,1.0,1.1165525051617189,1.113041471621615,1.114384092367913,1.1
3000.0,500.0,1.0,1.1002200541329614,1.0995418929239138,1.100022053585625,1.1
3000.0,500.0,1.0,1.1232911858837276,1.1232911858837278,1.1232911858837276,1.1
3000.0,500.0,1.0,1.0887458226080595,1.078219433774941,1.0827098625624367,1.1
3000.0,500.0,1.0,1.1502481859523657,1.1485603792806875,1.1491222739187863,1.1
3000.0,500.0,1.0,1.1236755670457153,1.1236755670457153,1.1236755670457153,1.1
3000.0,500.0,1.0,1.0732736513431251,1.0708792580272868,1.0726117117381957,1.1
3000.0,500.0,1.0,1.0797031343460153,1.074177630875816,1.0773320656931995,1.1
3000.0,500.0,1.0,1.1190102439047362,1.1173395101982182,1.1182550614787394,1.1
3000.0,500.0,1.0,1.0938736995923102,1.0769950535780015,1.0854680722740726,1.1
3000.0,500.0,1.0,1.0268512210943088,1.0041016489226442,1.0007222882618103,1.0
3000.0,500.0,1.0,1.092339872136213,1.0905025673352162,1.0912429702921205,1.1
3000.0,500.0,1.0,1.104915871898553,1.1038903326799712,1.103709317978972,1.1
3000.0,500.0,1.0,1.1269817205661887,1.1266604319674591,1.1263426195080624,1.1
3000.0,500.0,1.0,1.0740148239313956,1.067381320520626,1.0698651353414637,1.1
3000.0,500.0,1.0,1.0441897383837064,1.0340499737212312,1.036507989519769,1.1
3000.0,500.0,1.0,1.0810867754451725,1.0713451698812668,1.0727457430412877,1.1
3000.0,500.0,1.0,1.1141039840758808,1.1105159686788488,1.1131860866043235,1.1
3000.0,500.0,1.5,1.1037206548983316,1.0753570628352738,1.087977131057075,1.1
3000.0,500.0,1.5,1.0680412488340831,1.066954201049766,1.0652267833054587,1.1
3000.0,500.0,1.5,1.018550976699005,0.9957669817197732,1.0055477752965625,1.1
3000.0,500.0,1.5,1.0763954440695591,1.061249703955799,1.0690056237820933,1.1
3000.0,500.0,1.5,1.1451439389417164,1.1446876109889923,1.1449478647189677,1.1
3000.0,500.0,1.5,1.0591920764416485,1.0298646690182065,1.0300840137438596,1.1
3000.0,500.0,1.5,1.097732967308334,1.091010787662705,1.094565969460096,1.1
3000.0,500.0,1.5,1.1007135786897808,1.099525522897249,1.0997114234434595,1.1
3000.0,500.0,1.5,1.089091743176073,1.0674708085017797,1.0807466757830606,1.1
3000.0,500.0,1.5,1.025053185282398,0.9973535506474086,1.005234448580178,1.1
3000.0,500.0,1.5,1.1296198901676548,1.113475024757424,1.1215158165580086,1.1
3000.0,500.0,1.5,1.06800343397847,1.051008348398178,1.0543600023257256,1.1
3000.0,500.0,1.5,1.0240557467906903,1.0030012437488796,1.007911714300011,1.1
3000.0,500.0,1.5,1.1341686550542676,1.12174057167061,1.1275784041236527,1.1
3000.0,500.0,1.5,1.1270662846727308,1.1270662846727313,1.1270662846727308,1.1
3000.0,500.0,1.5,1.1116808488488048,1.103616645720109,1.1062302880022177,1.1
3000.0,500.0,1.5,1.1012480185623068,1.0750542011090254,1.0769742707043657,1.1
3000.0,500.0,1.5,1.105839486200467,1.105289280725853,1.105839486200467,1.1
3000.0,500.0,1.5,1.0999759703633163,1.0775289952281335,1.0824969346462423,1.1
3000.0,500.0,1.5,1.1558312296361124,1.1550027190948875,1.1558312296361122,1.1
3000.0,500.0,1.5,1.1070707785625182,1.0770880565979748,1.0781500897590983,1.1
3000.0,500.0,1.5,1.1169613751441276,1.09230043877664,1.1001466212471884,1.1
3000.0,500.0,1.5,1.1723523732426822,1.163700471508328,1.1684879415766505,1.1
3000.0,500.0,1.5,1.1938078613416303,1.1929502441319892,1.1930175165735128,1.1
3000.0,500.0,1.5,1.08228332065395,1.0625369606773678,1.072208093353517,1.1
3000.0,500.0,1.5,1.052187989894739,1.0267308172028144,1.0349212506077954,1.1
3000.0,500.0,1.5,1.0475268344230662,1.0287325990113536,1.0360823676537352,1.1
3000.0,500.0,1.5,1.1088167748459845,1.1010197645130044,1.1052483997372775,1.1
3000.0,500.0,1.5,1.078819352199802,1.077110262468914,1.0783709212019397,1.1
3000.0,500.0,1.5,1.1067083493903611,1.0764223699814923,1.0801165912979531,1.1
3000.0,500.0,1.5,1.0454243663756602,1.0266727117666885,1.0352011561113692,1.1
3000.0,500.0,1.5,1.2982287125675336,1.2982287125675336,1.2982287125675336,1.1
3000.0,500.0,1.5,1.124828757742578,1.1113916062024076,1.1161430940573165,1.1
3000.0,500.0,1.5,1.100330081199442,1.096143193875834,1.097063684875267,1.1
3000.0,500.0,1.5,1.1349367788255915,1.1333758872000734,1.1349367788255915,1.1
3000.0,500.0,1.5,1.0831187339120898,1.0564318177744296,1.0633481671423086,1.1
3000.0,500.0,1.5,1.1753722789285486,1.1673759365212957,1.1709875486962966,1.1
3000.0,500.0,1.5,1.1355133505685728,1.1350256259972755,1.1352351400928835,1.1
3000.0,500.0,1.5,1.0599104770146877,1.0465706019547911,1.0540560842123818,1.1
3000.0,500.0,1.5,1.069554701519023,1.0505931696861193,1.0600609607605394,1.1
3000.0,500.0,1.5,1.1285153658571043,1.1200895557520107,1.124132332072877,1.1
3000.0,500.0,1.5,1.0908105493884648,1.0575856198963445,1.0675295069267643,1.1
3000.0,500.0,1.5,1.0402768316414637,1.0119275172183104,1.0183115878806106,1.0
3000.0,500.0,1.5,1.0885098082043192,1.078459120150087,1.0846507168649533,1.1
3000.0,500.0,1.5,1.1073738078478297,1.1001803596483364,1.1020638273781278,1.1
3000.0,500.0,1.5,1.1404725808492828,1.1376396076532096,1.1371833613947075,1.1
3000.0,500.0,1.5,1.0610222358970938,1.0383342811737843,1.045491966832993,1.1
3000.0,500.0,1.5,1.0162846075755594,0.9906339038000486,0.9932025302857378,1.1
3000.0,500.0,1.5,1.0716301631677587,1.0449399702848028,1.0463605208578686,1.1
3000.0,500.0,1.5,1.121155976113821,1.1087847113977356,1.116692323957934,1.1
3000.0,500.0,2.0,1.1049608731977758,1.0625813386605465,1.0739898243228054,1.1
3000.0,500.0,2.0,1.0573883317787778,1.051777930548663,1.0520964925029543,1.1
3000.0,500.0,2.0,0.9914013022653404,0.9562217806863024,0.9648700023481612,1.1
3000.0,500.0,2.0,1.068527258759412,1.0383885240459572,1.0509411214192883,1.1
3000.0,500.0,2.0,1.1601919185889549,1.157143119473747,1.158637462291299,1.1
3000.0,500.0,2.0,1.077267209988778,1.04024470465638,1.0435827266134794,1.0
3000.0,500.0,2.0,1.0969772897444454,1.0834920578747285,1.089846355798667,1.1
3000.0,500.0,2.0,1.1009514382530414,1.0967843357746954,1.0982688369325562,1.1
3000.0,500.0,2.0,1.0854556575680976,1.0505148814756908,1.067627760111052,1.1
3000.0,500.0,2.0,1.000070913709864,0.9588021154202456,0.9635461331622212,1.1
3000.0,500.0,2.0,1.1394931868902067,1.1084519914422768,1.123243565434803,1.1
3000.0,500.0,2.0,1.0573379119712931,1.0271269124930158,1.0331824824120488,1.1
3000.0,500.0,2.0,0.9987409957209206,0.9617961504317076,0.9684080240053338,1.1
3000.0,500.0,2.0,1.1455582067390235,1.1239348130567597,1.1294890771060968,1.1
3000.0,500.0,2.0,1.1360883795636412,1.1355003120408853,1.1360883795636412,1.1
3000.0,500.0,2.0,1.11557446513174,1.100564742929856,1.1041724738382646,1.1
3000.0,500.0,2.0,1.1016640247497422,1.0621297534245449,1.0609515281905717,1.1
3000.0,500.0,2.0,1.1077859816006228,1.1070523743011376,1.1067414679907628,1.1
3000.0,500.0,2.0,1.099967960484422,1.0616148287206613,1.0673908113343404,1.1
3000.0,500.0,2.0,1.174441639514817,1.1709671357086873,1.173186136108418,1.1
3000.0,500.0,2.0,1.134282529608523,1.0953595088305068,1.1026886625402303,1.0
3000.0,500.0,2.0,1.1226151668588369,1.084369135842547,1.0888476432237253,1.1
3000.0,500.0,2.0,1.1964698309902433,1.1795969212949855,1.186659695715498,1.1
3000.0,500.0,2.0,1.2250771484555072,1.2229590795420922,1.2229293429064685,1.1
3000.0,500.0,2.0,1.0763777608719334,1.0437530321010668,1.0556008259655163,1.1
3000.0,500.0,2.0,1.0362506531929858,0.9967146774675096,1.0035654020033251,1.1
3000.0,500.0,2.0,1.0300357792307548,0.9983433703051738,1.00929615856455,1.1
3000.0,500.0,2.0,1.1117556997946458,1.0948274236769235,1.102121916616579,1.1
3000.0,500.0,2.0,1.0717591362664023,1.0685079063805625,1.070093673041005,1.1
3000.0,500.0,2.0,1.1331346464989598,1.09331118575986,1.0993300354508424,1.0
3000.0,500.0,2.0,1.0272324885008803,0.993062048746338,1.0089250747933225,1.1
3000.0,500.0,2.0,1.3643049500900446,1.3631093699218733,1.3636935224734177,1.1
3000.0,500.0,2.0,1.1331050103234372,1.106603274503228,1.1155096641928088,1.1
3000.0,500.0,2.0,1.1004401082659228,1.0893709201034911,1.0928781122076283,1.1
3000.0,500.0,2.0,1.1465823717674557,1.1413566635832677,1.14515673177053,1.1
3000.0,500.0,2.0,1.0774916452161196,1.037585910308258,1.0401261386625813,1.1
3000.0,500.0,2.0,1.2004963719047312,1.1835087751764306,1.1910905431020309,1.1
3000.0,500.0,2.0,1.1473511340914304,1.144845156367234,1.1469801867905114,1.1
3000.0,500.0,2.0,1.0465473026862504,1.02079868080988,1.0339691961230597,1.1
3000.0,500.0,2.0,1.059406268692031,1.026443400343435,1.0362256826926837,1.1
3000.0,500.0,2.0,1.1380204878094726,1.1187857495071885,1.1272223603016565,1.1
3000.0,500.0,2.0,1.1007785593182549,1.0560856383443782,1.062793876169608,1.0
3000.0,500.0,2.0,1.053702442188618,1.022907127820459,1.0351397234692548,1.0
3000.0,500.0,2.0,1.0846797442724256,1.0631303740201352,1.0742017516292728,1.1
3000.0,500.0,2.0,1.109831743797106,1.094518929033676,1.0975111605367236,1.1
3000.0,500.0,2.0,1.1539634411323776,1.1444582473803544,1.147295821453093,1.1
3000.0,500.0,2.0,1.0480296478627915,1.010686696693257,1.018704498055951,1.1
3000.0,500.0,2.0,0.9883794767674128,0.949929912522455,0.9450432965171576,1.1
3000.0,500.0,2.0,1.0621735508903452,1.0227922155511562,1.021960193202749,1.1
3000.0,500.0,2.0,1.1282079681517616,1.1055172214309092,1.116247196846815,1.1
3000.0,500.0,2.5,1.1062010914972196,1.0515380425541876,1.0581397976632043,1.1
3000.0,500.0,2.5,1.0467354147234722,1.0372560227462388,1.0389381512945934,1.1
3000.0,500.0,2.5,0.9642516278316752,0.91645566063322,0.9262424231703392,1.1
3000.0,500.0,2.5,1.0606590734492651,1.0174776954090552,1.0306988797868453,1.1
3000.0,500.0,2.5,1.1752398982361936,1.1686805787558288,1.17270752355759,1.1
3000.0,500.0,2.5,1.0965840124859725,1.0551538333125152,1.0617747867938656,1.0
3000.0,500.0,2.5,1.0962216121805568,1.0701509237248286,1.0839605425034784,1.1
3000.0,500.0,2.5,1.1011892978163016,1.092215013874926,1.0951553728245416,1.1
3000.0,500.0,2.5,1.0818195719601218,1.0341084660033195,1.0552258045065834,1.1
3000.0,500.0,2.5,0.9760778849674456,0.923512341637019,0.9292799881107784,1.0
3000.0,500.0,2.5,1.1493664836127584,1.1053333467984563,1.1235179429031712,1.1
3000.0,500.0,2.5,1.0466723899641164,1.0050832768871114,1.0095785054982604,1.1
3000.0,500.0,2.5,0.9734262446511508,0.92291205527877,0.9285567724527826,1.1
3000.0,500.0,2.5,1.156947758423779,1.1230127649681776,1.1321232659243807,1.1
3000.0,500.0,2.5,1.1451104744545515,1.1436813876468854,1.1448257829349195,1.1
3000.0,500.0,2.5,1.119468081414675,1.0955347470739356,1.1016205280762357,1.1
3000.0,500.0,2.5,1.102080030937178,1.051053948723998,1.0425770751525874,1.1
3000.0,500.0,2.5,1.1097324770007786,1.108815467876422,1.108030594822374,1.1
3000.0,500.0,2.5,1.0999599506055275,1.0493630218627037,1.0525556661974356,1.1
3000.0,500.0,2.5,1.1930520493935208,1.18814519512456,1.1908439768143788,1.1
3000.0,500.0,2.5,1.167853162010654,1.122644112662651,1.1337098735211797,1.0
3000.0,500.0,2.5,1.128268958573546,1.0780258898699897,1.077923933653525,1.1
3000.0,500.0,2.5,1.220587288737804,1.194524103090406,1.202407468126488,1.1
3000.0,500.0,2.5,1.256346435569384,1.2519913561761191,1.2524081836247951,1.1
3000.0,500.0,2.5,1.0704722010899168,1.025456402586685,1.0384718639733188,1.1
3000.0,500.0,2.5,1.020313316491232,0.968575690162518,0.9727751133922627,1.1
3000.0,500.0,2.5,1.0125447240384435,0.9677626590556516,0.9803720777952808,1.1
3000.0,500.0,2.5,1.1146946247433074,1.086011810554133,1.098442582073935,1.1
3000.0,500.0,2.5,1.064698920333003,1.0579908424936209,1.061359158790076,1.1
3000.0,500.0,2.5,1.1664183081237,1.1197347364979526,1.1318657741947296,1.0
3000.0,500.0,2.5,1.0090406106261005,0.9625613655963414,0.9787491231248898,1.1
3000.0,500.0,2.5,1.4303811876125558,1.426247210650806,1.429616903091772,1.1
3000.0,500.0,2.5,1.1413812629042963,1.1020238203275192,1.1147030363491643,1.1
3000.0,500.0,2.5,1.1005501353324036,1.083073918601532,1.089843709558218,1.1
3000.0,500.0,2.5,1.1582279647093192,1.1487352535725566,1.1546599548707612,1.1
3000.0,500.0,2.5,1.0718645565201494,1.021566846613693,1.015936427784755,1.1
3000.0,500.0,2.5,1.225620464880914,1.200828268700422,1.2099980717687795,1.1
3000.0,500.0,2.5,1.1591889176142878,1.1546735592542707,1.1583850607405657,1.1
3000.0,500.0,2.5,1.033184128357813,0.9956202065690464,1.0144934968097017,1.1
3000.0,500.0,2.5,1.0492578358650384,1.002973930742619,1.0127903524954995,1.1
3000.0,500.0,2.5,1.1475256097618405,1.1185243424411098,1.1293792968715697,1.1
3000.0,500.0,2.5,1.1259731991478186,1.071917977594567,1.0872043991177809,1.0
3000.0,500.0,2.5,1.067128052735773,1.03473911056378,1.0478616630702462,1.0
3000.0,500.0,2.5,1.080849680340532,1.049086760912083,1.0648006444545866,1.1
3000.0,500.0,2.5,1.1122896797463828,1.0866597902582218,1.0937263234095582,1.1
3000.0,500.0,2.5,1.167454301415472,1.1524808773642792,1.1552242454026618,1.1
3000.0,500.0,2.5,1.0350370598284897,0.9857930924709576,0.9912013654867726,1.1
3000.0,500.0,2.5,0.9671546246117668,0.918786238827685,0.9255529189547655,1.0
3000.0,500.0,2.5,1.060442840263966,1.010628500151579,1.0118173357160554,1.0
3000.0,500.0,2.5,1.1352599601897015,1.1006271055422303,1.1157501348966428,1.1
3000.0,500.0,3.0,1.108993774816453,1.0431317295382845,1.0469864563950924,1.0
3000.0,500.0,3.0,1.0360824976681664,1.022476106180949,1.024465904887263,1.1
3000.0,500.0,3.0,0.9371019533980108,0.8785417139811302,0.886485460339249,1.1
3000.0,500.0,3.0,1.052790888139118,0.9966701819298518,1.0102928893494645,1.1
3000.0,500.0,3.0,1.190287877883432,1.179958279030327,1.1868702727967309,1.1
3000.0,500.0,3.0,1.1159008149831668,1.069335539932642,1.078641883415487,1.0
3000.0,500.0,3.0,1.095465934616668,1.0595649758339385,1.0773172417764427,1.1
3000.0,500.0,3.0,1.101427157379562,1.0891348986591645,1.0921037454927125,1.1
3000.0,500.0,3.0,1.078183486352146,1.0177187554731268,1.042929586256718,1.1
3000.0,500.0,3.0,0.9712934619609348,0.9084898846814476,0.9198916384884996,1.0
3000.0,500.0,3.0,1.1592397803353098,1.1031644512086711,1.1251158072820218,1.1
3000.0,500.0,3.0,1.0360068679569396,0.981566836458643,0.9874073504669568,1.1
3000.0,500.0,3.0,0.948111493581381,0.8852136465854007,0.8891261023868837,1.1
3000.0,500.0,3.0,1.168337310108535,1.1242569684348234,1.1360718873433966,1.1
3000.0,500.0,3.0,1.1541325693454616,1.147789914190661,1.1523904080743073,1.1
3000.0,500.0,3.0,1.1233616976976095,1.0901979276254792,1.097634452226588,1.1
3000.0,500.0,3.0,1.114815368913438,1.0537069671002748,1.0649681042250498,1.0
3000.0,500.0,3.0,1.1116789724009344,1.1090085585406706,1.1078776307368112,1.1
3000.0,500.0,3.0,1.099951940726633,1.0368385481122149,1.0388054383598562,1.1
3000.0,500.0,3.0,1.211662459272225,1.204538463485625,1.2072465854318446,1.1
3000.0,500.0,3.0,1.201423794412785,1.1511904841689016,1.168008114301356,1.0
3000.0,500.0,3.0,1.133922750288255,1.0728287155392764,1.0666957183033552,1.1
3000.0,500.0,3.0,1.2447047464853649,1.2100860485685292,1.2189188857994118,1.1
3000.0,500.0,3.0,1.287615722683261,1.2804198506506583,1.280839033426402,1.1
3000.0,500.0,3.0,1.0645666413079,1.008860215558114,1.0223955883639406,1.1
3000.0,500.0,3.0,1.004375979789479,0.9418456095398692,0.9420530005995398,1.1
3000.0,500.0,3.0,0.9950536688461322,0.9389548296964662,0.951624111953604,1.1
3000.0,500.0,3.0,1.117633549691969,1.0791612997812357,1.0943773423665784,1.1
3000.0,500.0,3.0,1.0576387043996038,1.0472725207530715,1.0532476934291186,1.1
3000.0,500.0,3.0,1.19970196974844,1.1473940029736975,1.1642722774487997,1.0
3000.0,500.0,3.0,0.9908487327513208,0.9323877901250486,0.9488234920172708,1.1
3000.0,500.0,3.0,1.496457425135067,1.49075239274564,1.4949563578497125,1.1
3000.0,500.0,3.0,1.1496575154851558,1.0976268150585178,1.1133818206586996,1.1
3000.0,500.0,3.0,1.1006601623988843,1.0769844722967308,1.0835576937784166,1.1
3000.0,500.0,3.0,1.1698735576511832,1.1551765743532965,1.1635661342745778,1.1
3000.0,500.0,3.0,1.0841011821665212,1.024368029359643,1.0314161954025165,1.0
3000.0,500.0,3.0,1.250744557857097,1.2179167630877417,1.2290537552068137,1.1
3000.0,500.0,3.0,1.1710267011371454,1.1648374878201335,1.1700620728886788,1.1
3000.0,500.0,3.0,1.0198209540293754,0.9719692808286674,0.9947848310025272,1.1
3000.0,500.0,3.0,1.039109403038046,0.981171149857856,0.9864743325784124,1.1
3000.0,500.0,3.0,1.1570307317142086,1.1165549392232768,1.1341233831130586,1.1
3000.0,500.0,3.0,1.1511678389773825,1.089589238701823,1.109796600435007,1.0
3000.0,500.0,3.0,1.0805536632829276,1.04824500895926,1.0591008993246265,1.0
3000.0,500.0,3.0,1.0770196164086383,1.0339812974154623,1.0543039874318896,1.1
3000.0,500.0,3.0,1.1147476156956595,1.0791041083789468,1.0902513763804516,1.1
3000.0,500.0,3.0,1.180945161698566,1.1576235236124213,1.163789081409584,1.1
3000.0,500.0,3.0,1.022044471794188,0.9620895499205074,0.964387177198958,1.1
3000.0,500.0,3.0,0.9605855495341202,0.9035261440727194,0.9162598362477546,1.0
3000.0,500.0,3.0,1.0725314083167592,1.0134398698829972,1.017793345403562,1.0
3000.0,500.0,3.0,1.1423119522276424,1.095727416248642,1.1158439397984352,1.1
3000.0,500.0,4.0,1.1453250330886038,1.05877637082612,1.0729482454760209,1.0
3000.0,500.0,4.0,1.0147766635575552,0.9880624642760608,0.9954450977963324,1.1
3000.0,500.0,4.0,0.8828026045306807,0.803780232919624,0.8089260150676151,1.1
3000.0,500.0,4.0,1.037054517518824,0.9580366674066656,0.9655509737493922,1.1
3000.0,500.0,4.0,1.2203838371779094,1.2021305349595226,1.2149603039915289,1.1
3000.0,500.0,4.0,1.1545344199775556,1.0996631232534253,1.1144043013423088,1.0
3000.0,500.0,4.0,1.0939545794888907,1.0387909725118043,1.064770230450614,1.1
3000.0,500.0,4.0,1.1019028765060823,1.0786145159769365,1.0857866770424704,1.1
3000.0,500.0,4.0,1.0709113151361946,0.9865801730897544,1.0162816314354362,1.1
3000.0,500.0,4.0,0.9617246159479133,0.8804719140967958,0.9002330907604527,1.0
3000.0,500.0,4.0,1.1789863737804134,1.0996219165951269,1.126899494816915,1.1
3000.0,500.0,4.0,1.0146758239425862,0.9374267314321244,0.9365985431704512,1.1
3000.0,500.0,4.0,0.9056721062728867,0.8204861150244851,0.8285166019053901,1.0
3000.0,500.0,4.0,1.1911164134780463,1.1234630463197857,1.1381134099190453,1.1
3000.0,500.0,4.0,1.172176759127282,1.1608714221024763,1.1694738816465853,1.1
3000.0,500.0,4.0,1.1311489302634798,1.0797691053239409,1.086892791313728,1.1
3000.0,500.0,4.0,1.1530871585512508,1.0737536729652788,1.094126605375278,1.0
3000.0,500.0,4.0,1.1155719632012455,1.1100177563238445,1.1100606694638462,1.1
3000.0,500.0,4.0,1.1018941641490492,1.0160955478448914,1.0160951098348543,1.0
3000.0,500.0,4.0,1.248883279029633,1.2378323418767043,1.2392890726737045,1.1
3000.0,500.0,4.0,1.2685650592170463,1.2091330285103297,1.228763429320251,1.0
3000.0,500.0,4.0,1.1551307151698726,1.0744888277977955,1.072235374534482,1.0
3000.0,500.0,4.0,1.292939661980486,1.2405978110144376,1.2504915575419444,1.1
3000.0,500.0,4.0,1.3501542969110143,1.3349336355247945,1.340699521903814,1.1
3000.0,500.0,4.0,1.063611793866964,0.9890538392578232,0.9837943089561314,1.0
3000.0,500.0,4.0,0.9924729180659162,0.9098426401794903,0.915801438357101,1.0
3000.0,500.0,4.0,0.9600715584615094,0.8825560010211299,0.8920302712415753,1.1
3000.0,500.0,4.0,1.1235113995892918,1.0647552842999106,1.0863449216702863,1.1
3000.0,500.0,4.0,1.0435182725328052,1.0246251079689943,1.0354083973151105,1.1
3000.0,500.0,4.0,1.26626929299792,1.202014697240295,1.2287966314894805,1.0
3000.0,500.0,4.0,0.954464977001761,0.8730463633077729,0.8921537781123877,1.1
3000.0,500.0,4.0,1.6286099001800896,1.6181540413984008,1.625167029083467,1.1
3000.0,500.0,4.0,1.1662100206468744,1.0902547423928957,1.1085325762564249,1.1
3000.0,500.0,4.0,1.1008802165318456,1.0580363357929894,1.072933061673265,1.1
3000.0,500.0,4.0,1.1931647435349109,1.1695734687929595,1.180733876400324,1.1
3000.0,500.0,4.0,1.1121349095553617,1.0362732383442324,1.0502618978771212,1.0
3000.0,500.0,4.0,1.3009927438094624,1.251058869626751,1.2663745354836209,1.1
3000.0,500.0,4.0,1.1947022681828603,1.186449983760178,1.192698003301102,1.1
3000.0,500.0,4.0,0.9930946053725006,0.921816126247403,0.9519671920720468,1.1
3000.0,500.0,4.0,1.0188125373840615,0.9382886913750664,0.938233930094344,1.1
3000.0,500.0,4.0,1.1760409756189445,1.116054419246236,1.135867784423015,1.1
3000.0,500.0,4.0,1.2015571186365095,1.123740675950109,1.1544970776514516,1.0
3000.0,500.0,4.0,1.107404884377237,1.071851688003158,1.0829361367590464,1.0
3000.0,500.0,4.0,1.0693594885448512,1.0057747382921638,1.0321999792675265,1.1
3000.0,500.0,4.0,1.1196634875942124,1.06437374663357,1.082286277500354,1.1
3000.0,500.0,4.0,1.207926882264755,1.1664244055738109,1.1799063838253312,1.1
3000.0,500.0,4.0,1.0157015988739584,0.9360328382376776,0.9432384898177304,1.0
3000.0,500.0,4.0,0.9474473993788268,0.8764153164057573,0.8961430870855626,1.0
3000.0,500.0,4.0,1.0967085444223454,1.021078046670075,1.0327749438404734,1.0
3000.0,500.0,4.0,1.156415936303523,1.0880615321599512,1.112222518555682,1.1
3000.0,500.0,5.0,1.181656291360755,1.075474865578425,1.0993235541166635,1.0
3000.0,500.0,5.0,0.993470829446944,0.9511439607268642,0.9659920172328984,1.1
3000.0,500.0,5.0,0.8474203359173579,0.7496384764554249,0.7327346487433561,1.0
3000.0,500.0,5.0,1.0213181468985295,0.9180221556084764,0.9284216080783771,1.1
3000.0,500.0,5.0,1.2504797964723866,1.2180179271674976,1.2412261073373292,1.1
3000.0,500.0,5.0,1.1931680249719443,1.129931904563099,1.1466489752850004,1.0
3000.0,500.0,5.0,1.0924432243611135,1.0180542010763936,1.051648951608356,1.1
3000.0,500.0,5.0,1.102378595632603,1.066146863353174,1.0794808400303288,1.1
3000.0,500.0,5.0,1.063639143920243,0.9570492213965692,0.990233616308619,1.1
3000.0,500.0,5.0,0.9521557699348916,0.8534382971711484,0.880138877119187,1.0
3000.0,500.0,5.0,1.1987329672255167,1.0969247647203932,1.1254106471860743,1.1
3000.0,500.0,5.0,0.9933447799282328,0.8940760117603054,0.8861698568874358,1.1
3000.0,500.0,5.0,0.8820901328411086,0.7758007894637506,0.7951437946399477,1.0
3000.0,500.0,5.0,1.2138955168475585,1.1229978046424025,1.140888890766996,1.1
3000.0,500.0,5.0,1.1902209489091025,1.173800523264641,1.1856996628167622,1.1
3000.0,500.0,5.0,1.1389361628293495,1.06868170605525,1.0767670116385109,1.1
3000.0,500.0,5.0,1.1913589481890636,1.0952034064634957,1.124498990395318,1.0
3000.0,500.0,5.0,1.119464954001557,1.1101768504017688,1.112575836829808,1.1
3000.0,500.0,5.0,1.1273677051863116,1.0199581883988478,1.024615894945821,1.0
3000.0,500.0,5.0,1.2861040987870411,1.2660836233318624,1.2726233506060476,1.1
3000.0,500.0,5.0,1.3357063240213078,1.2667253857968586,1.2894509728038286,1.0
3000.0,500.0,5.0,1.1939133939623408,1.0946902702312715,1.099899193733421,1.0
3000.0,500.0,5.0,1.341174577475608,1.2690843996544587,1.2848947065228664,1.1
3000.0,500.0,5.0,1.4126928711387676,1.3917790935178291,1.4002908100489018,1.1
3000.0,500.0,5.0,1.0795147423337053,0.9875414426182284,0.993892837122862,1.0
3000.0,500.0,5.0,0.9905911475823954,0.8890595024817972,0.9023852704709308,1.0
3000.0,500.0,5.0,0.9250894480768866,0.8278121755654322,0.8320357326944947,1.1
3000.0,500.0,5.0,1.1293892494866145,1.049647026008084,1.075100778827745,1.1
3000.0,500.0,5.0,1.0293978406660065,1.0040963850738345,1.0173448716807243,1.1
3000.0,500.0,5.0,1.3328366162474,1.2575174409429613,1.2904230290443008,1.0
3000.0,500.0,5.0,0.9180812212522012,0.8151263739439497,0.8359347571033098,1.1
3000.0,500.0,5.0,1.7607623752251116,1.7465963627077068,1.7561149200376125,1.1
3000.0,500.0,5.0,1.182762525808593,1.0843973860330176,1.106264609124641,1.1
3000.0,500.0,5.0,1.101100270664807,1.0413947238348458,1.0634939374709618,1.1
3000.0,500.0,5.0,1.2164559294186388,1.1861747863758645,1.198849499912868,1.1
3000.0,500.0,5.0,1.140168636944202,1.0492478920740491,1.0657694372158324,1.0
3000.0,500.0,5.0,1.351240929761828,1.2829133854253072,1.3039944447297525,1.1
3000.0,500.0,5.0,1.2183778352285757,1.205747867770647,1.2149867545897568,1.1
3000.0,500.0,5.0,0.9663682567156258,0.8695280630718926,0.9074272726614616,1.1
3000.0,500.0,5.0,0.9985156717300766,0.8968008708189751,0.888188130515196,1.1
3000.0,500.0,5.0,1.1950512195236809,1.115059056211215,1.1396219311185694,1.1
3000.0,500.0,5.0,1.2519463982956371,1.1590553334491376,1.1989250057735192,1.0
3000.0,500.0,5.0,1.134256105471546,1.0967828348051247,1.108277306723363,1.0
3000.0,500.0,5.0,1.0616993606810636,0.976754914241615,1.008508855761524,1.1
3000.0,500.0,5.0,1.1245793594927656,1.0494807058426088,1.0736020548095162,1.1
3000.0,500.0,5.0,1.2349086028309435,1.1792328034974044,1.1907733734985642,1.1
3000.0,500.0,5.0,1.0196269985924484,0.9219388064113236,0.9358284113909454,1.0
3000.0,500.0,5.0,0.9343092492235336,0.8487710397256109,0.8749189512544541,1.0
3000.0,500.0,5.0,1.1208856805279317,1.0325567599024543,1.0490365481244808,1.0
3000.0,500.0,5.0,1.1705199203794034,1.0807840431637017,1.1058049416015905,1.1
3000.0,500.0,6.0,1.217987549632906,1.0932734746678243,1.1243768673149064,1.0
3000.0,500.0,6.0,0.972164995336333,0.91533894247586,0.9361879358497666,1.1
3000.0,500.0,6.0,0.8169044031008296,0.7012190053292864,0.6923936424765401,1.0
3000.0,500.0,6.0,1.0055817762782358,0.8792541398299688,0.8821552657657438,1.1
3000.0,500.0,6.0,1.280575755766864,1.2386402980204445,1.2664888418415396,1.1
3000.0,500.0,6.0,1.2318016299663332,1.1613138566127044,1.179143375990772,1.0
3000.0,500.0,6.0,1.0909318692333363,0.99816527123522,1.0376111173964049,1.1
3000.0,500.0,6.0,1.1028543147591234,1.0561996850875923,1.0715698866748693,1.1
3000.0,500.0,6.0,1.0563669727042917,0.9274694047011058,0.9642751095098504,1.1
3000.0,500.0,6.0,0.94258692392187,0.8260676728122208,0.8605493159331477,1.0
3000.0,500.0,6.0,1.21847956067062,1.09445367749063,1.1250300249624083,1.1
3000.0,500.0,6.0,0.9720137359138792,0.850914414378663,0.8385539074347529,1.1
3000.0,500.0,6.0,0.8585081594093305,0.7314968893336627,0.7626505473308,1.0
3000.0,500.0,6.0,1.23667462021707,1.1234459793670266,1.1443853292837742,1.1
3000.0,500.0,6.0,1.2082651386909231,1.1859265186329822,1.2014429397189264,1.1
3000.0,500.0,6.0,1.1467233953952198,1.0573011659504878,1.067173324057762,1.1
3000.0,500.0,6.0,1.2296307378268765,1.1174628998374068,1.1530498630417854,1.0
3000.0,500.0,6.0,1.1233579448018682,1.1122122204821228,1.111816892558661,1.1
3000.0,500.0,6.0,1.152841246223574,1.024375252595859,1.0387453546501633,1.0
3000.0,500.0,6.0,1.3233249185444496,1.297255762712182,1.3050364682426148,1.1
3000.0,500.0,6.0,1.4028475888255694,1.3238896343514217,1.3529736256344052,1.0
3000.0,500.0,6.0,1.232696072754809,1.1153349973348434,1.121221320268458,1.0
3000.0,500.0,6.0,1.3894094929707292,1.2981660369757322,1.3143474744049295,1.1
3000.0,500.0,6.0,1.4752314453665212,1.4469522022740469,1.4562380840507994,1.1
3000.0,500.0,6.0,1.095417690800446,0.9870302365446412,0.9995978894262346,1.0
3000.0,500.0,6.0,0.9887093770988744,0.8701645684777872,0.8877644084954676,1.0
3000.0,500.0,6.0,0.90885153265454,0.7924565559599528,0.7714280282222905,1.0
3000.0,500.0,6.0,1.135267099383937,1.0364964362715234,1.0659059216498947,1.1
3000.0,500.0,6.0,1.0152774087992076,0.9811420160656218,1.0001233377474523,1.1
3000.0,500.0,6.0,1.3994039394968798,1.310567941439264,1.3522417439474794,1.0
3000.0,500.0,6.0,0.8942169406143414,0.770293304011414,0.745815263913451,1.0
3000.0,500.0,6.0,1.8929148502701336,1.8746199293321568,1.8873379040451344,1.1
3000.0,500.0,6.0,1.1993150309703118,1.079539418103709,1.1047207828261107,1.1
3000.0,500.0,6.0,1.1013203247977683,1.0257415886710342,1.05353149797098,1.1
3000.0,500.0,6.0,1.2397471153023665,1.2016721287357075,1.2177888115447042,1.1
3000.0,500.0,6.0,1.168202364333042,1.0611502641215156,1.0843865880576713,1.0
3000.0,500.0,6.0,1.4014891157141935,1.3162367341338397,1.3414812888148366,1.1
3000.0,500.0,6.0,1.2420534022742906,1.2241887957321451,1.2362720948563222,1.1
3000.0,500.0,6.0,0.939641908058751,0.8204359844999326,0.8632194944128883,1.1
3000.0,500.0,6.0,0.983631053809447,0.8614445525171488,0.8868399471768904,1.0
3000.0,500.0,6.0,1.2140614634284166,1.11349359068791,1.1424991328077383,1.1
3000.0,500.0,6.0,1.3023356779547648,1.1935545451827432,1.2405935545515427,1.0
3000.0,500.0,6.0,1.1611073265658554,1.1181126839554565,1.13045351808645,1.0
3000.0,500.0,6.0,1.0540392328172763,0.9484471387088464,0.981607032117391,1.1
3000.0,500.0,6.0,1.129495231391319,1.0368230367795126,1.0665439459647523,1.1
3000.0,500.0,6.0,1.2618903233971328,1.190242252871327,1.2044431589251057,1.1
3000.0,500.0,6.0,1.023552398310938,0.9077042860882296,0.9342809305931437,1.0
3000.0,500.0,6.0,0.9211710990682404,0.8203194151570052,0.8527052394868351,1.0
3000.0,500.0,6.0,1.1450628166335184,1.0427192203429614,1.0698150314291532,1.0
3000.0,500.0,6.0,1.1846239044552842,1.0724890585270588,1.1003800808982418,1.1
3000.0,500.0,7.0,1.2543188079050571,1.1113354694827615,1.152272001872254,1.0
3000.0,500.0,7.0,0.9508591612257216,0.8815913726131664,0.9059614874999414,1.1
3000.0,500.0,7.0,0.7863884702843011,0.6532854006601703,0.6454667141456496,1.0
3000.0,500.0,7.0,0.9898454056579418,0.8413613940711779,0.8427565548451449,1.1
3000.0,500.0,7.0,1.3106717150613412,1.2572113356984305,1.2927550574458493,1.1
3000.0,500.0,7.0,1.270435234960722,1.1903896202292858,1.2098829549555563,1.0
3000.0,500.0,7.0,1.089420514105559,0.9763275051033612,1.0251919400174403,1.1
3000.0,500.0,7.0,1.103330033885644,1.0399087299421277,1.062150341527531,1.1
3000.0,500.0,7.0,1.0490948014883403,0.8985042105254637,0.9356376936056822,1.1
3000.0,500.0,7.0,0.9330180779088482,0.8000232811990778,0.8428412815866709,1.0
3000.0,500.0,7.0,1.2382261541157231,1.0924581247003635,1.121244395701042,1.1
3000.0,500.0,7.0,0.9506826918995256,0.8086648831879599,0.7911210515169964,1.1
3000.0,500.0,7.0,0.8349261859775521,0.6873181099342035,0.7295112283870019,1.0
3000.0,500.0,7.0,1.2594537235865817,1.123337033696978,1.146474678931631,1.1
3000.0,500.0,7.0,1.226309328472743,1.1987461091439973,1.218350096338747,1.1
3000.0,500.0,7.0,1.1545106279610895,1.0471443944193173,1.0607434796328945,1.1
3000.0,500.0,7.0,1.267902527464689,1.1388708525530122,1.1827130971834945,1.0
3000.0,500.0,7.0,1.1272509356021794,1.1127153940188763,1.1117546640215084,1.1
3000.0,500.0,7.0,1.1783147872608364,1.0289007194742794,1.0518052701452667,1.0
3000.0,500.0,7.0,1.360545738301858,1.3266814182270177,1.3385271869582116,1.1
3000.0,500.0,7.0,1.469988853629831,1.3838748717379017,1.415661789587679,1.0
3000.0,500.0,7.0,1.2714787515472774,1.1372365219399496,1.1490961536359434,1.0
3000.0,500.0,7.0,1.4376444084658508,1.327152653264026,1.3479979114588565,1.1
3000.0,500.0,7.0,1.5377700195942747,1.5023515458346817,1.511654855891839,1.1
3000.0,500.0,7.0,1.1113206392671868,0.9869015678089604,1.003799321462387,1.0
3000.0,500.0,7.0,0.9868276066153534,0.8518258617020226,0.8717398452829922,1.0
3000.0,500.0,7.0,0.893660121430297,0.7587347374738789,0.7360675564672745,1.0
3000.0,500.0,7.0,1.1411449492812604,1.0246728470196251,1.0599368246943526,1.1
3000.0,500.0,7.0,1.001156976932409,0.9602621060196672,0.980465831711714,1.1
3000.0,500.0,7.0,1.4659712627463597,1.363593161009622,1.414296728498428,1.0
3000.0,500.0,7.0,0.8765864307167317,0.7320756362377553,0.7109716929116399,1.0
3000.0,500.0,7.0,2.025067325315156,2.0022592854793877,2.017443960017554,1.1
3000.0,500.0,7.0,1.21586753613203,1.0740145756980917,1.0978021941994849,1.1
3000.0,500.0,7.0,1.10154037893073,1.00791429117134,1.0414845040703198,1.1
3000.0,500.0,7.0,1.2630383011860942,1.21368646187581,1.23684314220278,1.1
3000.0,500.0,7.0,1.1962360917218824,1.0771495873234542,1.0994675326947494,1.0
3000.0,500.0,7.0,1.4517373016665591,1.3462736596295923,1.37982426472632,1.1
3000.0,500.0,7.0,1.2657289693200056,1.243360963760951,1.2589841106657091,1.1
3000.0,500.0,7.0,0.9129155594018764,0.7713349666814895,0.8220380627273126,1.1
3000.0,500.0,7.0,0.9809028961110214,0.8385839269431277,0.8732178803514279,1.0
3000.0,500.0,7.0,1.2330717073331527,1.1120936966335495,1.1443331163036043,1.1
3000.0,500.0,7.0,1.352724957613892,1.2286395711397031,1.286686047145956,1.0
3000.0,500.0,7.0,1.1879585476601648,1.142580657319963,1.1544057273208603,1.0
3000.0,500.0,7.0,1.0463791049534894,0.9216607279795326,0.9601472015997984,1.1
3000.0,500.0,7.0,1.1344111032898718,1.02124096861861,1.058175498296223,1.1
3000.0,500.0,7.0,1.2888720439633214,1.202602041732026,1.217893568059837,1.1
3000.0,500.0,7.0,1.0274777980294276,0.894404257933817,0.9278841407049786,1.0
3000.0,500.0,7.0,0.9080329489129472,0.7934455079818029,0.832889881206606,1.0
3000.0,500.0,7.0,1.1692399527391046,1.053483617394667,1.0842020781410784,1.0
3000.0,500.0,7.0,1.198727888531165,1.066242087459524,1.099627653806017,1.1
3000.0,500.0,8.0,1.2906500661772078,1.128993535591292,1.1744917912383537,1.0
3000.0,500.0,8.0,0.9295533271151104,0.8463488326137879,0.8771110996089146,1.1
3000.0,500.0,8.0,0.7558725374677728,0.6048797495934973,0.6019539969456315,1.0
3000.0,500.0,8.0,0.9741090350376476,0.8040935352048597,0.7997405553906975,1.1
3000.0,500.0,8.0,1.3407676743558188,1.2759089620557589,1.318946648474297,1.1
3000.0,500.0,8.0,1.309068839955111,1.2201939314082142,1.2444669599381208,1.0
3000.0,500.0,8.0,1.0879091589777818,0.9574892807847272,1.011896130530784,1.1
3000.0,500.0,8.0,1.1038057530121643,1.025350582180177,1.0565119421363836,1.1
3000.0,500.0,8.0,1.0418226302723887,0.8696913948091058,0.9094971926828314,1.1
3000.0,500.0,8.0,0.9234492318958266,0.7755214701555954,0.8229303806536786,1.0
3000.0,500.0,8.0,1.2579727475608269,1.0908295949824691,1.1203160995585804,1.1
3000.0,500.0,8.0,0.9293516478851724,0.7666758164995535,0.7444766823951371,1.1
3000.0,500.0,8.0,0.8113442125457739,0.6429922895169897,0.6955937979121285,1.0
3000.0,500.0,8.0,1.2822328269560932,1.1244643878939364,1.1491303889959013,1.1
3000.0,500.0,8.0,1.244353518254564,1.211153854095931,1.2346087363339944,1.1
3000.0,500.0,8.0,1.1622978605269596,1.0374022115486177,1.054504318128725,1.1
3000.0,500.0,8.0,1.3061743171025015,1.1610779834151177,1.2117219798208707,1.0
3000.0,500.0,8.0,1.131143926402491,1.111075609515903,1.1123135233498498,1.1
3000.0,500.0,8.0,1.2037883282980986,1.0335760580034827,1.0616374273077964,1.0
3000.0,500.0,8.0,1.3977665580592662,1.35521947323369,1.3705222909615489,1.1
3000.0,500.0,8.0,1.5371301184340924,1.4410958285295747,1.4765950386689874,1.0
3000.0,500.0,8.0,1.3102614303397453,1.1597480729411729,1.1753965312119754,1.0
3000.0,500.0,8.0,1.4858793239609724,1.3546264813832911,1.37259014054826,1.1
3000.0,500.0,8.0,1.6003085938220285,1.558478798725203,1.570462692447816,1.1
3000.0,500.0,8.0,1.127223587733928,0.986939637212264,1.010463053537456,1.0
3000.0,500.0,8.0,0.9849458361318322,0.8325753152383857,0.8590409420830505,1.0
3000.0,500.0,8.0,0.8784687102060537,0.7251784628394151,0.7030392396904432,1.0
3000.0,500.0,8.0,1.1470227991785833,1.0072724448088763,1.0487327669082398,1.1
3000.0,500.0,8.0,0.98703654506561,0.9355297096854336,0.9621388787461966,1.1
3000.0,500.0,8.0,1.53253858599584,1.4216042186676856,1.475414754956034,1.0
3000.0,500.0,8.0,0.858955920819122,0.6940260166499262,0.6795459733457376,1.0
3000.0,500.0,8.0,2.1572198003601786,2.129507785354998,2.148507382877205,1.1
3000.0,500.0,8.0,1.2324200412937492,1.0694899273210985,1.0942917511078465,1.1
3000.0,500.0,8.0,1.1017604330636914,0.9927616109545802,1.0299642744555186,1.1
3000.0,500.0,8.0,1.2863294870698216,1.2277417349429594,1.2555193659125314,1.1
3000.0,500.0,8.0,1.2242698191107229,1.090546612169991,1.1216342182140209,1.0
3000.0,500.0,8.0,1.501985487618925,1.3766077197169848,1.4186409186275322,1.1
3000.0,500.0,8.0,1.2894045363657207,1.262126086138244,1.281696126475096,1.1
3000.0,500.0,8.0,0.8861892107450016,0.7232113338231221,0.7778288849030061,1.1
3000.0,500.0,8.0,0.9781747384125958,0.8157167541741055,0.8587479945283066,1.0
3000.0,500.0,8.0,1.252081951237889,1.1099637216089056,1.1463422283495697,1.1
3000.0,500.0,8.0,1.4031142372730196,1.265384025728382,1.3295424829060258,1.0
3000.0,500.0,8.0,1.214809768754474,1.1643340681496177,1.1812409232897887,1.0
3000.0,500.0,8.0,1.038718977089702,0.8937532854431939,0.935364647129204,1.1
3000.0,500.0,8.0,1.139326975188425,1.0060538780455122,1.0472589497195477,1.1
3000.0,500.0,8.0,1.31585376452951,1.21281888852451,1.2307306994059164,1.1
3000.0,500.0,8.0,1.0314031977479174,0.8819677365403115,0.9233430514276052,1.0
3000.0,500.0,8.0,0.8948947987576539,0.7677352980437555,0.809687404999739,1.0
3000.0,500.0,8.0,1.193417088844691,1.0642473193977622,1.1006240381110626,1.0
3000.0,500.0,8.0,1.2128318726070455,1.059955615928737,1.0950628826201023,1.1
3000.0,500.0,9.0,1.326981324449359,1.1468082519507097,1.2011327932923423,1.0
3000.0,500.0,9.0,0.9082474930044996,0.8075191899161444,0.848005440906552,1.1
3000.0,500.0,9.0,0.7253566046512443,0.5574632616355143,0.5547300347784139,1.0
3000.0,500.0,9.0,0.9583726644173536,0.7658262279598446,0.7586960730204275,1.1
3000.0,500.0,9.0,1.3708636336502955,1.2978975823127283,1.3453551913610196,1.1
3000.0,500.0,9.0,1.3477024449494996,1.2537645873937544,1.2791246786360957,1.0
3000.0,500.0,9.0,1.0863978038500044,0.9390421710187092,1.0013648587451107,1.1
3000.0,500.0,9.0,1.104281472138685,1.014920976919308,1.050435398286628,1.1
3000.0,500.0,9.0,1.0345504590564374,0.8409762632455697,0.8851639335096049,1.1
3000.0,500.0,9.0,0.913880385882805,0.7508618248538205,0.802726063051474,1.0
3000.0,500.0,9.0,1.2777193410059302,1.0892892592451229,1.1189882971048752,1.1
3000.0,500.0,9.0,0.9115879760761504,0.7283403982659545,0.7457682335985498,1.0
3000.0,500.0,9.0,0.7877622391139956,0.5994047260621321,0.656694244963225,1.0
3000.0,500.0,9.0,1.305011930325605,1.1258724942481704,1.1527356477860438,1.1
3000.0,500.0,9.0,1.2623977080363846,1.221311971092308,1.2514348283757435,1.1
3000.0,500.0,9.0,1.1700850930928297,1.0272375689234583,1.0429036114539136,1.1
3000.0,500.0,9.0,1.344446106740314,1.1835489105496628,1.2407793176814892,1.0
3000.0,500.0,9.0,1.1350369172028023,1.1105405232193792,1.112644884438751,1.1
3000.0,500.0,9.0,1.2292618693353607,1.0387177968566577,1.082090548840094,1.0
3000.0,500.0,9.0,1.4349873778166744,1.3871219073879009,1.4024587672996724,1.1
3000.0,500.0,9.0,1.6042713832383535,1.4962328070957718,1.537162863468737,1.0
3000.0,500.0,9.0,1.3490441091322136,1.1818288121007745,1.2023320495404028,1.0
3000.0,500.0,9.0,1.5341142394560938,1.3844371209771655,1.406197411065007,1.1
3000.0,500.0,9.0,1.6628471680497825,1.6157886485658532,1.6280729070339222,1.1
3000.0,500.0,9.0,1.1431265362006688,0.986216665784631,1.0153651587741692,1.0
3000.0,500.0,9.0,0.9830640656483116,0.8131881951089133,0.8418801225542828,1.0
3000.0,500.0,9.0,0.8632772989818107,0.6917708936999043,0.6713919138505737,1.0
3000.0,500.0,9.0,1.1529006490759062,0.9947489309854578,1.038922974894334,1.1
3000.0,500.0,9.0,0.9729161131988114,0.9097554417319976,0.944046207637898,1.1
3000.0,500.0,9.0,1.59910590924532,1.475185679424685,1.5376856712262117,1.0
3000.0,500.0,9.0,0.8413254109215121,0.6561455100590793,0.6441907849758952,1.0
3000.0,500.0,9.0,2.289372275405201,2.258196258524374,2.2768225748699478,1.1
3000.0,500.0,9.0,1.2489725464554675,1.0648541691107714,1.089106381541026,1.1
3000.0,500.0,9.0,1.101980487196653,0.9764846191615296,1.019255534904744,1.1
3000.0,500.0,9.0,1.3096206729535496,1.238916433240826,1.272870364761518,1.1
3000.0,500.0,9.0,1.2523035464995629,1.1041357591912588,1.140772359564358,1.0
3000.0,500.0,9.0,1.5522336735712905,1.4083015199716742,1.4531049581594844,1.1
3000.0,500.0,9.0,1.313080103411436,1.2804790298060584,1.3015134331759692,1.1
3000.0,500.0,9.0,0.8594628620881268,0.6746061869633133,0.7347895090476914,1.1
3000.0,500.0,9.0,0.9754465807141705,0.7933631420879261,0.8436651376653205,1.0
3000.0,500.0,9.0,1.271092195142625,1.1095537602286674,1.1525736606522825,1.1
3000.0,500.0,9.0,1.4535035169321469,1.302498626309057,1.370735293269279,1.0
3000.0,500.0,9.0,1.2416609898487834,1.18487582666832,1.2054227383877771,1.0
3000.0,500.0,9.0,1.031058849225915,0.8658365887072709,0.9110194412301827,1.1
3000.0,500.0,9.0,1.144242847086978,0.9921747546600485,1.0382208397618726,1.1
3000.0,500.0,9.0,1.3428354850956992,1.2253193207782394,1.2464712831057565,1.1
3000.0,500.0,9.0,1.0353285974664073,0.8692176112061001,0.917882604825364,1.0
3000.0,500.0,9.0,0.8817566486023605,0.7398319956747774,0.7862274576968727,1.0
3000.0,500.0,9.0,1.2175942249502776,1.0744156556560085,1.1161676376315417,1.0
3000.0,500.0,9.0,1.2269358566829265,1.053971867032468,1.0927265971572528,1.1
3000.0,500.0,10.0,1.3633125827215102,1.167088774343562,1.2240347632633348,1.0
3000.0,500.0,10.0,0.8869416588938881,0.7750213221290492,0.817875899055982,1.1
3000.0,500.0,10.0,0.6948406718347159,0.5099748389207421,0.5079185716783919,1.0
3000.0,500.0,10.0,0.9426362937970596,0.7281774351582302,0.718741916020354,1.1
3000.0,500.0,10.0,1.4009595929447731,1.3168539349641202,1.3716310886099587,1.1
3000.0,500.0,10.0,1.3863360499438888,1.2831008530517565,1.3111590315800965,1.0
3000.0,500.0,10.0,1.0848864487222274,0.9197936369089704,0.9905180829088877,1.1
3000.0,500.0,10.0,1.104757191265206,1.0054677521325643,1.044928220318475,1.1
3000.0,500.0,10.0,1.027278287840486,0.8124695456764197,0.8608605434477522,1.1
3000.0,500.0,10.0,0.9043115398697834,0.7248854417574531,0.7883357899725852,1.0
3000.0,500.0,10.0,1.2974659344510333,1.0876878199710749,1.1207153125734566,1.1
3000.0,500.0,10.0,0.9017644178623894,0.6981466032246064,0.7220265911968272,1.0
3000.0,500.0,10.0,0.7641802656822176,0.5556837399671616,0.6205794221318082,1.0
3000.0,500.0,10.0,1.3277910336951164,1.1273918408809185,1.1527723259596552,1.1
3000.0,500.0,10.0,1.280441897818205,1.234791078991453,1.2671713370392477,1.1
3000.0,500.0,10.0,1.1778723256586998,1.018540235267515,1.03398332659456,1.1
3000.0,500.0,10.0,1.3827178963781268,1.2050138071915946,1.2689985970535986,1.0
3000.0,500.0,10.0,1.1389299080031137,1.1117116924659765,1.1140498715986125,1.1
3000.0,500.0,10.0,1.2547354103726232,1.0437036795554944,1.092411793480581,1.0
3000.0,500.0,10.0,1.4722081975740826,1.4159088519892182,1.435284325607879,1.1
3000.0,500.0,10.0,1.6714126480426157,1.5556206232711158,1.5973546180719371,1.0
3000.0,500.0,10.0,1.387826787924682,1.2041250879832903,1.2288163201308608,1.0
3000.0,500.0,10.0,1.5823491549512156,1.4102619340356652,1.436076438542025,1.1
3000.0,500.0,10.0,1.7253857422775356,1.6698444774762051,1.6854957296323931,1.1
3000.0,500.0,10.0,1.1590294846674098,0.986825065801022,1.0175887745391283,1.0
3000.0,500.0,10.0,0.9811822951647908,0.7947003442796587,0.8292027888908148,1.0
3000.0,500.0,10.0,0.848085887757567,0.659468991435288,0.6347537149176283,1.0
3000.0,500.0,10.0,1.158778498973229,0.980056320684922,1.025976407049631,1.1
3000.0,500.0,10.0,0.9587956813320124,0.8857619803288554,0.92441356168365,1.1
3000.0,500.0,10.0,1.6656732324947998,1.5319828582079809,1.5990748587364132,1.0
3000.0,500.0,10.0,0.8236949010239024,0.6183605026316137,0.6164097374130747,1.0
3000.0,500.0,10.0,2.4215247504502235,2.386884731693749,2.4075806387443857,1.1
3000.0,500.0,10.0,1.2655250516171863,1.0603508643946111,1.078345913059062,1.1
3000.0,500.0,10.0,1.1022005413296143,0.956578952903786,1.0083128416959468,1.1
3000.0,500.0,10.0,1.3329118588372777,1.2504126780072715,1.2907868760056076,1.1
3000.0,500.0,10.0,1.2803372738884031,1.1176707474779433,1.158140722715565,1.0
3000.0,500.0,10.0,1.6024818595236563,1.4394931086875822,1.4896877380257445,1.1
3000.0,500.0,10.0,1.3367556704571513,1.3005322553400651,1.3227464958031334,1.1
3000.0,500.0,10.0,0.8327365134312521,0.6267167651596928,0.6919606845598703,1.1
3000.0,500.0,10.0,0.9727184230157452,0.7711194196131759,0.8264940035756756,1.0
3000.0,500.0,10.0,1.2901024390473612,1.1072055995295866,1.156341676166632,1.1
3000.0,500.0,10.0,1.5038927965912747,1.3388155906548227,1.415476604308746,1.0
3000.0,500.0,10.0,1.2685122109430926,1.2054175851870217,1.2343642815583664,1.0
3000.0,500.0,10.0,1.0233987213621278,0.8384669360336043,0.890480786872792,1.1
3000.0,500.0,10.0,1.1491587189855312,0.979632822509717,1.0242659531178706,1.1
3000.0,500.0,10.0,1.3698172056618878,1.2375157543321451,1.2612386883199396,1.1
3000.0,500.0,10.0,1.0392539971848966,0.856634067200107,0.909133409558894,1.0
3000.0,500.0,10.0,0.8686184984470673,0.716146820849593,0.7645928962501722,1.0
3000.0,500.0,10.0,1.241771361055864,1.0857745141637842,1.1302968511375406,1.0
3000.0,500.0,10.0,1.2410398407588072,1.0476273520222257,1.087556743765088,1.1
4000.0,500.0,0.5,1.0982557276553573,1.0982557276553573,1.0982557276553573,1.1
4000.0,500.0,0.5,1.1139795414429376,1.1139795414429376,1.1139795414429376,1.1
4000.0,500.0,0.5,1.0971649824008345,1.0969927647990465,1.0971649824008345,1.1
4000.0,500.0,0.5,1.096595119837091,1.096595119837091,1.096595119837091,1.1
4000.0,500.0,0.5,1.107581889725064,1.1075818897250638,1.1075818897250638,1.1
4000.0,500.0,0.5,1.111318135821584,1.111318135821584,1.1113181358215842,1.1
4000.0,500.0,0.5,1.0924895078271684,1.0924895078271686,1.0924895078271684,1.1
4000.0,500.0,0.5,1.1138502247713225,1.1138502247713225,1.1138502247713225,1.1
4000.0,500.0,0.5,1.0923425668103524,1.0923425668103524,1.0923425668103524,1.1
4000.0,500.0,0.5,1.104992619401614,1.104992619401614,1.1049926194016138,1.1
4000.0,500.0,0.5,1.148948048153201,1.1489480481532008,1.1489480481532008,1.1
4000.0,500.0,0.5,1.1044605898788993,1.1044605898788993,1.1044605898788995,1.1
4000.0,500.0,0.5,1.1490863307367047,1.1490863307367047,1.1490863307367047,1.1
4000.0,500.0,0.5,1.0800467973026393,1.0797720564818631,1.0799789496734002,1.1
4000.0,500.0,0.5,1.1056056905050955,1.1048725972606055,1.1054747311673478,1.1
4000.0,500.0,0.5,1.1142814651483015,1.1142814651483015,1.114281465148302,1.1
4000.0,500.0,0.5,1.0949431916733725,1.0949431916733725,1.0949431916733725,1.1
4000.0,500.0,0.5,1.0632724996096967,1.0632724996096967,1.0632724996096967,1.1
4000.0,500.0,0.5,1.0762808452355446,1.0758437299062775,1.076176791225662,1.1
4000.0,500.0,0.5,1.0896375635982185,1.0896375635982185,1.0896375635982185,1.1
4000.0,500.0,0.5,1.1154554648784578,1.115455464878458,1.1154554648784578,1.1
4000.0,500.0,0.5,1.1018262934138567,1.1016870994467345,1.101753643007689,1.1
4000.0,500.0,0.5,1.0931710390267328,1.093171039026733,1.0931710390267328,1.1
4000.0,500.0,0.5,1.0796282269341329,1.0796282269341326,1.0796282269341329,1.1
4000.0,500.0,0.5,1.108176230295796,1.1081762302957958,1.1081762302957965,1.1
4000.0,500.0,0.5,1.1189788727034484,1.1189788727034484,1.1189788727034486,1.1
4000.0,500.0,0.5,1.1134810400469868,1.1134810400469866,1.113481040046987,1.1
4000.0,500.0,0.5,1.0679216825094684,1.0679216825094686,1.0679216825094684,1.1
4000.0,500.0,0.5,1.101757631043957,1.1017576310439567,1.101757631043957,1.1
4000.0,500.0,0.5,1.1138147123038582,1.1138147123038582,1.1138147123038584,1.1
4000.0,500.0,0.5,1.0973763194003203,1.0973763194003203,1.0973763194003203,1.1
4000.0,500.0,0.5,1.1194615019400835,1.1194615019400835,1.1194615019400835,1.1
4000.0,500.0,0.5,1.09798498460488,1.09798498460488,1.09798498460488,1.1
4000.0,500.0,0.5,1.0714028292250606,1.0714028292250606,1.0714028292250606,1.1
4000.0,500.0,0.5,1.1090551794297974,1.1090551794297976,1.1090551794297974,1.1
4000.0,500.0,0.5,1.135623399658455,1.135623399658455,1.135623399658455,1.1
4000.0,500.0,0.5,1.1010661552582994,1.1010661552582992,1.1010164256504953,1.1
4000.0,500.0,0.5,1.1021073957538117,1.1021073957538114,1.1021073957538114,1.1
4000.0,500.0,0.5,1.1252248853104008,1.1252248853104008,1.1252248853104003,1.1
4000.0,500.0,0.5,1.1012545196401802,1.101105726738109,1.1012545196401802,1.1
4000.0,500.0,0.5,1.0925838298967938,1.0925838298967938,1.0925838298967938,1.1
4000.0,500.0,0.5,1.0772919411937432,1.0772919411937432,1.0772919411937432,1.1
4000.0,500.0,0.5,1.1016012827219916,1.101601282721992,1.1016012827219916,1.1
4000.0,500.0,0.5,1.0886641191374482,1.0886641191374484,1.0886641191374482,1.1
4000.0,500.0,0.5,1.074338016233387,1.0735479929586682,1.0738533517448547,1.1
4000.0,500.0,0.5,1.0895182633755385,1.089518263375538,1.0895182633755385,1.1
4000.0,500.0,0.5,1.1048698641105004,1.1048698641105,1.1048698641105006,1.1
4000.0,500.0,0.5,1.1101163207134506,1.1101163207134506,1.1101163207134503,1.1
4000.0,500.0,0.5,1.1198627961172427,1.119862796117243,1.1198627961172427,1.1
4000.0,500.0,0.5,1.101304969857107,1.101304969857107,1.1013049698571071,1.1
4000.0,500.0,1.0,1.0854886074918444,1.0847547862840154,1.084910291983978,1.1
4000.0,500.0,1.0,1.1279590828858748,1.127959082885875,1.1279590828858748,1.1
4000.0,500.0,1.0,1.0943299648016689,1.087770779689206,1.0917135542096394,1.1
4000.0,500.0,1.0,1.0931902396741815,1.0926914680028692,1.0923180647988453,1.1
4000.0,500.0,1.0,1.115163779450128,1.1133899810652508,1.1147680185885276,1.1
4000.0,500.0,1.0,1.1226362716431677,1.1226362716431677,1.1224203453958892,1.1
4000.0,500.0,1.0,1.0849790156543366,1.0750338097779102,1.0813308354094098,1.1
4000.0,500.0,1.0,1.1277004495426444,1.1250914309218063,1.1264948533307826,1.1
4000.0,500.0,1.0,1.0846851336207046,1.083903808605425,1.084476423813839,1.1
4000.0,500.0,1.0,1.1099852388032274,1.1097000785790416,1.1098272113413703,1.1
4000.0,500.0,1.0,1.1978960963064018,1.1978960963064018,1.1978960963064018,1.1
4000.0,500.0,1.0,1.108921179757798,1.1086280394022603,1.1084426625555768,1.1
4000.0,500.0,1.0,1.1981726614734098,1.1981726614734096,1.19817266147341,1.1
4000.0,500.0,1.0,1.060093594605278,1.0456655479623072,1.049981003732709,1.1
4000.0,500.0,1.0,1.1112113810101905,1.094107812429873,1.0992097913522052,1.1
4000.0,500.0,1.0,1.128562930296603,1.1258081843620371,1.127277130107988,1.1
4000.0,500.0,1.0,1.089886383346745,1.089598345971422,1.089886383346745,1.1
4000.0,500.0,1.0,1.0265449992193936,1.0157853037036662,1.020514516854568,1.1
4000.0,500.0,1.0,1.0525616904710895,1.0374162797927182,1.0425797357468722,1.1
4000.0,500.0,1.0,1.0792751271964365,1.0790098003809443,1.079044736883271,1.1
4000.0,500.0,1.0,1.130910929756916,1.1288899707822926,1.129965241557472,1.1
4000.0,500.0,1.0,1.1036525868277134,1.09172900216622,1.096382030778272,1.1
4000.0,500.0,1.0,1.0863420780534654,1.0828400754958811,1.0844441364509698,1.1
4000.0,500.0,1.0,1.0592564538682658,1.0541136678665994,1.0571362280668706,1.1
4000.0,500.0,1.0,1.1163524605915922,1.116352460591592,1.116264690177126,1.1
4000.0,500.0,1.0,1.1379577454068963,1.1379577454068963,1.1379577454068963,1.1
4000.0,500.0,1.0,1.126962080093974,1.126962080093974,1.126962080093974,1.1
4000.0,500.0,1.0,1.0358433650189365,1.0248932956787498,1.0299792570394783,1.1
4000.0,500.0,1.0,1.1035152620879138,1.1028895193882138,1.1035152620879138,1.1
4000.0,500.0,1.0,1.1276294246077163,1.1266962404120169,1.127491618366523,1.1
4000.0,500.0,1.0,1.0947526388006412,1.0932325821864368,1.0938439927336976,1.1
4000.0,500.0,1.0,1.1389230038801663,1.1389230038801668,1.1387354460980712,1.1
4000.0,500.0,1.0,1.0959699692097598,1.0929383856732402,1.0947904786032965,1.1
4000.0,500.0,1.0,1.0428056584501213,1.0336561227242462,1.0364879713282846,1.1
4000.0,500.0,1.0,1.1181103588595942,1.1178814270955109,1.1177673467061688,1.1
4000.0,500.0,1.0,1.1712467993169104,1.1712467993169104,1.17124679931691,1.1
4000.0,500.0,1.0,1.1021323105165983,1.0913736206514053,1.0946403642041311,1.1
4000.0,500.0,1.0,1.1042147915076233,1.10070421029949,1.1021003461200187,1.1
4000.0,500.0,1.0,1.150449770620801,1.150449770620801,1.150449770620801,1.1
4000.0,500.0,1.0,1.10250903928036,1.0913620827263075,1.0960216228068242,1.1
4000.0,500.0,1.0,1.0851676597935875,1.0808569873406475,1.0819290078341486,1.1
4000.0,500.0,1.0,1.0545838823874862,1.0477696826400182,1.050764827261438,1.1
4000.0,500.0,1.0,1.1032025654439832,1.1020106581936209,1.1025875492215762,1.1
4000.0,500.0,1.0,1.0773282382748957,1.068835597271944,1.0732669962486765,1.1
4000.0,500.0,1.0,1.050145621029949,1.0317063596291298,1.0315982655285143,1.0
4000.0,500.0,1.0,1.0790365267510766,1.077083786570715,1.0775130521963971,1.1
4000.0,500.0,1.0,1.1097397282210006,1.1094736766285975,1.109509917557124,1.1
4000.0,500.0,1.0,1.120232641426901,1.120232641426901,1.120232641426901,1.1
4000.0,500.0,1.0,1.139725592234485,1.139725592234485,1.139725592234485,1.1
4000.0,500.0,1.0,1.1026099397142135,1.1008800835307353,1.101719677294561,1.1
4000.0,500.0,1.5,1.0782329112377664,1.07179611401573,1.0746980101263812,1.1
4000.0,500.0,1.5,1.141938624328812,1.1408660847350869,1.1413060366812222,1.1
4000.0,500.0,1.5,1.091494947202503,1.0705170365937733,1.0785917440254114,1.1
4000.0,500.0,1.5,1.0897853595112723,1.0828502953362564,1.0863962580597255,1.1
4000.0,500.0,1.5,1.122745669175192,1.116544624727869,1.1193190827795452,1.1
4000.0,500.0,1.5,1.1339544074647514,1.133200078336957,1.1333515213584708,1.1
4000.0,500.0,1.5,1.0774685234815045,1.0525515399220775,1.0608701856230358,1.1
4000.0,500.0,1.5,1.1415506743139665,1.1273578008496856,1.1328016579235871,1.1
4000.0,500.0,1.5,1.077027700431057,1.0724625083018755,1.0757403827968837,1.1
4000.0,500.0,1.5,1.114977858204841,1.1137965793094549,1.1144756788350645,1.1
4000.0,500.0,1.5,1.2468441444596028,1.246844144459603,1.2468441444596028,1.1
4000.0,500.0,1.5,1.113381769636697,1.1116874533542949,1.1122168643499637,1.1
4000.0,500.0,1.5,1.2472589922101147,1.2472589922101147,1.247258992210115,1.1
4000.0,500.0,1.5,1.052146132595389,1.026013548664082,1.0265497929355607,1.0
4000.0,500.0,1.5,1.1444572011797742,1.1199272370021645,1.1238471393003089,1.0
4000.0,500.0,1.5,1.1428443954449046,1.127551923198272,1.1343596255522677,1.1
4000.0,500.0,1.5,1.0848295750201171,1.0804342193922631,1.0838955689753784,1.1
4000.0,500.0,1.5,0.9898174988290904,0.9645488682759888,0.9673951852566922,1.1
4000.0,500.0,1.5,1.0336211559363635,1.0049698363117103,1.005221953498768,1.0
4000.0,500.0,1.5,1.0689126907946545,1.064821488646516,1.066070635422116,1.1
4000.0,500.0,1.5,1.1463663946353737,1.1347489828837407,1.1401148074555425,1.1
4000.0,500.0,1.5,1.1054788802415698,1.0802543731832424,1.0796341013174786,1.1
4000.0,500.0,1.5,1.0795131170801977,1.0630243496776226,1.0697478838808163,1.1
4000.0,500.0,1.5,1.0388846808023988,1.0231868136197728,1.0284008977378991,1.1
4000.0,500.0,1.5,1.124528690887388,1.12260421470601,1.122877335744007,1.1
4000.0,500.0,1.5,1.1569366181103442,1.1561578285673864,1.1569366181103442,1.1
4000.0,500.0,1.5,1.140443120140961,1.140443120140961,1.140443120140961,1.1
4000.0,500.0,1.5,1.0037650475284046,0.9786553798508328,0.9845159622428228,1.1
4000.0,500.0,1.5,1.1052728931318705,1.1027529756254424,1.1037968971400078,1.1
4000.0,500.0,1.5,1.1414441369115749,1.1347296344886215,1.1385184477188044,1.1
4000.0,500.0,1.5,1.092128958200962,1.0860288844236088,1.0873313857132163,1.1
4000.0,500.0,1.5,1.15838450582025,1.1576226626841375,1.1578483569986224,1.1
4000.0,500.0,1.5,1.09395495381464,1.0799751991515356,1.088034388629113,1.1
4000.0,500.0,1.5,1.0142084876751816,0.9902996947821656,0.9937461341114624,1.1
4000.0,500.0,1.5,1.127165538289391,1.1226343493787212,1.1253106579625238,1.1
4000.0,500.0,1.5,1.2068701989753658,1.206870198975366,1.2068701989753658,1.1
4000.0,500.0,1.5,1.103198465774898,1.0774423884034878,1.080442878563441,1.1
4000.0,500.0,1.5,1.1063221872614353,1.0902127611747452,1.096825487262746,1.1
4000.0,500.0,1.5,1.1756746559312017,1.1749403501547522,1.1756746559312017,1.1
4000.0,500.0,1.5,1.10376355892054,1.078344277307083,1.084782900986383,1.1
4000.0,500.0,1.5,1.077751489690381,1.0589451750595935,1.0632152268664616,1.1
4000.0,500.0,1.5,1.0318758235812298,1.0111656934555198,1.0186601424172483,1.1
4000.0,500.0,1.5,1.1048038481659748,1.097962995038578,1.1008461930631313,1.1
4000.0,500.0,1.5,1.065992357412343,1.0396741896997168,1.049379313389927,1.1
4000.0,500.0,1.5,1.0752184315449227,1.0532711434305,1.0610078359213333,1.0
4000.0,500.0,1.5,1.068554790126615,1.0561909185435991,1.0620194282442363,1.1
4000.0,500.0,1.5,1.1146095923315007,1.1121873926159969,1.113370482968027,1.1
4000.0,500.0,1.5,1.1303489621403515,1.1303489621403515,1.1301647916814257,1.1
4000.0,500.0,1.5,1.1595883883517275,1.1595883883517273,1.1593963176853657,1.1
4000.0,500.0,1.5,1.103914909571321,1.095058176774201,1.1001070332368907,1.1
4000.0,500.0,2.0,1.0709772149836887,1.0549124128506295,1.062751578145302,1.1
4000.0,500.0,2.0,1.1559181657717494,1.153019386929867,1.1538127786557455,1.1
4000.0,500.0,2.0,1.0886599296033372,1.0556935996516612,1.063317464598583,1.1
4000.0,500.0,2.0,1.0863804793483631,1.0695645508134966,1.078558467020097,1.1
4000.0,500.0,2.0,1.1303275589002562,1.1149205188208071,1.1228210053236432,1.1
4000.0,500.0,2.0,1.145272543286335,1.140784952994274,1.143368347933565,1.1
4000.0,500.0,2.0,1.0699580313086725,1.0327061581604569,1.0403827245355752,1.1
4000.0,500.0,2.0,1.1554008990852886,1.1287990605303406,1.1383141409808597,1.1
4000.0,500.0,2.0,1.069370267241409,1.0584694056854116,1.0640846964295363,1.1
4000.0,500.0,2.0,1.1199704776064543,1.1149732797609735,1.1172258404626465,1.1
4000.0,500.0,2.0,1.2957921926128035,1.2957921926128035,1.2950147594575872,1.1
4000.0,500.0,2.0,1.1178423595155962,1.1106039336156135,1.1132357407276836,1.1
4000.0,500.0,2.0,1.2963453229468196,1.2963453229468198,1.2963453229468196,1.1
4000.0,500.0,2.0,1.069528176793852,1.039170310493479,1.046917305528697,1.0
4000.0,500.0,2.0,1.192609601573032,1.1668928387940949,1.1712303387762495,1.0
4000.0,500.0,2.0,1.1571258605932058,1.1289730663415796,1.1393318720459236,1.1
4000.0,500.0,2.0,1.0797727666934898,1.068105611986083,1.075641430736238,1.1
4000.0,500.0,2.0,0.96183770125922,0.9267721224312854,0.92804658381743,1.0
4000.0,500.0,2.0,1.0448282079151516,1.0086389854032216,1.018777487898635,1.0
4000.0,500.0,2.0,1.0585502543928724,1.0474757117292632,1.0530663062083334,1.1
4000.0,500.0,2.0,1.1618218595138317,1.1371421697944724,1.1478613922717191,1.1
4000.0,500.0,2.0,1.1358694244129088,1.1051138226916506,1.1101250443457995,1.0
4000.0,500.0,2.0,1.0726841561069302,1.044018687994168,1.0548875031807168,1.1
4000.0,500.0,2.0,1.0185129077365314,0.9883272702889644,0.9965764062238108,1.1
4000.0,500.0,2.0,1.132704921183184,1.1260010744993478,1.129179682603449,1.1
4000.0,500.0,2.0,1.175915490813792,1.1748771047565154,1.1747036254609946,1.1
4000.0,500.0,2.0,1.1539241601879482,1.1528588981318095,1.1538252486673082,1.1
4000.0,500.0,2.0,0.9821660354773158,0.9478397044180126,0.9467805215388576,1.0
4000.0,500.0,2.0,1.1070305241758274,1.1000191773815284,1.10078646307702,1.1
4000.0,500.0,2.0,1.1552588492154334,1.1426708427151189,1.1483059202952604,1.1
4000.0,500.0,2.0,1.0895052776012824,1.0749896389814448,1.0771899821987452,1.1
4000.0,500.0,2.0,1.177846007760333,1.1755340528932847,1.1767146744334105,1.1
4000.0,500.0,2.0,1.09193993841952,1.0671953357382329,1.078618963221995,1.1
4000.0,500.0,2.0,0.992264524691143,0.9586380874030056,0.9597164991352648,1.0
4000.0,500.0,2.0,1.136220717719188,1.124316119461624,1.129110147695215,1.1
4000.0,500.0,2.0,1.2424935986338213,1.2424935986338217,1.242493598633821,1.1
4000.0,500.0,2.0,1.1330161995669603,1.0991569168300477,1.1084072850965094,1.0
4000.0,500.0,2.0,1.1084295830152473,1.0786258421163315,1.086970801303696,1.1
4000.0,500.0,2.0,1.200899541241602,1.198590566468883,1.200470931771379,1.1
4000.0,500.0,2.0,1.127479688060867,1.0936471199227171,1.100849470322325,1.0
4000.0,500.0,2.0,1.070335319587175,1.0384707293738946,1.0432267402823414,1.1
4000.0,500.0,2.0,1.0091677647749728,0.9768969434693184,0.9827135632502568,1.1
4000.0,500.0,2.0,1.106405130887966,1.0907738847067965,1.0982981921104025,1.1
4000.0,500.0,2.0,1.0546564765497912,1.0167587891592411,1.021371108908835,1.1
4000.0,500.0,2.0,1.1002912420598971,1.077848198151511,1.0874502396255856,1.0
4000.0,500.0,2.0,1.0580730535021536,1.0338922789685645,1.043750199312364,1.1
4000.0,500.0,2.0,1.119479456442001,1.1130921402145433,1.1159583348570368,1.1
4000.0,500.0,2.0,1.140465282853802,1.139448600862626,1.1395489979813138,1.1
4000.0,500.0,2.0,1.17945118446897,1.17945118446897,1.1787320892808617,1.1
4000.0,500.0,2.0,1.1052198794284278,1.0853049286579497,1.0961751324043982,1.1
4000.0,500.0,2.5,1.063721518729611,1.0380016112947736,1.048891822792112,1.1
4000.0,500.0,2.5,1.1698977072146868,1.1637421366039118,1.1650049373988605,1.1
4000.0,500.0,2.5,1.0858249120041714,1.0420067313994257,1.0451374384299896,1.1
4000.0,500.0,2.5,1.0829755991854542,1.0577173332020329,1.0710238199121556,1.1
4000.0,500.0,2.5,1.13790944862532,1.115286936617436,1.125057624710665,1.1
4000.0,500.0,2.5,1.1565906791079188,1.1491216075122797,1.1538793362619773,1.1
4000.0,500.0,2.5,1.073827738832751,1.0273423230398373,1.0303914383545034,1.0
4000.0,500.0,2.5,1.1692511238566106,1.1310400695147076,1.1403613097043346,1.1
4000.0,500.0,2.5,1.061712834051761,1.0423309713914175,1.0522060839726086,1.1
4000.0,500.0,2.5,1.124963097008068,1.1154022766314604,1.119422923919866,1.1
4000.0,500.0,2.5,1.3447402407660047,1.3441130914536557,1.3437684493219844,1.1
4000.0,500.0,2.5,1.122302949394495,1.109943327064019,1.1144002855826036,1.1
4000.0,500.0,2.5,1.3454316536835242,1.3454316536835242,1.3454316536835245,1.1
4000.0,500.0,2.5,1.0869102209923152,1.053409526837718,1.0651318221225383,1.0
4000.0,500.0,2.5,1.24076200196629,1.2144087088876638,1.2200637712574176,1.0
4000.0,500.0,2.5,1.1714073257415074,1.1312656768217015,1.1431569661943022,1.1
4000.0,500.0,2.5,1.074715958366862,1.0557601247904649,1.066298377279733,1.1
4000.0,500.0,2.5,0.952297126574025,0.9107968991067024,0.9207530766306892,1.0
4000.0,500.0,2.5,1.0560352598939398,1.0150517620797468,1.0279555311327973,1.0
4000.0,500.0,2.5,1.0481878179910906,1.0303583979359587,1.039609672991787,1.1
4000.0,500.0,2.5,1.1772773243922896,1.1408307122223995,1.1537292628271054,1.1
4000.0,500.0,2.5,1.1698367805161365,1.135013888838854,1.145590183510115,1.0
4000.0,500.0,2.5,1.0658551951336628,1.025473586616487,1.0378871044491391,1.1
4000.0,500.0,2.5,0.9981411346706645,0.9566391513271074,0.9656641210621536,1.1
4000.0,500.0,2.5,1.14088115147898,1.1283903358812473,1.1347921055462964,1.1
4000.0,500.0,2.5,1.19489436351724,1.192086663849822,1.19265119029523,1.1
4000.0,500.0,2.5,1.167405200234935,1.1660736226647623,1.1664999687184003,1.1
4000.0,500.0,2.5,0.9777075443466448,0.9375964277304528,0.9420922147503802,1.0
4000.0,500.0,2.5,1.108788155219784,1.0975611992684549,1.0987322244988451,1.1
4000.0,500.0,2.5,1.1690735615192918,1.1483264252267615,1.154301294477639,1.1
4000.0,500.0,2.5,1.086881597001603,1.0619245537343445,1.0673766123000603,1.1
4000.0,500.0,2.5,1.1973075097004169,1.1929632883452117,1.194349982797612,1.1
4000.0,500.0,2.5,1.0899249230243997,1.0553662382473867,1.066535584363348,1.1
4000.0,500.0,2.5,0.990330655863929,0.9495727342412584,0.9567753676094132,1.0
4000.0,500.0,2.5,1.145275897148985,1.1248954460071123,1.132169862632853,1.1
4000.0,500.0,2.5,1.2781169982922769,1.2781169982922769,1.27762573899191,1.1
4000.0,500.0,2.5,1.1662702494587005,1.1271935288031287,1.1431958491911205,1.0
4000.0,500.0,2.5,1.110536978769059,1.06902906515529,1.0783133331741508,1.1
4000.0,500.0,2.5,1.2261244265520022,1.2222781237645706,1.2242940674313858,1.1
4000.0,500.0,2.5,1.159349610076084,1.1200455532893032,1.1339250027610577,1.0
4000.0,500.0,2.5,1.0629191494839687,1.020753497639944,1.0194147351249776,1.1
4000.0,500.0,2.5,0.986459705968716,0.9447174734535576,0.9442986824302816,1.1
4000.0,500.0,2.5,1.108006413609958,1.0806728726836647,1.093505219509632,1.1
4000.0,500.0,2.5,1.0624591946251047,1.0153570630004776,1.0246028648359884,1.0
4000.0,500.0,2.5,1.1253640525748714,1.1030835190945854,1.1154956566864798,1.0
4000.0,500.0,2.5,1.0475913168776918,1.0100414334645178,1.0221356981180307,1.1
4000.0,500.0,2.5,1.124349320552501,1.1095758628303485,1.1164084448500615,1.1
4000.0,500.0,2.5,1.1505816035672525,1.1487911881982855,1.1483561523931285,1.1
4000.0,500.0,2.5,1.1993139805862123,1.198642322487444,1.1984151116010773,1.1
4000.0,500.0,2.5,1.1065248492855349,1.0748480232730575,1.0910769220053451,1.1
4000.0,500.0,3.0,1.056465822475533,1.0193442288258228,1.0343155123784369,1.1
4000.0,500.0,3.0,1.183877248657624,1.1733930885679429,1.1762291148116817,1.1
4000.0,500.0,3.0,1.082989894405006,1.029947141358761,1.0307309392645143,1.1
4000.0,500.0,3.0,1.079570719022545,1.0439910672796402,1.061864977473647,1.1
4000.0,500.0,3.0,1.145491338350384,1.113728680685415,1.127910675390334,1.1
4000.0,500.0,3.0,1.1679088149295025,1.15734550963455,1.1632690953894658,1.1
4000.0,500.0,3.0,1.0885932865993009,1.034272677981949,1.0416270288123015,1.0
4000.0,500.0,3.0,1.1831013486279325,1.133189699102017,1.1421564035233869,1.1
4000.0,500.0,3.0,1.0540554008621132,1.0238278959005924,1.0407000103896058,1.1
4000.0,500.0,3.0,1.1299557164096816,1.1161974416355542,1.1221015212111078,1.1
4000.0,500.0,3.0,1.3936882889192057,1.3915729370364691,1.392276296244365,1.1
4000.0,500.0,3.0,1.126763539273394,1.1067666787267354,1.1140712933279475,1.1
4000.0,500.0,3.0,1.3945179844202291,1.3945179844202291,1.3945179844202296,1.1
4000.0,500.0,3.0,1.104292265190778,1.0695058924009582,1.0823772811739991,1.0
4000.0,500.0,3.0,1.288914402359548,1.2616070606637992,1.2690945371225326,1.0
4000.0,500.0,3.0,1.1856887908898086,1.1341022012194006,1.1492140856950543,1.1
4000.0,500.0,3.0,1.0696591500402346,1.0436882093182909,1.058234458497469,1.1
4000.0,500.0,3.0,0.94275655188883,0.8954225284387038,0.9111659335315349,1.0
4000.0,500.0,3.0,1.0672423118727277,1.0235602276210796,1.039298844112922,1.0
4000.0,500.0,3.0,1.0378253815893088,1.0122585947816127,1.0234985309081897,1.1
4000.0,500.0,3.0,1.192732789270747,1.1471687343419712,1.158755097534523,1.1
4000.0,500.0,3.0,1.2038041366193633,1.1657888560829153,1.1803187622720224,1.0
4000.0,500.0,3.0,1.059026234160395,1.0093407365035063,1.0205622156434937,1.1
4000.0,500.0,3.0,0.977769361604797,0.9250114458095988,0.9337756769492024,1.1
4000.0,500.0,3.0,1.149057381774776,1.129262347255328,1.1390281377355698,1.1
4000.0,500.0,3.0,1.213873236220688,1.20885170857788,1.210663738264567,1.1
4000.0,500.0,3.0,1.1808862402819222,1.1792883471977145,1.179482615629138,1.1
4000.0,500.0,3.0,0.9732490532159738,0.928463565135033,0.937234900280596,1.0
4000.0,500.0,3.0,1.110545786263741,1.0921723622522856,1.0945288760668983,1.1
4000.0,500.0,3.0,1.18288827382315,1.153359115997996,1.1607940153711165,1.1
4000.0,500.0,3.0,1.0842579164019233,1.0481561880924095,1.0557127132034625,1.1
4000.0,500.0,3.0,1.2167690116405,1.20830982765005,1.2127148153918457,1.1
4000.0,500.0,3.0,1.0879099076292795,1.0433835239275413,1.0555671829313638,1.1
4000.0,500.0,3.0,0.9883967870367146,0.9430324617801736,0.9522199483753014,1.0
4000.0,500.0,3.0,1.1543310765787818,1.126142275627137,1.1353479717823487,1.1
4000.0,500.0,3.0,1.3137403979507318,1.3137403979507318,1.3128632828756297,1.1
4000.0,500.0,3.0,1.1995242993504407,1.1565385021584704,1.1750017640391872,1.0
4000.0,500.0,3.0,1.112644374522871,1.0602544896658406,1.0684699303422691,1.1
4000.0,500.0,3.0,1.2513493118624024,1.2436626771017794,1.2488017055613037,1.1
4000.0,500.0,3.0,1.1912195320913006,1.1469635297764915,1.1648481966869406,1.0
4000.0,500.0,3.0,1.0555029793807622,1.0031461941349604,0.9976456873987948,1.1
4000.0,500.0,3.0,0.9820756789272675,0.9326402383576352,0.9349831279761444,1.0
4000.0,500.0,3.0,1.1096076963319494,1.0716125798027207,1.0895476823530124,1.1
4000.0,500.0,3.0,1.0749510335501256,1.0197479700124334,1.0349388215437612,1.0
4000.0,500.0,3.0,1.1504368630898456,1.1281039339239989,1.1400126902114194,1.0
4000.0,500.0,3.0,1.0371095802532302,0.9882808504801052,1.0015969445253925,1.1
4000.0,500.0,3.0,1.1292191846630013,1.1086430997089325,1.1172994453881313,1.1
4000.0,500.0,3.0,1.160697924280703,1.1579565644516585,1.1568672506825388,1.1
4000.0,500.0,3.0,1.219176776703455,1.2176437908903543,1.2180981339212928,1.1
4000.0,500.0,3.0,1.107829819142642,1.0669464813912823,1.0866756861031968,1.1
4000.0,500.0,4.0,1.0419544299673775,0.9827282247576014,1.0052183675064112,1.1
4000.0,500.0,4.0,1.2118363315434988,1.1915367199049265,1.197200376379847,1.1
4000.0,500.0,4.0,1.10757363825402,1.0378937386660505,1.0518664427090163,1.0
4000.0,500.0,4.0,1.0727609586967266,1.0183901676678535,1.044715502170247,1.1
4000.0,500.0,4.0,1.1606551178005122,1.110158030901352,1.128533514018556,1.1
4000.0,500.0,4.0,1.19054508657267,1.1693431627577249,1.181196162941887,1.1
4000.0,500.0,4.0,1.1181243821324016,1.0495035596661817,1.061658972185238,1.0
4000.0,500.0,4.0,1.210801798170577,1.1392491328434828,1.14816435788378,1.1
4000.0,500.0,4.0,1.0387405344828171,0.9888668162678224,1.0147286964648672,1.1
4000.0,500.0,4.0,1.1399409552129087,1.1139825041908715,1.1256530243226548,1.1
4000.0,500.0,4.0,1.4915843852256074,1.4854053525590865,1.488827187609005,1.1
4000.0,500.0,4.0,1.1356847190311916,1.1015784356102178,1.1155307765718188,1.1
4000.0,500.0,4.0,1.492690645893639,1.492690645893639,1.492690645893639,1.1
4000.0,500.0,4.0,1.1390563535877043,1.1005187253915902,1.1142119682408302,1.0
4000.0,500.0,4.0,1.3852192031460635,1.3567270800472209,1.370576548823547,1.0
4000.0,500.0,4.0,1.2142517211864114,1.1426150271576454,1.152053161080166,1.1
4000.0,500.0,4.0,1.0595455333869792,1.0175113460628906,1.0385298056961836,1.1
4000.0,500.0,4.0,0.9236754025184398,0.8670770725650281,0.8886369735327114,1.0
4000.0,500.0,4.0,1.0896564158303037,1.0402503412634667,1.058855604419787,1.0
4000.0,500.0,4.0,1.017100508785745,0.9743135826443284,0.9946365412285064,1.1
4000.0,500.0,4.0,1.2236437190276632,1.1570070802529682,1.167408238886525,1.1
4000.0,500.0,4.0,1.2717388488258177,1.2285625964805231,1.2478574150363533,1.0
4000.0,500.0,4.0,1.04536831221386,0.9782249187293668,0.988790257285531,1.1
4000.0,500.0,4.0,0.9370258154730626,0.8637867565645396,0.8677331753152422,1.1
4000.0,500.0,4.0,1.165409842366368,1.1311193681257132,1.1480022556799814,1.1
4000.0,500.0,4.0,1.2518309816275837,1.2383434829154176,1.244294833436897,1.1
4000.0,500.0,4.0,1.2078483203758963,1.202433498169526,1.204710876541592,1.1
4000.0,500.0,4.0,0.9643320709546316,0.9131152092695216,0.9238328444224044,1.0
4000.0,500.0,4.0,1.1140610483516544,1.082183465243458,1.088743026202388,1.1
4000.0,500.0,4.0,1.2105176984308672,1.1644814721609118,1.1735500082179395,1.1
4000.0,500.0,4.0,1.0790105552025646,1.0238114431737904,1.0341140780849885,1.1
4000.0,500.0,4.0,1.2556920155206663,1.2399002287926024,1.2459203668772585,1.1
4000.0,500.0,4.0,1.0838798768390396,1.0202189832292683,1.0351117372105016,1.1
4000.0,500.0,4.0,0.9845290493822862,0.9306653992826456,0.9456221322602084,1.0
4000.0,500.0,4.0,1.1724414354383756,1.1275314931566682,1.1405636351344588,1.1
4000.0,500.0,4.0,1.3849871972676426,1.3849871972676429,1.3834232352955396,1.1
4000.0,500.0,4.0,1.2660323991339208,1.2170636834627857,1.2368620685230145,1.0
4000.0,500.0,4.0,1.1168591660304945,1.0441493960220212,1.0463939567757277,1.1
4000.0,500.0,4.0,1.3017990824832033,1.2832432367765387,1.295397260963974,1.1
4000.0,500.0,4.0,1.2549593761217344,1.2039376758531908,1.2257924094285009,1.0
4000.0,500.0,4.0,1.0633532362003513,0.993102607446779,0.99811537597865,1.0
4000.0,500.0,4.0,0.9761009052363568,0.9136272454842352,0.9215255865055808,1.0
4000.0,500.0,4.0,1.1128102617759326,1.0549163848257923,1.0767096261538815,1.1
4000.0,500.0,4.0,1.0999347114001674,1.0307046552447607,1.0558863540165078,1.0
4000.0,500.0,4.0,1.2005824841197938,1.176900165224951,1.190316908770357,1.0
4000.0,500.0,4.0,1.0161461070043072,0.9464207087471224,0.959959885619724,1.1
4000.0,500.0,4.0,1.1389589128840016,1.1035337218305925,1.1148961693933075,1.1
4000.0,500.0,4.0,1.180930565707604,1.172162813072216,1.1744242070978987,1.1
4000.0,500.0,4.0,1.2589023689379395,1.2550229683250531,1.2556148066333632,1.1
4000.0,500.0,4.0,1.110439758856856,1.046194609496255,1.0747338417310557,1.1
4000.0,500.0,5.0,1.0274430374592218,0.9470206130944732,0.977438627954961,1.1
4000.0,500.0,5.0,1.2397954144293732,1.2108450531186767,1.217936334300337,1.1
4000.0,500.0,5.0,1.1344670478175252,1.0495060220237682,1.071435828445751,1.0
4000.0,500.0,5.0,1.0659511983709085,0.9914053312616516,1.0284209990165012,1.1
4000.0,500.0,5.0,1.17581889725064,1.108939649357252,1.1313804806353105,1.1
4000.0,500.0,5.0,1.2131813582158375,1.1851827985228578,1.199976139010621,1.1
4000.0,500.0,5.0,1.1476554776655017,1.066888135545636,1.0839638388869293,1.0
4000.0,500.0,5.0,1.2385022477132208,1.1467176978098863,1.156391657359354,1.1
4000.0,500.0,5.0,1.0234256681035216,0.9569098916324372,0.9900716052509652,1.1
4000.0,500.0,5.0,1.1499261940161358,1.1125336367787,1.128792648780715,1.1
4000.0,500.0,5.0,1.5894804815320092,1.5797207541423954,1.5849180859031935,1.1
4000.0,500.0,5.0,1.1446058987889898,1.0903863041113575,1.112046757552524,1.1
4000.0,500.0,5.0,1.5908633073670488,1.5908633073670488,1.5908633073670488,1.1
4000.0,500.0,5.0,1.1738204419846303,1.132964651382255,1.147183926210325,1.0
4000.0,500.0,5.0,1.4815240039325794,1.4525410087442552,1.4659229074090003,1.0
4000.0,500.0,5.0,1.2428146514830145,1.152043354363579,1.1572686699989403,1.1
4000.0,500.0,5.0,1.0494319167337238,0.9899657561011634,1.0194453341000416,1.1
4000.0,500.0,5.0,0.9045942531480498,0.8390359693857229,0.8634476826952978,1.0
4000.0,500.0,5.0,1.11207051978788,1.0573248923951135,1.0785309183491008,1.0
4000.0,500.0,5.0,0.996375635982181,0.935863302344324,0.9649751527971808,1.1
4000.0,500.0,5.0,1.2545546487845791,1.1682950692769754,1.1762749451648653,1.1
4000.0,500.0,5.0,1.3396735610322723,1.2922948404359305,1.31573530482899,1.0
4000.0,500.0,5.0,1.0564806897112202,0.9733595584390744,0.9630854327849624,1.0
4000.0,500.0,5.0,0.90348369207429,0.8114090332147321,0.8197853654995652,1.0
4000.0,500.0,5.0,1.18176230295796,1.1365425754301035,1.1572728262090608,1.1
4000.0,500.0,5.0,1.2897887270344797,1.2705071833294403,1.2781854937003776,1.1
4000.0,500.0,5.0,1.2348104004698708,1.2261346548089314,1.2304188822875866,1.1
4000.0,500.0,5.0,0.9554150886932896,0.8970901195242629,0.9077621783188428,1.0
4000.0,500.0,5.0,1.117576310439568,1.0723759405075937,1.08301867164723,1.1
4000.0,500.0,5.0,1.238147123038584,1.1737417907643797,1.1884010016275557,1.1
4000.0,500.0,5.0,1.0737631940032055,0.9978063570473044,1.0078255362314614,1.1
4000.0,500.0,5.0,1.2946150194008328,1.272648659411438,1.2790254341291356,1.1
4000.0,500.0,5.0,1.0798498460487993,0.9985881849148228,1.0142903855850358,1.1
4000.0,500.0,5.0,0.9806613117278578,0.9202383416754588,0.939602973393963,1.0
4000.0,500.0,5.0,1.1905517942979695,1.1276960347571312,1.1446763262047706,1.1
4000.0,500.0,5.0,1.4562339965845532,1.4550507228501153,1.4542790441194249,1.1
4000.0,500.0,5.0,1.3325404989174012,1.2750934505261926,1.3007853932347588,1.0
4000.0,500.0,5.0,1.121073957538118,1.0292641658816897,1.0259348009587073,1.1
4000.0,500.0,5.0,1.3522488531040042,1.3254440089427242,1.3432835409141064,1.1
4000.0,500.0,5.0,1.318699220152168,1.2616600276487342,1.2905067895420133,1.0
4000.0,500.0,5.0,1.079191545250439,0.9924986009647624,1.0063317454937104,1.0
4000.0,500.0,5.0,0.970126131545446,0.8960288399420084,0.910874086409214,1.0
4000.0,500.0,5.0,1.1160128272199157,1.0392357382085584,1.0664389231055815,1.1
4000.0,500.0,5.0,1.1249183892502093,1.0436733411694774,1.075609261866648,1.0
4000.0,500.0,5.0,1.2507281051497423,1.2218554599467486,1.2410094929045854,1.0
4000.0,500.0,5.0,0.9951826337553836,0.9058500473688156,0.9152894943537512,1.1
4000.0,500.0,5.0,1.1486986411050015,1.0981294692194297,1.115033800381595,1.1
4000.0,500.0,5.0,1.2011632071345046,1.1833538991621644,1.1925723028386332,1.1
4000.0,500.0,5.0,1.2986279611724243,1.2926990383772448,1.293828291767953,1.1
4000.0,500.0,5.0,1.11304969857107,1.028844938372242,1.0647107207458129,1.1
4000.0,500.0,6.0,1.012931644951066,0.9122697466042908,0.9497838008392137,1.1
4000.0,500.0,6.0,1.267754497315248,1.2290366217068762,1.2383364198842248,1.1
4000.0,500.0,6.0,1.16136045738103,1.0617528009357622,1.0949273276255873,1.0
4000.0,500.0,6.0,1.0591414380450903,0.9647913598112804,1.012270602610795,1.1
4000.0,500.0,6.0,1.190982676700768,1.1050725437874214,1.1347996466484558,1.1
4000.0,500.0,6.0,1.235817629859005,1.1997154753694956,1.219113328429635,1.1
4000.0,500.0,6.0,1.1771865731986018,1.0844950290250357,1.1069418725359157,1.0
4000.0,500.0,6.0,1.266202697255865,1.1546353098798985,1.160426038807336,1.1
4000.0,500.0,6.0,1.008110801724226,0.9222003936692528,0.9637201272351474,1.1
4000.0,500.0,6.0,1.1599114328193627,1.1115207251151558,1.1302882959077667,1.1
4000.0,500.0,6.0,1.6873765778384109,1.671119196077083,1.6819017030838324,1.1
4000.0,500.0,6.0,1.1535270785467877,1.083827439378438,1.1120551073530474,1.1
4000.0,500.0,6.0,1.6890359688404586,1.6890359688404586,1.6890359688404586,1.1
4000.0,500.0,6.0,1.2085845303815566,1.1643356579579112,1.1796466220896349,1.0
4000.0,500.0,6.0,1.5778288047190954,1.5464009848150329,1.562024353850518,1.0
4000.0,500.0,6.0,1.2713775817796171,1.1621781577519292,1.1623559711011089,1.1
4000.0,500.0,6.0,1.0393183000804689,0.963448046306478,1.0026034627558222,1.1
4000.0,500.0,6.0,0.8855131037776596,0.813086281993905,0.838635511665243,1.0
4000.0,500.0,6.0,1.1344846237454558,1.0735076471522125,1.0959418836189474,1.0
4000.0,500.0,6.0,0.9756507631786172,0.8959685134810542,0.9346839552606128,1.1
4000.0,500.0,6.0,1.285465578541495,1.1813755300879951,1.1824896836774506,1.1
4000.0,500.0,6.0,1.4076082732387267,1.3565575139386057,1.379635298154241,1.0
4000.0,500.0,6.0,1.0677768276534645,0.9703159699480404,0.9617617796418184,1.0
4000.0,500.0,6.0,0.8841804304891479,0.7739117788251335,0.7893054469790508,1.0
4000.0,500.0,6.0,1.198114763549552,1.139261701752036,1.1617516270793502,1.1
4000.0,500.0,6.0,1.3277464724413752,1.301026611349316,1.3105879544497174,1.1
4000.0,500.0,6.0,1.2617724805638448,1.2480197119700756,1.2565026587451038,1.1
4000.0,500.0,6.0,0.9464981064319474,0.8827898467886263,0.8940882388682887,1.0
4000.0,500.0,6.0,1.1210915725274817,1.0615725479228986,1.0748038603019747,1.1
4000.0,500.0,6.0,1.2657765476463008,1.1834766526549352,1.200992413808854,1.1
4000.0,500.0,6.0,1.0685158328038469,0.9745058616004122,0.9850432763740498,1.1
4000.0,500.0,6.0,1.3335380232809992,1.302970911422659,1.3111337041370954,1.1
4000.0,500.0,6.0,1.075819815258559,0.9780712269353212,0.99057038726406,1.1
4000.0,500.0,6.0,0.9767935740734291,0.9110824955815132,0.9351990686422526,1.0
4000.0,500.0,6.0,1.2086621531575632,1.1286245655006948,1.151703673225052,1.1
4000.0,500.0,6.0,1.527480795901464,1.5247167585523471,1.5241296364884658,1.1
4000.0,500.0,6.0,1.3990485987008814,1.3355971170512573,1.3651781236328684,1.0
4000.0,500.0,6.0,1.1423366406046835,1.0321323229020627,1.0444186532277575,1.0
4000.0,500.0,6.0,1.4026986237248047,1.3663830785763815,1.3916766404230738,1.1
4000.0,500.0,6.0,1.3824390641826017,1.3186801431784636,1.3537487112497808,1.0
4000.0,500.0,6.0,1.0950298543005268,0.9930867854159318,1.0148544521522356,1.0
4000.0,500.0,6.0,0.9641513578545357,0.8784042837247615,0.8983143461905264,1.0
4000.0,500.0,6.0,1.1192153926638988,1.0229668792020656,1.0539112042534464,1.1
4000.0,500.0,6.0,1.1499020671002511,1.0577032158708672,1.09458534150073,1.0
4000.0,500.0,6.0,1.3008737261796908,1.2757479029638044,1.2894064269031194,1.0
4000.0,500.0,6.0,0.9742191605064606,0.8661877413312096,0.8738384419489491,1.1
4000.0,500.0,6.0,1.158438369326002,1.0936428703155738,1.1133466243261048,1.1
4000.0,500.0,6.0,1.2213958485614058,1.1990611517748595,1.2073291921884426,1.1
4000.0,500.0,6.0,1.338353553406909,1.3287219819064262,1.3325939501215438,1.1
4000.0,500.0,6.0,1.115659638285284,1.0122670240320129,1.0550672968338108,1.1
4000.0,500.0,7.0,0.9984202524429108,0.8793277804755235,0.923373950367088,1.1
4000.0,500.0,7.0,1.2957135802011226,1.246848424413854,1.2609462282467263,1.1
4000.0,500.0,7.0,1.188253866944535,1.0751650570671063,1.11785880586766,1.0
4000.0,500.0,7.0,1.0523316777192722,0.939198324915968,0.9918936233013044,1.1
4000.0,500.0,7.0,1.206146456150896,1.1021339756202646,1.1397533867238785,1.1
4000.0,500.0,7.0,1.2584539015021723,1.2079896284214062,1.2379688886017968,1.1
4000.0,500.0,7.0,1.2067176687317025,1.1024317698270751,1.1276551224713476,1.0
4000.0,500.0,7.0,1.2939031467985092,1.1627350268578804,1.1701059449557345,1.1
4000.0,500.0,7.0,0.99279593534493,0.8891146607918051,0.9352520131488152,1.1
4000.0,500.0,7.0,1.16989667162259,1.1103662615386607,1.133507372920389,1.1
4000.0,500.0,7.0,1.7852726741448128,1.7637001814691369,1.777416213870414,1.1
4000.0,500.0,7.0,1.162448258304585,1.0779443385576402,1.11210841092864,1.1
4000.0,500.0,7.0,1.7872086303138683,1.7872086303138683,1.7872086303138683,1.1
4000.0,500.0,7.0,1.2433486187784824,1.192562874551746,1.2130649756218357,1.0
4000.0,500.0,7.0,1.6741336055056113,1.6405251019264042,1.656225273277807,1.0
4000.0,500.0,7.0,1.3152540589654935,1.1880682447961743,1.1982666175223862,1.0
4000.0,500.0,7.0,1.0292046834272135,0.9352928887778368,0.983868727213504,1.1
4000.0,500.0,7.0,0.8664319544072694,0.7861695997488389,0.8164577065834152,1.0
4000.0,500.0,7.0,1.1568987277030318,1.0857589216775807,1.1148750384073556,1.0
4000.0,500.0,7.0,0.9549258903750532,0.8563757114302543,0.9020612811081812,1.1
4000.0,500.0,7.0,1.3163765082984105,1.194256189858265,1.1918645467254123,1.1
4000.0,500.0,7.0,1.4755429854451814,1.416704389722682,1.4444392212012676,1.0
4000.0,500.0,7.0,1.0790729655957083,0.9666465304203704,0.9589893938843724,1.0
4000.0,500.0,7.0,0.8648771689040058,0.7368328988955994,0.7597605210996683,1.0
4000.0,500.0,7.0,1.214467224141144,1.140671083641719,1.1668471583294262,1.1
4000.0,500.0,7.0,1.365704217848271,1.3314747455646776,1.344663567430698,1.1
4000.0,500.0,7.0,1.2887345606578189,1.2701507344313785,1.280530571343401,1.1
4000.0,500.0,7.0,0.9375811241706052,0.8649408839057766,0.8787663757704016,1.0
4000.0,500.0,7.0,1.1246068346153952,1.0522693466616249,1.0667672978116294,1.1
4000.0,500.0,7.0,1.2934059722540174,1.1936773831041592,1.2155689754792252,1.1
4000.0,500.0,7.0,1.063268471604488,0.950526530349678,0.959883631155986,1.1
4000.0,500.0,7.0,1.3724610271611657,1.3291914393523914,1.344190870797156,1.1
4000.0,500.0,7.0,1.0829424629916882,0.969072681726083,0.9397589234677788,1.0
4000.0,500.0,7.0,0.9729258364190008,0.8998334712224427,0.927122062306434,1.0
4000.0,500.0,7.0,1.2267725120171569,1.1292984694919923,1.155501807559337,1.1
4000.0,500.0,7.0,1.5987275952183748,1.5939598508943176,1.5948179092365438,1.1
4000.0,500.0,7.0,1.4655566984843615,1.3934351483028302,1.4306892913819822,1.0
4000.0,500.0,7.0,1.1660594140387972,1.0377217857208367,1.0544265001528748,1.0
4000.0,500.0,7.0,1.4531483943456056,1.4089594812449455,1.4372810505151163,1.1
4000.0,500.0,7.0,1.4461789082130352,1.3747773721875114,1.4200287352407257,1.0
4000.0,500.0,7.0,1.1108681633506148,0.9936642916914668,1.0196849516779405,1.0
4000.0,500.0,7.0,0.9581765841636246,0.8605594262224756,0.8863162238761692,1.0
4000.0,500.0,7.0,1.122417958107882,1.007847176879949,1.0450286309935397,1.1
4000.0,500.0,7.0,1.1748857449502932,1.0709402161498722,1.1135837689326715,1.0
4000.0,500.0,7.0,1.3510193472096392,1.3263200896034446,1.3376408313869723,1.0
4000.0,500.0,7.0,0.9532556872575372,0.8266770802040254,0.8297787293884686,1.1
4000.0,500.0,7.0,1.1681780975470029,1.08682434421338,1.1118451626503048,1.1
4000.0,500.0,7.0,1.2416284899883063,1.2111110660141098,1.2245095756614552,1.1
4000.0,500.0,7.0,1.378079145641394,1.3654170552546592,1.3707382852103522,1.1
4000.0,500.0,7.0,1.1182695779994982,0.9957904863035126,1.0439612297250895,1.1
4000.0,500.0,8.0,0.983908859934755,0.8469643906124379,0.8912269028013684,1.1
4000.0,500.0,8.0,1.3236726630869973,1.2678267707586903,1.279779481532605,1.1
4000.0,500.0,8.0,1.2151472765080402,1.0908488374384722,1.1371120213049086,1.0
4000.0,500.0,8.0,1.0455219173934536,0.9137413714701332,0.9728857304782104,1.1
4000.0,500.0,8.0,1.221310235601024,1.0992586743622867,1.1411176367750635,1.1
4000.0,500.0,8.0,1.2810901731453397,1.2172305454494674,1.255016801706802,1.1
4000.0,500.0,8.0,1.2362487642648023,1.11964897110071,1.1463040319794096,1.0
4000.0,500.0,8.0,1.3216035963411534,1.1711443239232864,1.1770095936065863,1.1
4000.0,500.0,8.0,0.9774810689656346,0.8562123829757907,0.905840212711679,1.1
4000.0,500.0,8.0,1.1798819104258171,1.111003463347702,1.1364444615488374,1.1
4000.0,500.0,8.0,1.8831687704512148,1.85560509987926,1.873615116599436,1.1
4000.0,500.0,8.0,1.171369438062383,1.0720168927403155,1.1083012138509056,1.1
4000.0,500.0,8.0,1.885381291787278,1.885381291787278,1.885381291787278,1.1
4000.0,500.0,8.0,1.2781127071754086,1.227004865982813,1.249132270289847,1.0
4000.0,500.0,8.0,1.770438406292127,1.7344413074592686,1.751944026728034,1.0
4000.0,500.0,8.0,1.3602903531034212,1.2153516396004749,1.2298865187852164,1.0
4000.0,500.0,8.0,1.0190910667739583,0.9099910398344844,0.9613834713966788,1.1
4000.0,500.0,8.0,0.8473508050368795,0.7562717010613436,0.7907662274869894,1.0
4000.0,500.0,8.0,1.179312831660608,1.1031274517512402,1.1338575648589015,1.0
4000.0,500.0,8.0,0.9342010175714895,0.8204694124274889,0.8722645022292225,1.1
4000.0,500.0,8.0,1.3516864284233172,1.2120468866576497,1.2297757072231614,1.0
4000.0,500.0,8.0,1.5434776976516356,1.4805056231643046,1.5097508844211631,1.0
4000.0,500.0,8.0,1.0903691035379524,0.9636224955690208,0.9547147874639552,1.0
4000.0,500.0,8.0,0.8455739073188637,0.7001744086209707,0.7300989309415965,1.0
4000.0,500.0,8.0,1.230819684732736,1.1408172246159798,1.1737749010332348,1.1
4000.0,500.0,8.0,1.4036619632551668,1.3623257575108816,1.379615505635083,1.1
4000.0,500.0,8.0,1.3156966407517934,1.293065952817832,1.3052050549882324,1.1
4000.0,500.0,8.0,0.9286641419092632,0.8470087513178639,0.8638357500873617,1.0
4000.0,500.0,8.0,1.1281220967033088,1.040392694697308,1.0581531820941,1.1
4000.0,500.0,8.0,1.3210353968617348,1.2042720992417304,1.228075308498611,1.1
4000.0,500.0,8.0,1.0580211104051291,0.928466050268298,0.9399400833194004,1.1
4000.0,500.0,8.0,1.4113840310413326,1.3598113566113503,1.3790752809110356,1.1
4000.0,500.0,8.0,1.0947913862762153,0.965174971919249,0.9363232543376808,1.0
4000.0,500.0,8.0,0.9690580987645724,0.8873743934144346,0.9183877756464648,1.0
4000.0,500.0,8.0,1.2448828708767508,1.1299398366885915,1.1610580744342576,1.1
4000.0,500.0,8.0,1.6699743945352854,1.66452554387922,1.664593958572822,1.1
4000.0,500.0,8.0,1.5320647982678417,1.45339929096783,1.4938017709207,1.0
4000.0,500.0,8.0,1.189782187472911,1.0435178911797796,1.06477853391768,1.0
4000.0,500.0,8.0,1.5035981649664063,1.4490050764837263,1.4826485188157508,1.1
4000.0,500.0,8.0,1.5099187522434687,1.4318836777918822,1.4820756493316185,1.0
4000.0,500.0,8.0,1.1267064724007023,0.9941493036270372,1.0291942043726587,1.0
4000.0,500.0,8.0,0.9522018104727138,0.8453631942047072,0.8734905892708913,1.0
4000.0,500.0,8.0,1.125620523551865,0.9906249826850224,1.0326596245197648,1.1
4000.0,500.0,8.0,1.199869422800335,1.083790554967442,1.13506783003632,1.0
4000.0,500.0,8.0,1.4011649682395877,1.3729372452610795,1.3874990454182932,1.0
4000.0,500.0,8.0,0.932292214008614,0.7873683037673204,0.7865567012760348,1.1
4000.0,500.0,8.0,1.1779178257680032,1.0806974445249478,1.109997182168844,1.1
4000.0,500.0,8.0,1.2618611314152073,1.225745752970929,1.2414041397332416,1.1
4000.0,500.0,8.0,1.417804737875879,1.4017498411157554,1.4081271353929432,1.1
4000.0,500.0,8.0,1.1208795177137123,0.9789811950545524,1.0284006712474438,1.1
4000.0,500.0,9.0,0.9693974674265996,0.8138661555151545,0.8600238378617259,1.1
4000.0,500.0,9.0,1.3516317459728715,1.2861571879009546,1.2995018949697117,1.1
4000.0,500.0,9.0,1.2420406860715452,1.1049936532421405,1.1556076923834977,1.0
4000.0,500.0,9.0,1.0387121570676354,0.8893548945024775,0.9526601335549664,1.1
4000.0,500.0,9.0,1.2364740150511515,1.094954528292615,1.1422476815345852,1.1
4000.0,500.0,9.0,1.3037264447885073,1.2284934240074203,1.2726529182974773,1.1
4000.0,500.0,9.0,1.2657798597979029,1.1382646533503262,1.167826197099029,1.0
4000.0,500.0,9.0,1.3493040458837973,1.1799337894227202,1.183375114787251,1.1
4000.0,500.0,9.0,0.9621662025863388,0.8242612935010599,0.8813672403498428,1.1
4000.0,500.0,9.0,1.1898671492290438,1.1105367409273876,1.1403233296232345,1.1
4000.0,500.0,9.0,1.9810648667576165,1.9484478846777893,1.9684994102632956,1.1
4000.0,500.0,9.0,1.1802906178201809,1.0662404079198051,1.1065831919660931,1.1
4000.0,500.0,9.0,1.983553953260688,1.983553953260688,1.9835539532606885,1.1
4000.0,500.0,9.0,1.3128767955723348,1.255380474230665,1.280273804076078,1.0
4000.0,500.0,9.0,1.8667432070786432,1.830375536242528,1.846866227328552,1.0
4000.0,500.0,9.0,1.405326647241349,1.2428549802811906,1.2627065823565953,1.0
4000.0,500.0,9.0,1.008977450120703,0.8836922774255059,0.9428312632969228,1.1
4000.0,500.0,9.0,0.8282696556664892,0.7287815570396482,0.7656892560564594,1.0
4000.0,500.0,9.0,1.201726935618184,1.1209792291693643,1.151877448338904,1.0
4000.0,500.0,9.0,0.9134761447679258,0.7837551861907093,0.8421955039288493,1.1
4000.0,500.0,9.0,1.395647231976232,1.2385948288888882,1.260741665627469,1.0
4000.0,500.0,9.0,1.6114124098580898,1.5435219112534897,1.5734697449738084,1.0
4000.0,500.0,9.0,1.1016652414801962,0.960414903758516,0.952985417039343,1.0
4000.0,500.0,9.0,0.8262706457337218,0.6639524231735188,0.6983650388285838,1.0
4000.0,500.0,9.0,1.2471721453243276,1.143291628608175,1.1820312700887707,1.1
4000.0,500.0,9.0,1.4416197086620626,1.39387303111372,1.413509845547269,1.1
4000.0,500.0,9.0,1.3426587208457677,1.3156567574226208,1.3299001046757293,1.1
4000.0,500.0,9.0,0.9197471596479208,0.8286648310772726,0.848560162584771,1.0
4000.0,500.0,9.0,1.131637358791222,1.029547123982828,1.0499941094457967,1.1
4000.0,500.0,9.0,1.3486648214694514,1.2143612247024578,1.2439730176539707,1.1
4000.0,500.0,9.0,1.0527737492057705,0.9058275372404232,0.9164474061861017,1.1
4000.0,500.0,9.0,1.450307034921499,1.3911153373845786,1.413116527735769,1.1
4000.0,500.0,9.0,1.106640309560742,0.9612049480261022,0.93320744516361,1.0
4000.0,500.0,9.0,0.9651903611101438,0.8761735081322901,0.9113931678953676,1.0
4000.0,500.0,9.0,1.2629932297363446,1.1312208030320223,1.1649411936052778,1.1
4000.0,500.0,9.0,1.7412211938521964,1.7350912368641227,1.7340938923537672,1.1
4000.0,500.0,9.0,1.5985728980513223,1.5109503854335828,1.5571512742097993,1.0
4000.0,500.0,9.0,1.213504960907025,1.0498813877144226,1.073238430102648,1.0
4000.0,500.0,9.0,1.554047935587207,1.492630711044192,1.5275991857898197,1.1
4000.0,500.0,9.0,1.5736585962739025,1.4892086264684956,1.543104453040617,1.0
4000.0,500.0,9.0,1.1425447814507903,0.9948831731529288,1.0339406702265368,1.0
4000.0,500.0,9.0,0.9462270367818032,0.8301395749321169,0.8606265990789389,1.0
4000.0,500.0,9.0,1.1288230889958482,0.9754779490675952,1.0195282191530584,1.1
4000.0,500.0,9.0,1.224853100650377,1.0962098056359366,1.1514561348472254,1.0
4000.0,500.0,9.0,1.451310589269536,1.4211047273857478,1.437804198903449,1.0
4000.0,500.0,9.0,0.9113287407596912,0.7482706570281961,0.7449982039496486,1.1
4000.0,500.0,9.0,1.1876575539890035,1.074487451733499,1.109294443876384,1.1
4000.0,500.0,9.0,1.2820937728421085,1.2387451079413156,1.2574243133796312,1.1
4000.0,500.0,9.0,1.4575303301103637,1.439468571255225,1.4454920262012545,1.1
4000.0,500.0,9.0,1.1234894574279264,0.9624564590365552,1.017779582104387,1.1
4000.0,500.0,10.0,0.9548860749184436,0.7814760832031143,0.8325851210635355,1.1
4000.0,500.0,10.0,1.3795908288587464,1.3039776619207395,1.317260592003437,1.1
4000.0,500.0,10.0,1.26893409563505,1.1180525389461966,1.1765145316211827,1.0
4000.0,500.0,10.0,1.0319023967418175,0.8632196444022968,0.9342526452272,1.1
4000.0,500.0,10.0,1.25163779450128,1.0935118440974758,1.1437729750426138,1.1
4000.0,500.0,10.0,1.3263627164316745,1.2403130363975796,1.2904764550632564,1.1
4000.0,500.0,10.0,1.295310955331003,1.1585791237913676,1.1869567637057796,1.0
4000.0,500.0,10.0,1.3874328196831092,1.1992348873901062,1.2016642758917786,1.0
4000.0,500.0,10.0,0.946851336207043,0.7915384583006431,0.856626356276257,1.1
4000.0,500.0,10.0,1.1998523880322711,1.1097130484744155,1.1441728945620668,1.1
4000.0,500.0,10.0,2.0789609630640187,2.0427198718642106,2.064164569009649,1.1
4000.0,500.0,10.0,1.1892117975779786,1.0592347874791526,1.1048178916783895,1.1
4000.0,500.0,10.0,2.081726614734098,2.081726614734098,2.0817266147340985,1.1
4000.0,500.0,10.0,1.3476408839692608,1.2863137256596366,1.3147341170933706,1.0
4000.0,500.0,10.0,1.9630480078651589,1.9226394847139197,1.9412950016521588,1.0
4000.0,500.0,10.0,1.450362941379277,1.270571381149836,1.2948454612845473,1.0
4000.0,500.0,10.0,0.998863833467448,0.8589771279364162,0.9237950194891884,1.1
4000.0,500.0,10.0,0.8091885062960993,0.7003433444118404,0.742758991747714,1.0
4000.0,500.0,10.0,1.2241410395757597,1.1377911044118785,1.170749387421101,1.0
4000.0,500.0,10.0,0.892751271964362,0.7473413827216772,0.8116425276299122,1.1
4000.0,500.0,10.0,1.4396080355291463,1.2652152465547704,1.2886827087919643,1.0
4000.0,500.0,10.0,1.6793471220645442,1.6095604147259934,1.6384654564070416,1.0
4000.0,500.0,10.0,1.1129613794224402,0.9582673528903386,0.9520609831212974,1.0
4000.0,500.0,10.0,0.8069673841485796,0.6278429557593995,0.667186470182133,1.0
4000.0,500.0,10.0,1.2635246059159195,1.1471551419189248,1.191314275635317,1.1
4000.0,500.0,10.0,1.4795774540689584,1.4238286939686886,1.448344272830299,1.1
4000.0,500.0,10.0,1.369620800939742,1.3396186193584674,1.354133484289688,1.1
4000.0,500.0,10.0,0.910830177386579,0.8141567410865945,0.8328664059314231,1.0
4000.0,500.0,10.0,1.135152620879136,1.0173709899773158,1.0424575430677208,1.1
4000.0,500.0,10.0,1.376294246077168,1.2253373909543142,1.2554541451183128,1.1
4000.0,500.0,10.0,1.0475263880064114,0.8832990198016111,0.89311378087822,1.1
4000.0,500.0,10.0,1.4892300388016655,1.4234614859828651,1.4463804006146412,1.1
4000.0,500.0,10.0,1.1184892328452691,0.9579694387136424,0.933908061118378,1.0
4000.0,500.0,10.0,0.9613226234557156,0.8632386536484549,0.9012425173925878,1.0
4000.0,500.0,10.0,1.2811035885959383,1.1321200732312071,1.1705578358182096,1.1
4000.0,500.0,10.0,1.812467993169107,1.805656929849025,1.802885393815571,1.1
4000.0,500.0,10.0,1.6650809978348025,1.5677226504817587,1.619690815679029,1.0
4000.0,500.0,10.0,1.2372277343411389,1.0564973707376526,1.0853315476968923,1.0
4000.0,500.0,10.0,1.604497706208008,1.5350420090189338,1.5747296202129923,1.1
4000.0,500.0,10.0,1.6373984403043358,1.54450235953793,1.60625206087887,1.0
4000.0,500.0,10.0,1.1583830905008785,0.9963922708961565,1.040669985144023,1.0
4000.0,500.0,10.0,0.9402522630908924,0.8136330599243862,0.8489059395744926,1.0
4000.0,500.0,10.0,1.1320256544398313,0.96041877653493,1.0112007630718598,1.1
4000.0,500.0,10.0,1.2498367785004187,1.1105907401390585,1.1764034866543722,1.0
4000.0,500.0,10.0,1.5014562102994846,1.4696443278317382,1.4864491098927215,1.0
4000.0,500.0,10.0,0.8992583326946696,0.7182655890147684,0.7302229963629034,1.0
4000.0,500.0,10.0,1.197397282210004,1.0667455630349534,1.1090120915045696,1.1
4000.0,500.0,10.0,1.3023264142690092,1.2526817661890577,1.2729513830962222,1.1
4000.0,500.0,10.0,1.497255922344849,1.4752768277639765,1.4838800291125052,1.1
4000.0,500.0,10.0,1.1260993971421405,0.9468952207833454,1.0075417730049492,1.1
5000.0,500.0,0.5,1.1089539250248883,1.1089539250248883,1.1089539250248883,1.1
5000.0,500.0,0.5,1.11182699541312,1.11182699541312,1.1118269954131197,1.1
5000.0,500.0,0.5,1.0989455739723368,1.0989455739723368,1.0989455739723368,1.1
5000.0,500.0,0.5,1.0855776290306287,1.0855776290306287,1.0855776290306287,1.1
5000.0,500.0,0.5,1.1050456255500525,1.105045625550052,1.1050456255500525,1.1
5000.0,500.0,0.5,1.1065812269951598,1.1065812269951598,1.10658122699516,1.1
5000.0,500.0,0.5,1.113556067200542,1.1135560672005422,1.113556067200542,1.1
5000.0,500.0,0.5,1.0878773373637758,1.0878773373637758,1.0878773373637756,1.1
5000.0,500.0,0.5,1.07928158594135,1.0792815859413505,1.07928158594135,1.1
5000.0,500.0,0.5,1.0553462311523996,1.054041093311269,1.0545218864134958,1.1
5000.0,500.0,0.5,1.1320071067078683,1.132007106707868,1.1320071067078683,1.1
5000.0,500.0,0.5,1.1081518707184097,1.1081518707184097,1.1081518707184097,1.1
5000.0,500.0,0.5,1.0966811503447236,1.0966811503447236,1.0966811503447238,1.1
5000.0,500.0,0.5,1.1069291132467378,1.1069291132467376,1.1069291132467378,1.1
5000.0,500.0,0.5,1.0887734077868154,1.0887734077868154,1.0887734077868154,1.1
5000.0,500.0,0.5,1.0981717317815318,1.0981717317815318,1.0981717317815318,1.1
5000.0,500.0,0.5,1.0869877895238491,1.0869877895238491,1.0869877895238491,1.1
5000.0,500.0,0.5,1.0969767516741376,1.0969767516741376,1.096976751674137,1.1
5000.0,500.0,0.5,1.077540681981816,1.077540681981816,1.077540681981816,1.1
5000.0,500.0,0.5,1.090431730638362,1.0904317306383615,1.0904317306383615,1.1
5000.0,500.0,0.5,1.0887831197524265,1.088783119752426,1.0887831197524265,1.1
5000.0,500.0,0.5,1.1161740626120364,1.1161740626120364,1.1161740626120364,1.1
5000.0,500.0,0.5,1.0896375912719316,1.0896375912719316,1.0896375912719316,1.1
5000.0,500.0,0.5,1.0957256452845374,1.0957256452845376,1.0957256452845372,1.1
5000.0,500.0,0.5,1.0987037799647703,1.0987037799647703,1.09870377996477,1.1
5000.0,500.0,0.5,1.114107914178488,1.114107914178488,1.114107914178488,1.1
5000.0,500.0,0.5,1.1087041867501095,1.1087041867501095,1.1087041867501095,1.1
5000.0,500.0,0.5,1.0728220991251636,1.0728220991251636,1.0728220991251636,1.1
5000.0,500.0,0.5,1.1059266216021515,1.105926621602152,1.1059266216021515,1.1
5000.0,500.0,0.5,1.1020988127164295,1.1020988127164295,1.1020988127164295,1.1
5000.0,500.0,0.5,1.1180113815265138,1.1180113815265138,1.1180113815265138,1.1
5000.0,500.0,0.5,1.1046856021614833,1.1046856021614833,1.1046856021614833,1.1
5000.0,500.0,0.5,1.0962469139878983,1.0962469139878983,1.0962469139878983,1.1
5000.0,500.0,0.5,1.0867662350112957,1.0867662350112954,1.0866603320411847,1.1
5000.0,500.0,0.5,1.0818660162351306,1.0818660162351306,1.0818660162351306,1.1
5000.0,500.0,0.5,1.1207954560190898,1.12079545601909,1.1207954560190898,1.1
5000.0,500.0,0.5,1.107387379490525,1.107387379490525,1.107387379490525,1.1
5000.0,500.0,0.5,1.0889779781599862,1.0889779781599862,1.0889779781599864,1.1
5000.0,500.0,0.5,1.097372861374622,1.097372861374622,1.097372861374622,1.1
5000.0,500.0,0.5,1.1203730584216152,1.120373058421615,1.1203730584216152,1.1
5000.0,500.0,0.5,1.1014429701106565,1.1014429701106565,1.1014429701106567,1.1
5000.0,500.0,0.5,1.0956196816865216,1.0956196816865218,1.0956196816865216,1.1
5000.0,500.0,0.5,1.0838910075939527,1.0838910075939527,1.0838910075939527,1.1
5000.0,500.0,0.5,1.088448901212563,1.088448901212563,1.088448901212563,1.1
5000.0,500.0,0.5,1.0760531823081758,1.0760531823081756,1.0760531823081756,1.1
5000.0,500.0,0.5,1.0761001257589244,1.0761001257589244,1.0761001257589244,1.1
5000.0,500.0,0.5,1.1008703923070602,1.1008703923070604,1.1008703923070604,1.1
5000.0,500.0,0.5,1.0810178658045857,1.0810178658045857,1.0810178658045857,1.1
5000.0,500.0,0.5,1.1123928987411555,1.1123928987411558,1.1123928987411555,1.1
5000.0,500.0,0.5,1.1091327214133482,1.109132721413348,1.1091327214133486,1.1
5000.0,500.0,1.0,1.092851731134155,1.0919435844976737,1.0919973450393978,1.1
5000.0,500.0,1.0,1.1236539908262402,1.12201463765314,1.1233107227262646,1.1
5000.0,500.0,1.0,1.0978911479446736,1.0956283884119715,1.096767830206112,1.1
5000.0,500.0,1.0,1.0711552580612576,1.0643163611756974,1.0671017936361018,1.1
5000.0,500.0,1.0,1.1100912511001044,1.1100912511001044,1.1099412706599476,1.1
5000.0,500.0,1.0,1.113162453990319,1.1123747844009868,1.112906882517218,1.1
5000.0,500.0,1.0,1.127112134401084,1.127112134401084,1.127112134401084,1.1
5000.0,500.0,1.0,1.0757546747275524,1.0687452824055992,1.0711538700114605,1.1
5000.0,500.0,1.0,1.0585631718826998,1.0585631718826998,1.0581966393389324,1.1
5000.0,500.0,1.0,1.0390596298371235,1.026944380292225,1.0318022763212578,1.0
5000.0,500.0,1.0,1.164014213415736,1.16373332667397,1.164014213415736,1.1
5000.0,500.0,1.0,1.116303741436819,1.116055044284672,1.1161356456605949,1.1
5000.0,500.0,1.0,1.0933623006894475,1.0912055063718191,1.092753712033154,1.1
5000.0,500.0,1.0,1.1138582264934758,1.1132014041195717,1.113699063708694,1.1
5000.0,500.0,1.0,1.0775468155736303,1.066966210654719,1.0703467669915467,1.1
5000.0,500.0,1.0,1.0963434635630631,1.096089050479415,1.096343463563063,1.1
5000.0,500.0,1.0,1.0739755790476984,1.0706134699135266,1.071731094708772,1.1
5000.0,500.0,1.0,1.0939535033482746,1.0939535033482746,1.09388752645285,1.1
5000.0,500.0,1.0,1.0550813639636316,1.050768470241829,1.0538256079008002,1.1
5000.0,500.0,1.0,1.0808634612767245,1.0804236481884966,1.0804076406818446,1.1
5000.0,500.0,1.0,1.0775662395048522,1.0757054493387128,1.0760683191596143,1.1
5000.0,500.0,1.0,1.1323481252240726,1.1323481252240724,1.1323481252240726,1.1
5000.0,500.0,1.0,1.0792751825438631,1.0761095730628192,1.0782239095694417,1.1
5000.0,500.0,1.0,1.0914512905690743,1.089857800421361,1.090850658510877,1.1
5000.0,500.0,1.0,1.097407559929541,1.096179078198128,1.0966723973124128,1.1
5000.0,500.0,1.0,1.128215828356976,1.128215828356976,1.128215828356976,1.1
5000.0,500.0,1.0,1.1174083735002194,1.1153042794058066,1.116285750010303,1.1
5000.0,500.0,1.0,1.0456441982503268,1.0381075976867582,1.042000881612308,1.1
5000.0,500.0,1.0,1.111853243204303,1.111038176284393,1.1106878534972793,1.1
5000.0,500.0,1.0,1.1041976254328592,1.103259723222286,1.1038329655233623,1.1
5000.0,500.0,1.0,1.1360227630530269,1.1360227630530269,1.1360227630530269,1.1
5000.0,500.0,1.0,1.1093712043229664,1.1093712043229669,1.1092479623474825,1.1
5000.0,500.0,1.0,1.0924938279757963,1.0850188926890854,1.0883163248647183,1.1
5000.0,500.0,1.0,1.0735324700225914,1.0651191734331529,1.0685449177512172,1.1
5000.0,500.0,1.0,1.0637320324702613,1.0543759824979242,1.059669834438626,1.1
5000.0,500.0,1.0,1.1415909120381795,1.1415909120381795,1.1415909120381798,1.1
5000.0,500.0,1.0,1.1147747589810495,1.1145172945129254,1.114348869661859,1.1
5000.0,500.0,1.0,1.0779559563199728,1.0777109374560916,1.0776407353249131,1.1
5000.0,500.0,1.0,1.0947457227492436,1.0947457227492436,1.0945154749054025,1.1
5000.0,500.0,1.0,1.1407461168432305,1.1404603419688664,1.1406240561349998,1.1
5000.0,500.0,1.0,1.1028859402213127,1.1024221571533177,1.1024995822369976,1.1
5000.0,500.0,1.0,1.0912393633730426,1.0898425694410834,1.090542729581071,1.1
5000.0,500.0,1.0,1.0677820151879056,1.059423324146207,1.0640530236565615,1.1
5000.0,500.0,1.0,1.0768978024251266,1.0716042859813388,1.0740332707051046,1.1
5000.0,500.0,1.0,1.0521063646163515,1.0466226593665686,1.0495202589084918,1.1
5000.0,500.0,1.0,1.0522002515178488,1.0412579426190651,1.0471251298006052,1.1
5000.0,500.0,1.0,1.101740784614121,1.1015009358936971,1.1017407846141212,1.1
5000.0,500.0,1.0,1.0620357316091704,1.0499121096023831,1.0539756424381632,1.1
5000.0,500.0,1.0,1.1247857974823108,1.1244560057089237,1.124785797482311,1.1
5000.0,500.0,1.0,1.1182654428266965,1.1182654428266965,1.1182654428266965,1.1
5000.0,500.0,1.5,1.0892775967012325,1.077799033611677,1.0835134397980524,1.1
5000.0,500.0,1.5,1.1354809862393604,1.1268277437526262,1.1311671455425016,1.1
5000.0,500.0,1.5,1.0968367219170103,1.0849369758036127,1.089211982172196,1.1
5000.0,500.0,1.5,1.0567328870918864,1.0359390770211558,1.0432555103556551,1.1
5000.0,500.0,1.5,1.1151368766501566,1.1127890598948538,1.1133137436076024,1.1
5000.0,500.0,1.5,1.1197436809854793,1.1152878292143238,1.1171872170362926,1.1
5000.0,500.0,1.5,1.1406682016016256,1.1406682016016256,1.140668201601626,1.1
5000.0,500.0,1.5,1.0636320120913283,1.0434650078961203,1.0451521304384954,1.1
5000.0,500.0,1.5,1.0378447578240495,1.0340828579099122,1.0357549460261477,1.1
5000.0,500.0,1.5,1.0585894447556856,1.049977759702463,1.055124059297278,1.0
5000.0,500.0,1.5,1.196021320123604,1.194578071270678,1.1957520498110503,1.1
5000.0,500.0,1.5,1.124455612155229,1.1221139479753586,1.1226903588873796,1.1
5000.0,500.0,1.5,1.0900434510341714,1.081586949294658,1.0853531174859852,1.1
5000.0,500.0,1.5,1.120787339740214,1.1154034298949849,1.118653600096624,1.1
5000.0,500.0,1.5,1.0663202233604454,1.041946713187735,1.040964650056949,1.1
5000.0,500.0,1.5,1.0945151953445946,1.0923813309826822,1.0936316868398082,1.1
5000.0,500.0,1.5,1.0609633685715476,1.043443753664187,1.0493534233095936,1.1
5000.0,500.0,1.5,1.0909302550224118,1.0890645018558347,1.0904525941384364,1.1
5000.0,500.0,1.5,1.0326220459454474,1.0183108066614497,1.0247936027850977,1.1
5000.0,500.0,1.5,1.0712951919150862,1.0650729272902255,1.0689838659814117,1.1
5000.0,500.0,1.5,1.0663493592572786,1.057473613930111,1.058645182590291,1.1
5000.0,500.0,1.5,1.1485221878361087,1.1480862670145997,1.1485221878361087,1.1
5000.0,500.0,1.5,1.068912773815795,1.0551208269118364,1.062407937976942,1.1
5000.0,500.0,1.5,1.087176935853612,1.0806858666359194,1.0842232412567816,1.1
5000.0,500.0,1.5,1.0961113398943112,1.0859205563251093,1.09193822868941,1.1
5000.0,500.0,1.5,1.142323742535463,1.1411273801791688,1.142323742535463,1.1
5000.0,500.0,1.5,1.126112560250329,1.1129455939161057,1.1176912512063089,1.1
5000.0,500.0,1.5,1.0184662973754903,0.9960787034066292,1.0045192689745597,1.1
5000.0,500.0,1.5,1.1177798648064543,1.1089362378516971,1.1126338967797604,1.1
5000.0,500.0,1.5,1.1062964381492884,1.1018458820988668,1.103473623337877,1.1
5000.0,500.0,1.5,1.15403414457954,1.15403414457954,1.15403414457954,1.1
5000.0,500.0,1.5,1.1140568064844494,1.1130762453138732,1.1133055990343224,1.1
5000.0,500.0,1.5,1.0887407419636943,1.066262250229257,1.0715994877537545,1.1
5000.0,500.0,1.5,1.0602987050338872,1.0374704076165329,1.0422160607512965,1.1
5000.0,500.0,1.5,1.0455980487053915,1.022081164975899,1.0289240556945554,1.1
5000.0,500.0,1.5,1.1623863680572692,1.1623863680572692,1.161716359918714,1.1
5000.0,500.0,1.5,1.1221621384715748,1.1193272492058912,1.1198776183777823,1.1
5000.0,500.0,1.5,1.066933934479959,1.06264713973442,1.064882801180652,1.1
5000.0,500.0,1.5,1.092118584123866,1.0880629614234008,1.0905456355691496,1.1
5000.0,500.0,1.5,1.1611191752648455,1.1582707137269228,1.1598089315619289,1.1
5000.0,500.0,1.5,1.104328910331969,1.1007533458451135,1.1021767494567458,1.1
5000.0,500.0,1.5,1.086859045059564,1.077359761681571,1.082936203876066,1.1
5000.0,500.0,1.5,1.0516730227818585,1.0294519806667723,1.0325944269401548,1.1
5000.0,500.0,1.5,1.06534670363769,1.0470348328148789,1.0529215187563052,1.1
5000.0,500.0,1.5,1.0281595469245275,1.008476621873256,1.0150777095718515,1.1
5000.0,500.0,1.5,1.028300377276773,1.0039246700886617,1.0085544714379862,1.1
5000.0,500.0,1.5,1.1026111769211815,1.1000748258430149,1.1014788507904991,1.1
5000.0,500.0,1.5,1.0500853850687664,1.0265280669350114,1.0270104948376952,1.0
5000.0,500.0,1.5,1.1371786962234665,1.1360298762205214,1.1363840936123093,1.1
5000.0,500.0,1.5,1.1273981642400446,1.1273981642400446,1.1271778045914818,1.1
5000.0,500.0,2.0,1.0857034622683095,1.0632001613715176,1.069354765416403,1.1
5000.0,500.0,2.0,1.1473079816524805,1.1289306337969502,1.1351127989653134,1.1
5000.0,500.0,2.0,1.095782295889347,1.0724932613829412,1.0800179772879304,1.1
5000.0,500.0,2.0,1.0423105161225157,1.01154665587421,1.0124742315284416,1.1
5000.0,500.0,2.0,1.1201825022002088,1.111837714459051,1.1162374565482558,1.1
5000.0,500.0,2.0,1.1263249079806388,1.1155573206055307,1.119974216288251,1.1
5000.0,500.0,2.0,1.1542242688021678,1.153639350849188,1.154224268802168,1.1
5000.0,500.0,2.0,1.055106540192871,1.0248373270788425,1.0244009391142297,1.0
5000.0,500.0,2.0,1.0171263437654,1.0060890747168338,1.010705259402169,1.1
5000.0,500.0,2.0,1.0781192596742477,1.0727502622394876,1.0762944959351162,1.0
5000.0,500.0,2.0,1.228028426831472,1.224941101405217,1.226756977587893,1.1
5000.0,500.0,2.0,1.1326074828736383,1.125959815526554,1.1279005862289275,1.1
5000.0,500.0,2.0,1.0867246013788951,1.0667080170155767,1.0748804244604366,1.1
5000.0,500.0,2.0,1.127716452986952,1.1148197618937237,1.1210388719659536,1.1
5000.0,500.0,2.0,1.0803730303737735,1.0493472871975953,1.056856786486786,1.0
5000.0,500.0,2.0,1.092686927126126,1.0864478193805205,1.089590074467513,1.1
5000.0,500.0,2.0,1.0479511580953966,1.0176089781834574,1.0237428744738415,1.1
5000.0,500.0,2.0,1.087907006696549,1.082751915498868,1.086065177948349,1.1
5000.0,500.0,2.0,1.0101627279272631,0.9831411083699994,0.9924470476215492,1.1
5000.0,500.0,2.0,1.061726922553448,1.0475912913191383,1.0548721163958614,1.1
5000.0,500.0,2.0,1.0551324790097047,1.0353574932850182,1.0383822233833684,1.1
5000.0,500.0,2.0,1.164696250448145,1.1636677412731202,1.164696250448145,1.1
5000.0,500.0,2.0,1.0585503650877264,1.0323518332435302,1.0438580154225172,1.1
5000.0,500.0,2.0,1.082902581138149,1.0690842156632556,1.0757555727106678,1.1
5000.0,500.0,2.0,1.0948151198590816,1.073534974518615,1.0824102703389211,1.1
5000.0,500.0,2.0,1.1564316567139512,1.1527142349121944,1.1563999082139178,1.1
5000.0,500.0,2.0,1.1348167470004389,1.110526661125114,1.117775483915079,1.1
5000.0,500.0,2.0,0.9912883965006538,0.9584147376851464,0.9651689264423324,1.1
5000.0,500.0,2.0,1.1237064864086057,1.1052911228644504,1.1102924748922436,1.1
5000.0,500.0,2.0,1.1083952508657178,1.094937824517764,1.1001613586046872,1.1
5000.0,500.0,2.0,1.1720455261060534,1.171058945967555,1.1720455261060534,1.1
5000.0,500.0,2.0,1.1187424086459326,1.1153687149694922,1.114705930887873,1.1
5000.0,500.0,2.0,1.0900612072619975,1.057990486443372,1.0613244162622484,1.0
5000.0,500.0,2.0,1.047064940045183,1.0146944836415424,1.007986594998627,1.1
5000.0,500.0,2.0,1.033974061356738,1.0020129493085357,1.0005536433809092,1.0
5000.0,500.0,2.0,1.183181824076359,1.18221335596433,1.181875696329283,1.1
5000.0,500.0,2.0,1.1295495179620998,1.1216703634371852,1.1229409363645186,1.1
5000.0,500.0,2.0,1.055911912639946,1.0439302418276395,1.0510078166999537,1.1
5000.0,500.0,2.0,1.0894914454984876,1.078677473723908,1.0844686404587405,1.1
5000.0,500.0,2.0,1.1814922336864608,1.1753810488688008,1.17890438899694,1.1
5000.0,500.0,2.0,1.1057718804426249,1.096290154742466,1.0996939062705056,1.1
5000.0,500.0,2.0,1.0824787267460854,1.0630797500361255,1.071866699444895,1.1
5000.0,500.0,2.0,1.0386362520421215,1.0069630562671072,1.0039913143582009,1.0
5000.0,500.0,2.0,1.0537956048502537,1.0238672180376616,1.0273819937349358,1.1
5000.0,500.0,2.0,1.0042127292327034,0.9728419143084186,0.9781062580654676,1.1
5000.0,500.0,2.0,1.0242604086028084,0.9927028279687542,1.0010404621331022,1.0
5000.0,500.0,2.0,1.1034815692282418,1.0940501386920436,1.0996941696275386,1.1
5000.0,500.0,2.0,1.0667805134250217,1.0388516149600782,1.04640595902196,1.0
5000.0,500.0,2.0,1.1495715949646217,1.1465363362282002,1.1482604513314492,1.1
5000.0,500.0,2.0,1.1365308856533924,1.1355415287152526,1.1360313946389935,1.1
5000.0,500.0,2.5,1.082129327835387,1.048168823092881,1.056908173290475,1.1
5000.0,500.0,2.5,1.1591349770656008,1.1294414302418494,1.1389100296468193,1.1
5000.0,500.0,2.5,1.0947278698616838,1.0604318880450263,1.070759325566401,1.1
5000.0,500.0,2.5,1.0497961767479893,1.012503067864358,1.0162415920170438,1.0
5000.0,500.0,2.5,1.125228127750261,1.1093541340315878,1.117344481279725,1.1
5000.0,500.0,2.5,1.1329061349757985,1.1125298083331587,1.1206956337345662,1.1
5000.0,500.0,2.5,1.1677803360027097,1.166420618314733,1.1677803360027097,1.1
5000.0,500.0,2.5,1.0688831752410888,1.032075424521098,1.0358893762948238,1.0
5000.0,500.0,2.5,0.99640792970675,0.975732545668016,0.985341482139615,1.1
5000.0,500.0,2.5,1.0976490745928094,1.0942539152149573,1.0966194958788529,1.0
5000.0,500.0,2.5,1.26003553353934,1.254505331389938,1.2575260462244715,1.1
5000.0,500.0,2.5,1.1407593535920482,1.1275535219974653,1.1318757923941911,1.1
5000.0,500.0,2.5,1.083405751723619,1.0522626146821814,1.0639681727603194,1.1
5000.0,500.0,2.5,1.1346455662336898,1.1133427949035948,1.1212505253838578,1.1
5000.0,500.0,2.5,1.100466287967217,1.064949778232683,1.076726549379025,1.0
5000.0,500.0,2.5,1.0908586589076574,1.0794241723460516,1.0836778554295563,1.1
5000.0,500.0,2.5,1.0349389476192457,0.993951474987734,0.9985245023513384,1.1
5000.0,500.0,2.5,1.0848837583706867,1.0752828796063032,1.0807662749208953,1.1
5000.0,500.0,2.5,0.9877034099090788,0.949472624675384,0.957646729889506,1.1
5000.0,500.0,2.5,1.05215865319181,1.028026322530258,1.037775038313675,1.1
5000.0,500.0,2.5,1.0439155987621307,1.0123760000831472,1.0185266291745347,1.1
5000.0,500.0,2.5,1.1808703130601814,1.1782314765568933,1.179409158550291,1.1
5000.0,500.0,2.5,1.048187956359658,1.0104824890286528,1.0249460266291568,1.1
5000.0,500.0,2.5,1.0786282264226863,1.056057870516801,1.0651445197330056,1.1
5000.0,500.0,2.5,1.0935188998238523,1.0606149555046462,1.07499909785482,1.1
5000.0,500.0,2.5,1.1705395708924389,1.163538248795577,1.169902678221686,1.1
5000.0,500.0,2.5,1.1435209337505483,1.1078797683453048,1.116414815545891,1.1
5000.0,500.0,2.5,0.9869230247421916,0.946283110231175,0.9549461693460026,1.0
5000.0,500.0,2.5,1.129633108010757,1.100704150282752,1.1070061095108503,1.1
5000.0,500.0,2.5,1.1104940635821472,1.0888561992563954,1.0967718027474216,1.1
5000.0,500.0,2.5,1.1900569076325669,1.1888236824594434,1.189804107990385,1.1
5000.0,500.0,2.5,1.1234280108074155,1.117003822675581,1.1157601405278246,1.1
5000.0,500.0,2.5,1.1125765090774968,1.0738979717789765,1.0830716515140366,1.0
5000.0,500.0,2.5,1.0580427729980255,1.0195637582153132,1.0286793602393678,1.0
5000.0,500.0,2.5,1.0424675766959226,1.0058408395831762,1.0091417938817062,1.0
5000.0,500.0,2.5,1.203977280095449,1.20226993266305,1.2023446204116035,1.1
5000.0,500.0,2.5,1.1369368974526246,1.1205961572372274,1.1263309013602132,1.1
5000.0,500.0,2.5,1.0448898907999322,1.026126446765186,1.0356827691227957,1.1
5000.0,500.0,2.5,1.0868643068731094,1.069263439925879,1.0779543093436128,1.1
5000.0,500.0,2.5,1.201865292108076,1.1918203817562063,1.1965801205137112,1.1
5000.0,500.0,2.5,1.1072148505532813,1.0895556593566489,1.096222864085601,1.1
5000.0,500.0,2.5,1.0780984084326068,1.045289703578285,1.0604988581561412,1.1
5000.0,500.0,2.5,1.0482953150526524,1.0099654827627398,1.0135563709561743,1.0
5000.0,500.0,2.5,1.0422445060628167,1.0030947458753938,1.0012810728765205,1.1
5000.0,500.0,2.5,0.9802659115408796,0.9401636035372904,0.9396621380462336,1.1
5000.0,500.0,2.5,1.0303255107535103,0.9958494816068768,1.0105358815570624,1.0
5000.0,500.0,2.5,1.1043519615353024,1.0868336863290218,1.097322098486766,1.1
5000.0,500.0,2.5,1.0834756417812774,1.0531300578586305,1.063446602276787,1.0
5000.0,500.0,2.5,1.1619644937057774,1.1561774946652514,1.1591105757891689,1.1
5000.0,500.0,2.5,1.1456636070667408,1.1444269108940657,1.1450392432987422,1.1
5000.0,500.0,3.0,1.0785551934024644,1.034541009787666,1.0418395936136695,1.1
5000.0,500.0,3.0,1.1709619724787208,1.1314283787081785,1.1432055155894625,1.1
5000.0,500.0,3.0,1.0936734438340203,1.04974631325815,1.0593871540606774,1.1
5000.0,500.0,3.0,1.0597554120975872,1.017044971645126,1.0244632232040978,1.0
5000.0,500.0,3.0,1.130273753300313,1.1057707184384082,1.117943881303321,1.1
5000.0,500.0,3.0,1.1394873619709582,1.1088278802899951,1.1204575304316498,1.1
5000.0,500.0,3.0,1.1813364032032512,1.1789812504679378,1.1813364032032512,1.1
5000.0,500.0,3.0,1.0826598102893064,1.0405776296687854,1.0502712584708886,1.0
5000.0,500.0,3.0,0.9756895156480996,0.9460983900576676,0.9603989719340008,1.1
5000.0,500.0,3.0,1.117178889511371,1.1147357459979164,1.1167685583277296,1.0
5000.0,500.0,3.0,1.2920426402472078,1.282683062047943,1.2879821071544035,1.1
5000.0,500.0,3.0,1.1489112243104578,1.129500679491315,1.135379161481554,1.1
5000.0,500.0,3.0,1.0800869020683428,1.0383846556644465,1.0499324863420054,1.1
5000.0,500.0,3.0,1.1415746794804278,1.1115380040889284,1.1218704515636466,1.1
5000.0,500.0,3.0,1.12055954556066,1.0813882349641544,1.0961947499236662,1.0
5000.0,500.0,3.0,1.089030390689189,1.0721772432446302,1.0771686141460046,1.1
5000.0,500.0,3.0,1.0219267371430951,0.9718158123178762,0.9721879157931916,1.1
5000.0,500.0,3.0,1.081860510044824,1.0673183689521664,1.073335543807415,1.1
5000.0,500.0,3.0,0.9652440918908942,0.9178547611589004,0.9205680142895216,1.1
5000.0,500.0,3.0,1.0425903838301722,1.0084868550312165,1.0222738667444455,1.1
5000.0,500.0,3.0,1.0326987185145569,0.9911219753158832,0.9928346439794752,1.1
5000.0,500.0,3.0,1.197044375672217,1.192897906503534,1.1945340389394568,1.1
5000.0,500.0,3.0,1.0378255476315896,0.9899202882736556,1.0068615532685978,1.1
5000.0,500.0,3.0,1.0743538717072236,1.042798321960121,1.0532234912445426,1.1
5000.0,500.0,3.0,1.0922226797886228,1.0488670517921463,1.0661270302264725,1.1
5000.0,500.0,3.0,1.1846474850709263,1.1735956353728836,1.183657281169431,1.1
5000.0,500.0,3.0,1.152225120500658,1.106288202285035,1.1138779226268212,1.1
5000.0,500.0,3.0,0.98430762969063,0.9375127482426748,0.9533226199099608,1.0
5000.0,500.0,3.0,1.1355597296129076,1.0960887882928148,1.1017904951744413,1.1
5000.0,500.0,3.0,1.1125928762985766,1.0814037577868,1.093751674804231,1.1
5000.0,500.0,3.0,1.20806828915908,1.20597253874423,1.2077649295884618,1.1
5000.0,500.0,3.0,1.1281136129688984,1.1149308940888805,1.1169952658159903,1.1
5000.0,500.0,3.0,1.1350918108929962,1.090481085066991,1.1054080246373963,1.0
5000.0,500.0,3.0,1.0696513275976305,1.0262797772712395,1.037353085681475,1.0
5000.0,500.0,3.0,1.0509610920351071,1.0110471693135328,1.0175734331105588,1.0
5000.0,500.0,3.0,1.2247727361145384,1.2215665346003526,1.2223259661231023,1.1
5000.0,500.0,3.0,1.14432427694315,1.1207327709501498,1.1284114034397703,1.1
5000.0,500.0,3.0,1.0338678689599188,1.0074327429127572,1.0188906198895125,1.1
5000.0,500.0,3.0,1.0842371682477316,1.0591411752437203,1.0717525298699462,1.1
5000.0,500.0,3.0,1.2222383505296914,1.2068450282352252,1.214407199524935,1.1
5000.0,500.0,3.0,1.1086578206639377,1.0837336392816186,1.091007391005869,1.1
5000.0,500.0,3.0,1.073718090119128,1.0303306697463164,1.0471406077603842,1.1
5000.0,500.0,3.0,1.0579543780631826,1.015367049505495,1.0212484203365173,1.0
5000.0,500.0,3.0,1.0401708890011936,0.993248500600894,1.0013668382016705,1.0
5000.0,500.0,3.0,0.9719501514563968,0.9245618415623884,0.9317211915075798,1.0
5000.0,500.0,3.0,1.0363906129042126,0.9979638667960192,1.0164635298105484,1.0
5000.0,500.0,3.0,1.105222353842363,1.0793581267638093,1.0928238766814178,1.1
5000.0,500.0,3.0,1.1001707701375327,1.069561140732546,1.0803164442030249,1.0
5000.0,500.0,3.0,1.1743573924469324,1.1652559671855465,1.1691147367625934,1.1
5000.0,500.0,3.0,1.1547963284800886,1.1533122930728787,1.15404709195849,1.1
5000.0,500.0,4.0,1.0714069245366191,1.0072287207348405,1.0125785586915694,1.1
5000.0,500.0,4.0,1.1946159633049611,1.1362261766731898,1.147931760331775,1.1
5000.0,500.0,4.0,1.091564591778694,1.029774169482096,1.0364637268688393,1.1
5000.0,500.0,4.0,1.079673882796783,1.028999518287559,1.041293538170816,1.0
5000.0,500.0,4.0,1.1403650044004174,1.1003524946370624,1.1177944153984771,1.1
5000.0,500.0,4.0,1.1526498159612777,1.104048436392612,1.1221603937932554,1.1
5000.0,500.0,4.0,1.208448537604335,1.204421386496226,1.208448537604335,1.1
5000.0,500.0,4.0,1.1102130803857422,1.0598556085688526,1.0735678342945605,1.0
5000.0,500.0,4.0,0.9342526875307994,0.8843817208055076,0.9067188575606892,1.1
5000.0,500.0,4.0,1.1562385193484948,1.1545513875106523,1.1556914111036392,1.0
5000.0,500.0,4.0,1.3560568536629438,1.3391698033149624,1.3472362042957904,1.1
5000.0,500.0,4.0,1.1652149657472768,1.1297263626294891,1.140010654140465,1.1
5000.0,500.0,4.0,1.0734492027577909,1.011585898757546,1.025930026696009,1.1
5000.0,500.0,4.0,1.1554329059739037,1.1068276951664449,1.1234628162799714,1.1
5000.0,500.0,4.0,1.1607460607475468,1.1181931480673697,1.1352620454536482,1.0
5000.0,500.0,4.0,1.0853738542522515,1.0556956363282028,1.0626488004349552,1.1
5000.0,500.0,4.0,1.0188810047104533,0.9523955718641982,0.9620030982786576,1.0
5000.0,500.0,4.0,1.0758140133930985,1.0505433001745337,1.061205876964233,1.1
5000.0,500.0,4.0,0.9203254558545256,0.8554368035197912,0.8484208090488821,1.1
5000.0,500.0,4.0,1.023453845106896,0.9731949012151192,0.9885328632065876,1.1
5000.0,500.0,4.0,1.010264958019409,0.9501500267340202,0.9486670885673756,1.1
5000.0,500.0,4.0,1.22939250089629,1.220851147084035,1.2239920140728455,1.1
5000.0,500.0,4.0,1.0171007301754529,0.9513138583015388,0.9656833839025936,1.1
5000.0,500.0,4.0,1.0658051622762978,1.0147541268228568,1.0305635827766426,1.1
5000.0,500.0,4.0,1.0896302397181632,1.027107316535744,1.0437454363960694,1.1
5000.0,500.0,4.0,1.212863313427902,1.1955987225647209,1.209792908645616,1.1
5000.0,500.0,4.0,1.1696334940008772,1.1062843324499942,1.1084463525178254,1.1
5000.0,500.0,4.0,0.979076839587507,0.9222470049295788,0.9477981898615832,1.0
5000.0,500.0,4.0,1.14741297281721,1.089137348564845,1.0931849647779184,1.1
5000.0,500.0,4.0,1.116790501731435,1.0702607572212135,1.0852407146370553,1.1
5000.0,500.0,4.0,1.2440910522121065,1.238230421089846,1.2431185466656882,1.1
5000.0,500.0,4.0,1.1374848172918646,1.1120647182917165,1.1189038915160792,1.1
5000.0,500.0,4.0,1.180122414523995,1.127250111987506,1.147833654507156,1.0
5000.0,500.0,4.0,1.0928684367968404,1.0416604667251013,1.0559237924113258,1.0
5000.0,500.0,4.0,1.0679481227134762,1.0203160673893568,1.0328020044248856,1.0
5000.0,500.0,4.0,1.2663636481527174,1.2586007621581023,1.2617968039964302,1.1
5000.0,500.0,4.0,1.1590990359241995,1.120317143538695,1.1337764236643029,1.1
5000.0,500.0,4.0,1.0118238252798917,0.966360278526484,0.9842549357704136,1.1
5000.0,500.0,4.0,1.0789828909969752,1.0364470980644074,1.0588065200152237,1.1
5000.0,500.0,4.0,1.2629844673729216,1.235534373314786,1.24841181355266,1.1
5000.0,500.0,4.0,1.1115437608852496,1.071087855973053,1.082350430754254,1.1
5000.0,500.0,4.0,1.0649574534921706,1.0009193753686547,1.0207392307597705,1.1
5000.0,500.0,4.0,1.077272504084244,1.0283914665616398,1.0348180994030434,1.0
5000.0,500.0,4.0,1.0535611853349247,0.9935336686214772,1.0094054967476758,1.0
5000.0,500.0,4.0,0.9626002019418622,0.9029587695631844,0.917300595880098,1.0
5000.0,500.0,4.0,1.048520817205617,1.003286995284944,1.0263750543956285,1.0
5000.0,500.0,4.0,1.106963138456484,1.0645901614078677,1.0852427274278054,1.1
5000.0,500.0,4.0,1.1335610268500438,1.0985704887546768,1.1144943068777189,1.0
5000.0,500.0,4.0,1.1991431899292433,1.1823815851550383,1.1883274254982377,1.1
5000.0,500.0,4.0,1.1730617713067844,1.1688210152430585,1.1710719130258502,1.1
5000.0,500.0,5.0,1.064258655670774,0.9812457740282134,0.9851274700864302,1.1
5000.0,500.0,5.0,1.2182699541312014,1.1420978135088076,1.1508046069173736,1.1
5000.0,500.0,5.0,1.0894557397233673,1.0118497053071955,1.0167531989744047,1.1
5000.0,500.0,5.0,1.0995923534959786,1.0400921756619854,1.062220844107482,1.0
5000.0,500.0,5.0,1.1504562555005218,1.0962446073952892,1.1143353630195847,1.1
5000.0,500.0,5.0,1.165812269951597,1.097558920834185,1.120980688868284,1.1
5000.0,500.0,5.0,1.2355606720054189,1.2305267331202825,1.235560672005419,1.1
5000.0,500.0,5.0,1.137766350482178,1.0809385152285385,1.0983878513299066,1.0
5000.0,500.0,5.0,0.8928158594134993,0.8247755395672284,0.8526564411268468,1.1
5000.0,500.0,5.0,1.1952981491856187,1.194219180049255,1.1946142638795494,1.0
5000.0,500.0,5.0,1.4200710670786796,1.3926883321951955,1.4086275955854186,1.1
5000.0,500.0,5.0,1.181518707184096,1.1323836159251874,1.1466434346662608,1.1
5000.0,500.0,5.0,1.066811503447238,0.9872308518240732,1.0004015214540147,1.1
5000.0,500.0,5.0,1.1692911324673794,1.103947705568166,1.1216910310038748,1.1
5000.0,500.0,5.0,1.2009325759344331,1.153837270964962,1.1748186978650517,1.0
5000.0,500.0,5.0,1.0817173178153143,1.038542061987266,1.0516531164115153,1.1
5000.0,500.0,5.0,1.0236012558880665,0.942385798291636,0.9603730801637512,1.0
5000.0,500.0,5.0,1.0697675167413732,1.0322609075495872,1.0456535569078491,1.1
5000.0,500.0,5.0,0.891644752012666,0.8109606630771524,0.8181384177147581,1.0
5000.0,500.0,5.0,1.0043173063836202,0.9361202559701572,0.9551668674077702,1.1
5000.0,500.0,5.0,0.9878311975242612,0.9102272336440564,0.9037712923804004,1.1
5000.0,500.0,5.0,1.2617406261203623,1.248242094035257,1.2506117452098184,1.1
5000.0,500.0,5.0,0.9980529832127276,0.9160272630538344,0.8995110315722361,1.0
5000.0,500.0,5.0,1.0572564528453725,0.9886567178291654,1.006566206053701,1.1
5000.0,500.0,5.0,1.087037799647704,1.0055086917680178,1.0215467150479964,1.1
5000.0,500.0,5.0,1.2410791417848772,1.215915050063766,1.235014481056872,1.1
5000.0,500.0,5.0,1.2110782910353484,1.1319430370703585,1.13398912600788,1.0
5000.0,500.0,5.0,0.9738460494843836,0.9099349389620532,0.9422946636922724,1.0
5000.0,500.0,5.0,1.1592662160215124,1.084282349761028,1.0809962644587108,1.1
5000.0,500.0,5.0,1.120988127164294,1.0569153767124662,1.073498430308466,1.1
5000.0,500.0,5.0,1.2801138152651328,1.2710407863447764,1.2788981833321102,1.1
5000.0,500.0,5.0,1.1468560216148307,1.108980553754947,1.1208198573755035,1.1
5000.0,500.0,5.0,1.2251530181549937,1.1658962511408648,1.1937014544910114,1.0
5000.0,500.0,5.0,1.1160855459960506,1.0567482658533176,1.076827656886517,1.0
5000.0,500.0,5.0,1.0849351533918452,1.0325047300908787,1.0467834156139069,1.0
5000.0,500.0,5.0,1.3079545601908968,1.2966167062304788,1.3007193693633985,1.1
5000.0,500.0,5.0,1.1738737949052496,1.1177953713697133,1.1389236014029465,1.1
5000.0,500.0,5.0,0.9897797815998646,0.927368227992239,0.9502508519640028,1.1
5000.0,500.0,5.0,1.0737286137462192,1.0156817133744651,1.0410304888383082,1.1
5000.0,500.0,5.0,1.3037305842161515,1.2656021475923511,1.2838474629906702,1.1
5000.0,500.0,5.0,1.1144297011065625,1.0584328941482315,1.073580561837428,1.1
5000.0,500.0,5.0,1.0561968168652132,0.9737177759343484,0.990487033279988,1.1
5000.0,500.0,5.0,1.0965906301053048,1.0420437019471849,1.0485110204136838,1.0
5000.0,500.0,5.0,1.0669514816686558,0.9951811698846688,1.019746469310837,1.0
5000.0,500.0,5.0,0.953250252427328,0.882711356885427,0.9079133888160216,1.0
5000.0,500.0,5.0,1.0606510215070215,1.009986822247737,1.0369612292185653,1.0
5000.0,500.0,5.0,1.108703923070605,1.0491982831835718,1.074129372897181,1.1
5000.0,500.0,5.0,1.166951283562555,1.131468466134718,1.1464386359833063,1.0
5000.0,500.0,5.0,1.2239289874115542,1.1965761166315845,1.2084486994264645,1.1
5000.0,500.0,5.0,1.1913272141334803,1.1815794311576442,1.1877784773122528,1.1
5000.0,500.0,6.0,1.0571103868049287,0.9570655577519182,0.9593492240826086,1.1
5000.0,500.0,6.0,1.241923944957442,1.148883790854848,1.1547931373912226,1.1
5000.0,500.0,6.0,1.1001033275211545,1.007508406110087,1.0092745344711056,1.0
5000.0,500.0,6.0,1.1195108241951743,1.0526193319932011,1.079264511239682,1.0
5000.0,500.0,6.0,1.160547506600626,1.0913470927614657,1.114050114099235,1.1
5000.0,500.0,6.0,1.1789747239419164,1.0932390934842655,1.119406099445919,1.1
5000.0,500.0,6.0,1.2626728064065025,1.2541952183340197,1.262672806406502,1.1
5000.0,500.0,6.0,1.1653196205786134,1.1004794621297609,1.120719778648208,1.0
5000.0,500.0,6.0,0.851379031296199,0.7649910331703837,0.7975068087173063,1.1
5000.0,500.0,6.0,1.2343577790227422,1.2343577790227422,1.2335371166554587,1.0
5000.0,500.0,6.0,1.4840852804944156,1.4477364255608305,1.468927729484058,1.1
5000.0,500.0,6.0,1.1978224486209152,1.134170548347994,1.1507585569461418,1.1
5000.0,500.0,6.0,1.0601738041366855,0.9626133548560466,0.973711843287125,1.1
5000.0,500.0,6.0,1.1831493589608555,1.101559496330816,1.1203716885777992,1.1
5000.0,500.0,6.0,1.2411190911213197,1.1926275107049755,1.212843215110937,1.0
5000.0,500.0,6.0,1.0780607813783774,1.0215798986865547,1.0385108991244694,1.1
5000.0,500.0,6.0,1.0283215070656797,0.932616262743681,0.9589910191997532,1.0
5000.0,500.0,6.0,1.0637210200896476,1.0128267433074287,1.031679362232846,1.1
5000.0,500.0,6.0,0.869973702415199,0.7741183366680939,0.783223068855562,1.0
5000.0,500.0,6.0,0.9851807676603443,0.9003120802601275,0.9206098553794368,1.1
5000.0,500.0,6.0,0.9653974370291136,0.8713008291521854,0.8566628238920457,1.1
5000.0,500.0,6.0,1.294088751344435,1.2747254947312914,1.2799381159162262,1.1
5000.0,500.0,6.0,0.9976635798552728,0.9001493512562645,0.8897085874939916,1.0
5000.0,500.0,6.0,1.0487077434144467,0.9627711115654568,0.9814619771460148,1.1
5000.0,500.0,6.0,1.084445359577245,0.9849087863036162,0.9971734859231778,1.1
5000.0,500.0,6.0,1.269294970141853,1.2390980600765196,1.2579871501260815,1.1
5000.0,500.0,6.0,1.2532939492424178,1.1592277738309862,1.173629003924351,1.0
5000.0,500.0,6.0,0.9686152593812606,0.8946731572418681,0.9341828208703586,1.0
5000.0,500.0,6.0,1.171119459225815,1.0797822725216557,1.0745626949352125,1.1
5000.0,500.0,6.0,1.1251857525971527,1.0427292503082086,1.0578482151803137,1.1
5000.0,500.0,6.0,1.3161365783181591,1.3032478362845032,1.3146778199985325,1.1
5000.0,500.0,6.0,1.1562272259377966,1.108036020097703,1.1202824870001968,1.1
5000.0,500.0,6.0,1.2701836217859923,1.2037048496175058,1.235561861026448,1.0
5000.0,500.0,6.0,1.1393026551952603,1.0721354246791883,1.096300401584184,1.0
5000.0,500.0,6.0,1.1019221840702145,1.0417050414661273,1.0587072618195534,1.0
5000.0,500.0,6.0,1.3495454722290765,1.3340916445313913,1.3389303907532168,1.1
5000.0,500.0,6.0,1.1886485538862996,1.1178792687315235,1.139157862296722,1.1
5000.0,500.0,6.0,0.9677357379198376,0.8880317088626422,0.9178281352719284,1.1
5000.0,500.0,6.0,1.0684743364954628,0.9930284418146266,1.0233002798419355,1.1
5000.0,500.0,6.0,1.3444767010593823,1.2903645989108892,1.3172562833227484,1.1
5000.0,500.0,6.0,1.1173156413278746,1.0447502407391935,1.064318557605709,1.1
5000.0,500.0,6.0,1.047436180238256,0.9468583215161552,0.9608831166043492,1.1
5000.0,500.0,6.0,1.1159087561263656,1.053282171948819,1.0607660300323167,1.0
5000.0,500.0,6.0,1.080341778002387,0.997561431617942,1.0293969441644972,1.0
5000.0,500.0,6.0,0.9439003029127933,0.8636783172020768,0.8942286707139245,1.0
5000.0,500.0,6.0,1.0727812258084262,1.017149096727352,1.0502264108935826,1.0
5000.0,500.0,6.0,1.110444707684726,1.0337738490145711,1.064797538484041,1.1
5000.0,500.0,6.0,1.200341540275066,1.1615694683200453,1.178674852336072,1.0
5000.0,500.0,6.0,1.248714784893865,1.2139247792319328,1.2271272106219715,1.1
5000.0,500.0,6.0,1.2095926569601767,1.1968933386708485,1.203899757457055,1.1
5000.0,500.0,7.0,1.0561183649444668,0.9392929088766452,0.9495735814148184,1.0
5000.0,500.0,7.0,1.265577935783682,1.1556311797060392,1.1587721873863457,1.1
5000.0,500.0,7.0,1.1167872154413463,1.0097943452144342,1.0118387461393734,1.0
5000.0,500.0,7.0,1.13942929489437,1.064692131983082,1.0975697437588914,1.0
5000.0,500.0,7.0,1.1706387577007304,1.0864101065774814,1.1127051269328134,1.1
5000.0,500.0,7.0,1.1921371779322356,1.089306068358534,1.1175146481801657,1.1
5000.0,500.0,7.0,1.289784940807586,1.2798944213896897,1.289784940807586,1.1
5000.0,500.0,7.0,1.1928728906750492,1.121935826727306,1.1427620565482943,1.0
5000.0,500.0,7.0,0.8099422031788989,0.7058654022548457,0.7447457434336008,1.1
5000.0,500.0,7.0,1.2734174088598658,1.273417408859866,1.2724599694313683,1.0
5000.0,500.0,7.0,1.5480994939101516,1.4994775137308824,1.5273788550491738,1.1
5000.0,500.0,7.0,1.2141261900577345,1.135368625920563,1.1572083399413058,1.1
5000.0,500.0,7.0,1.0535361048261336,0.9389921498071936,0.9476215768579044,1.1
5000.0,500.0,7.0,1.1970075854543314,1.0993541353091087,1.1199843672212642,1.1
5000.0,500.0,7.0,1.2813056063082064,1.2280250965801147,1.2502739074240046,1.0
5000.0,500.0,7.0,1.0744042449414404,1.006474798470726,1.023740086339851,1.1
5000.0,500.0,7.0,1.033041758243293,0.9228602121864474,0.9537611299988404,1.0
5000.0,500.0,7.0,1.0576745234379223,0.99414654412588,1.0157986585003245,1.1
5000.0,500.0,7.0,0.8483026528177323,0.7377859005305469,0.7525191444568812,1.0
5000.0,500.0,7.0,0.9660442289370684,0.8631810136347902,0.8882352575233508,1.1
5000.0,500.0,7.0,0.9471798985771792,0.8366358932623186,0.8382545113469353,1.0
5000.0,500.0,7.0,1.3264368765685075,1.3003689610810116,1.309641678479267,1.1
5000.0,500.0,7.0,0.9972741764978186,0.88446762282404,0.8774497361495401,1.0
5000.0,500.0,7.0,1.0401590339835212,0.9362743554606318,0.958165480525524,1.1
5000.0,500.0,7.0,1.0818529195067856,0.9653882460887128,0.9727736592350252,1.1
5000.0,500.0,7.0,1.2975107984988283,1.262281070089273,1.283712366065628,1.1
5000.0,500.0,7.0,1.2955096074494874,1.186956029101007,1.2058168553689017,1.0
5000.0,500.0,7.0,0.9633844692781371,0.8834333415408729,0.9262052972765592,1.0
5000.0,500.0,7.0,1.182972702430117,1.0755361033012452,1.066345451006565,1.1
5000.0,500.0,7.0,1.1293833780300115,1.0298366658573586,1.0475317323659747,1.1
5000.0,500.0,7.0,1.3521593413711854,1.3348371641069725,1.3492725088590516,1.1
5000.0,500.0,7.0,1.1655984302607627,1.1051405156787122,1.121051721464834,1.1
5000.0,500.0,7.0,1.3152142254169912,1.2435550161446751,1.2765366995736769,1.0
5000.0,500.0,7.0,1.162519764394471,1.088272778090666,1.1141367553178438,1.0
5000.0,500.0,7.0,1.1189092147485833,1.0509095797793473,1.0728475736149308,1.0
5000.0,500.0,7.0,1.3911363842672553,1.373106918619956,1.378078047198352,1.1
5000.0,500.0,7.0,1.2034233128673493,1.11577672458694,1.1416550582012868,1.1
5000.0,500.0,7.0,0.9456916942398106,0.848445537162237,0.8850677218744607,1.1
5000.0,500.0,7.0,1.0632200592447067,0.970912387122078,1.0079139763284366,1.1
5000.0,500.0,7.0,1.385222817902613,1.3169522055275695,1.3511905199939118,1.1
5000.0,500.0,7.0,1.120201581549187,1.0318107891876425,1.053022944887315,1.1
5000.0,500.0,7.0,1.0386755436112989,0.9200049303520073,0.932626824549426,1.1
5000.0,500.0,7.0,1.1352268821474267,1.0662402232391277,1.0762358158096228,1.0
5000.0,500.0,7.0,1.093732074336118,1.0004896907269514,1.0374379605423352,1.0
5000.0,500.0,7.0,0.9345503533982588,0.8448800670462702,0.8786610308897036,1.0
5000.0,500.0,7.0,1.0849114301098306,1.0245624582316069,1.0614953255614414,1.0
5000.0,500.0,7.0,1.1121854922988472,1.0220476967239682,1.054598072808928,1.1
5000.0,500.0,7.0,1.2337317969875774,1.1900721853614136,1.20904378934411,1.0
5000.0,500.0,7.0,1.273500582376176,1.230037492480295,1.2466097595382784,1.1
5000.0,500.0,7.0,1.2278580997868729,1.211913027301315,1.2187342258525595,1.1
5000.0,500.0,8.0,1.0641352742222474,0.9307146431556124,0.9507414365670692,1.0
5000.0,500.0,8.0,1.2892319266099224,1.1627441096877271,1.1593361630697594,1.1
5000.0,500.0,8.0,1.133471103361539,1.0116893493348291,1.0180453085531946,1.0
5000.0,500.0,8.0,1.1593477655935656,1.0768048372683217,1.113049917238994,1.0
5000.0,500.0,8.0,1.180730008800835,1.081209265296711,1.1132926612452931,1.1
5000.0,500.0,8.0,1.205299631922555,1.085819415515239,1.1157609928810712,1.1
5000.0,500.0,8.0,1.3168970752086695,1.3040536224329606,1.3161471996290688,1.1
5000.0,500.0,8.0,1.2204261607714844,1.1427979493847196,1.1635775188659518,1.0
5000.0,500.0,8.0,0.7685053750615989,0.6485435992006431,0.6914154489308033,1.1
5000.0,500.0,8.0,1.3124770386969895,1.3124770386969895,1.311382822207278,1.0
5000.0,500.0,8.0,1.612113707325887,1.5539461330547026,1.584159236540699,1.1
5000.0,500.0,8.0,1.2304299314945537,1.1384720517081544,1.1616546344080527,1.1
5000.0,500.0,8.0,1.0468984055155812,0.915464754910578,0.9191336549502904,1.1
5000.0,500.0,8.0,1.2108658119478073,1.0970271172372494,1.121771639147295,1.1
5000.0,500.0,8.0,1.321492121495093,1.2629682948273795,1.2914779739203126,1.0
5000.0,500.0,8.0,1.0707477085045034,0.9898453520112894,1.0092194205655536,1.1
5000.0,500.0,8.0,1.0377620094209066,0.9156528363271444,0.9495571678215466,1.0
5000.0,500.0,8.0,1.0516280267861973,0.9739164155693611,0.9999698382656408,1.1
5000.0,500.0,8.0,0.8266316032202654,0.7019564108214413,0.7221819065178774,1.0
5000.0,500.0,8.0,0.9469076902137924,0.8277209348160748,0.8517229343475986,1.1
5000.0,500.0,8.0,0.93963416980249,0.8132305586229217,0.8191664500923899,1.0
5000.0,500.0,8.0,1.35878500179258,1.325145330367889,1.3395904896905908,1.1
5000.0,500.0,8.0,0.996884773140364,0.8689731113968464,0.8636221797154879,1.0
5000.0,500.0,8.0,1.0316103245525956,0.9105198803769552,0.9330722372046684,1.1
5000.0,500.0,8.0,1.0792604794363267,0.9457681448217932,0.9483288476516216,1.1
5000.0,500.0,8.0,1.3257266268558037,1.2834307135843974,1.308776000969445,1.1
5000.0,500.0,8.0,1.3377252656565566,1.21507735307628,1.2415585083796776,1.0
5000.0,500.0,8.0,0.9581536791750138,0.8733505537441385,0.9190157568663696,1.0
5000.0,500.0,8.0,1.195990802155187,1.0729426211650444,1.0753801588932683,1.0
5000.0,500.0,8.0,1.1335810034628702,1.017696762948698,1.0359500615721144,1.1
5000.0,500.0,8.0,1.3881821044242122,1.365855145440634,1.3842911723077262,1.1
5000.0,500.0,8.0,1.174969634583729,1.1005879964143348,1.123541500300009,1.1
5000.0,500.0,8.0,1.36024482904799,1.281340661529904,1.3158145003340571,1.0
5000.0,500.0,8.0,1.1857368735936809,1.1033681309177816,1.1346759459660831,1.0
5000.0,500.0,8.0,1.1358962454269523,1.060945437056617,1.0861823248079758,1.0
5000.0,500.0,8.0,1.4327272963054347,1.410983477559783,1.4148080755713095,1.1
5000.0,500.0,8.0,1.2181980718483991,1.1157338270137351,1.1429817876158233,1.1
5000.0,500.0,8.0,0.9236476505597836,0.8091357562751812,0.8446982283906653,1.1
5000.0,500.0,8.0,1.0579657819939507,0.9504449172832036,0.9935354047344058,1.1
5000.0,500.0,8.0,1.4259689347458433,1.3442366112682729,1.3819729165622967,1.1
5000.0,500.0,8.0,1.1230875217704994,1.0181329073204202,1.044258419418186,1.1
5000.0,500.0,8.0,1.0299149069843416,0.894036629769899,0.9019965649713164,1.1
5000.0,500.0,8.0,1.1545450081684878,1.0837029217967182,1.089489777257263,1.0
5000.0,500.0,8.0,1.1071223706698494,1.005493382523936,1.0439163137758254,1.0
5000.0,500.0,8.0,0.9252004038837244,0.8263107004517485,0.8637026749783895,1.0
5000.0,500.0,8.0,1.097041634411235,1.034270627703696,1.07375263063278,1.0
5000.0,500.0,8.0,1.113926276912968,1.0061865744879162,1.0434378795775108,1.1
5000.0,500.0,8.0,1.2671220537000882,1.2191114761904855,1.240757760821826,1.0
5000.0,500.0,8.0,1.2982863798584867,1.2454448502803108,1.2641768593631535,1.1
5000.0,500.0,8.0,1.2461235426135688,1.2266382665884454,1.235696258117211,1.1
5000.0,500.0,9.0,1.0721521835000285,0.9223705892127524,0.9461117405625998,1.0
5000.0,500.0,9.0,1.3159981698115697,1.1735335562493396,1.179919804031353,1.0
5000.0,500.0,9.0,1.1501549912817317,1.014180588222817,1.026619535260942,1.0
5000.0,500.0,9.0,1.1792662362927613,1.0911218926620398,1.1284547366182136,1.0
5000.0,500.0,9.0,1.1908212599009391,1.076898874485858,1.1128624352359051,1.1
5000.0,500.0,9.0,1.2184620859128747,1.0819852845299307,1.1166041910427,1.1
5000.0,500.0,9.0,1.3440092096097538,1.3261348499507346,1.3431655995827028,1.1
5000.0,500.0,9.0,1.2479794308679204,1.163355086416883,1.18802099180396,1.0
5000.0,500.0,9.0,0.7270685469442986,0.5903152906797393,0.6383415673366323,1.1
5000.0,500.0,9.0,1.3515366685341133,1.3515366685341133,1.3503056749831883,1.0
5000.0,500.0,9.0,1.676127920741623,1.6088298606669262,1.6431110976077703,1.1
5000.0,500.0,9.0,1.2467336729313727,1.1406644638062278,1.167380603410495,1.1
5000.0,500.0,9.0,1.0402607062050286,0.8922142222378722,0.8912113455335751,1.1
5000.0,500.0,9.0,1.2247240384412832,1.0943848692631128,1.1183632254288958,1.1
5000.0,500.0,9.0,1.3616786366819795,1.3013281631449782,1.3293546258957318,1.0
5000.0,500.0,9.0,1.0670911720675662,0.973148321194554,0.994272218008286,1.1
5000.0,500.0,9.0,1.0424822605985196,0.907806358423435,0.9471007865530024,1.0
5000.0,500.0,9.0,1.0455815301344715,0.9540311900677862,0.9859398146123212,1.1
5000.0,500.0,9.0,0.8049605536227986,0.6662798158728184,0.6909202417338856,1.0
5000.0,500.0,9.0,0.9277711514905164,0.7929762306762724,0.8167988810086744,1.1
5000.0,500.0,9.0,0.9320884410278014,0.7900467106623663,0.800648944778537,1.0
5000.0,500.0,9.0,1.3911331270166525,1.3501241123437588,1.368250174789283,1.1
5000.0,500.0,9.0,0.9964953697829094,0.8547921494096571,0.8481128277038537,1.0
5000.0,500.0,9.0,1.0230616151216705,0.8852670099379408,0.912631049112326,1.1
5000.0,500.0,9.0,1.0824077801091092,0.9321428633618952,0.9538201664005976,1.0
5000.0,500.0,9.0,1.3539424552127792,1.304124901177963,1.3323603039396614,1.1
5000.0,500.0,9.0,1.3799409238636264,1.2425776393133383,1.2725125207784738,1.0
5000.0,500.0,9.0,0.9529228890718906,0.8607523830890226,0.9105398056109134,1.0
5000.0,500.0,9.0,1.2204896524245854,1.0820930311178871,1.085641034433352,1.0
5000.0,500.0,9.0,1.1377786288957288,1.0050347631510403,1.025724437646338,1.1
5000.0,500.0,9.0,1.4242048674772387,1.3962678482478867,1.4185213537724153,1.1
5000.0,500.0,9.0,1.1843408389066952,1.0963734676675203,1.122920897898534,1.1
5000.0,500.0,9.0,1.405275432678989,1.3214412996356044,1.359560859415332,1.0
5000.0,500.0,9.0,1.2089539827928908,1.1228440046189347,1.1525869519162666,1.0
5000.0,500.0,9.0,1.1528832761053212,1.0749531723696866,1.0994779611690435,1.0
5000.0,500.0,9.0,1.4743182083436142,1.4485916941783403,1.453602337810894,1.1
5000.0,500.0,9.0,1.2329728308294494,1.1137024114525589,1.146132990558471,1.1
5000.0,500.0,9.0,0.9016036068797564,0.7711803134308592,0.8135428022604396,1.1
5000.0,500.0,9.0,1.0527115047431947,0.9289721154243168,0.976922523539282,1.1
5000.0,500.0,9.0,1.4667150515890737,1.37342549873005,1.414608808714029,1.1
5000.0,500.0,9.0,1.125973461991812,1.0062553974497417,1.0330050565398206,1.1
5000.0,500.0,9.0,1.0211542703573842,0.8680457037086174,0.8747367819248293,1.1
5000.0,500.0,9.0,1.173863134189549,1.0970345761272768,1.1025968791491956,1.0
5000.0,500.0,9.0,1.12051266700358,1.0107423831417244,1.0519796543104645,1.0
5000.0,500.0,9.0,0.91585045436919,0.8082879414026327,0.8509603129184964,1.0
5000.0,500.0,9.0,1.1091718387126392,1.0403492952704796,1.0845002340955932,1.0
5000.0,500.0,9.0,1.1156670615270894,0.9918327259708204,1.0334828334392483,1.1
5000.0,500.0,9.0,1.300512310412599,1.254026519551381,1.2728155766863058,1.0
5000.0,500.0,9.0,1.3230721773407972,1.2610317395974386,1.2838797453843311,1.1
5000.0,500.0,9.0,1.2643889854402646,1.2424680499120009,1.2518419323355423,1.1
5000.0,500.0,10.0,1.0801690927778091,0.9139942605509548,0.94031527144755,1.0
5000.0,500.0,10.0,1.351109077568411,1.1925397394466946,1.2053332155998115,1.0
5000.0,500.0,10.0,1.1668388792019238,1.0176197322647105,1.03788049307827,1.0
5000.0,500.0,10.0,1.1991847069919568,1.1035855998402293,1.1436789950666109,1.0
5000.0,500.0,10.0,1.2009125110010437,1.0717038379274495,1.1109004772141895,1.1
5000.0,500.0,10.0,1.2316245399031942,1.0784716946821742,1.1128499767783708,1.1
5000.0,500.0,10.0,1.3711213440108374,1.3512609443897048,1.3701839995363363,1.1
5000.0,500.0,10.0,1.2755327009643562,1.1845991601628627,1.2106574605922444,1.0
5000.0,500.0,10.0,0.6856317188269986,0.5329334254404321,0.5860918671755035,1.1
5000.0,500.0,10.0,1.390596298371237,1.390596298371237,1.389228527759098,1.0
5000.0,500.0,10.0,1.740142134157359,1.6613320121008317,1.7006120375016265,1.1
5000.0,500.0,10.0,1.263037414368192,1.1424358610119765,1.170098016065911,1.1
5000.0,500.0,10.0,1.0336230068944765,0.8690417519761653,0.8633833249046606,1.1
5000.0,500.0,10.0,1.238582264934759,1.092249168158271,1.1199244008155629,1.1
5000.0,500.0,10.0,1.4018651518688665,1.3368968308210976,1.3673954108655304,1.0
5000.0,500.0,10.0,1.063434635630629,0.9571783845562732,0.9806708533098556,1.1
5000.0,500.0,10.0,1.047202511776133,0.9003342096518158,0.9442041369437976,1.0
5000.0,500.0,10.0,1.0395350334827462,0.9348456051212416,0.9710915481721196,1.1
5000.0,500.0,10.0,0.7832895040253318,0.6311882727379987,0.6574925219117547,1.0
5000.0,500.0,10.0,0.9086346127672406,0.7564658898113634,0.7801131974882576,1.1
5000.0,500.0,10.0,0.9245427122531128,0.7668848589671031,0.784195210027534,1.0
5000.0,500.0,10.0,1.4234812522407247,1.3756294256747814,1.396121493475415,1.1
5000.0,500.0,10.0,0.996105966425455,0.8399825283942737,0.8364499634631191,1.0
5000.0,500.0,10.0,1.0145129056907445,0.8595709019976214,0.8857853521293856,1.1
5000.0,500.0,10.0,1.0915642001212325,0.9246631745013448,0.949215835033632,1.0
5000.0,500.0,10.0,1.3821582835697548,1.3231673924862186,1.357305481949695,1.1
5000.0,500.0,10.0,1.4221565820706958,1.271550385748668,1.3051043931654156,1.0
5000.0,500.0,10.0,0.9476920989687676,0.8482361458200537,0.9043167776069888,1.0
5000.0,500.0,10.0,1.2449885026939835,1.0913607511928578,1.1011201174677367,1.0
5000.0,500.0,10.0,1.1419762543285876,0.9926273342744072,1.0162116398393113,1.1
5000.0,500.0,10.0,1.4602276305302653,1.4245946015651398,1.4523515812357826,1.1
5000.0,500.0,10.0,1.1937120432296613,1.0905963305027395,1.1238386893294865,1.1
5000.0,500.0,10.0,1.4503060363099876,1.3587463909353494,1.40134884217966,1.0
5000.0,500.0,10.0,1.2321710919921007,1.140647100277075,1.1746527299035217,1.0
5000.0,500.0,10.0,1.1698703067836906,1.088756207331755,1.113418409969427,1.0
5000.0,500.0,10.0,1.5159091203817936,1.484546674808798,1.4928914864565488,1.1
5000.0,500.0,10.0,1.2477475898104995,1.1135286713459076,1.147976576282025,1.1
5000.0,500.0,10.0,0.8795595631997293,0.732160874156516,0.7809337959934811,1.1
5000.0,500.0,10.0,1.0474572274924387,0.9076605191259854,0.9611672618732756,1.1
5000.0,500.0,10.0,1.5074611684323045,1.400923053977588,1.44758074152405,1.1
5000.0,500.0,10.0,1.1288594022131244,0.9936496665436736,1.024683955661735,1.1
5000.0,500.0,10.0,1.012393633730427,0.8421620024879677,0.8484952669381765,1.1
5000.0,500.0,10.0,1.1931812602106096,1.109457057122398,1.1188867916565295,1.0
5000.0,500.0,10.0,1.1339029633373114,1.014072197307717,1.0601303766977292,1.0
5000.0,500.0,10.0,0.9065005048546552,0.7894451778571846,0.8374032634378835,1.0
5000.0,500.0,10.0,1.121302043014044,1.0468814998713998,1.0944185136204978,1.0
5000.0,500.0,10.0,1.1174078461412102,0.9794199749805846,1.021282008486503,1.1
5000.0,500.0,10.0,1.3339025671251106,1.2822516883904236,1.3050484963257185,1.0
5000.0,500.0,10.0,1.3478579748231083,1.2761025934019246,1.302565501793289,1.1
5000.0,500.0,10.0,1.282654428266961,1.2552393102514336,1.268713258150603,1.1
